Timestamp,Spot,RSI,ATM_Strike,PCR,CE_Price,PE_Price,CE_OI,PE_OI,CE_Delta,PE_Delta,Status,PnL,Reason
09:35:04,26109.35,11,26100,0.92,80.25,67.4,153951,223860,0.5346,-0.4654,IN_POSITION_PE,138.75,Monitoring @ Rs. 67.4
09:35:13,26105.15,10,26100,0.92,79.55,68.2,153951,223860,0.5393,-0.4607,IN_POSITION_PE,198.75,Monitoring @ Rs. 68.2
09:35:21,26105.85,10,26100,0.92,80.4,67,153951,223860,0.5262,-0.4738,IN_POSITION_PE,108.75,Monitoring @ Rs. 67
09:35:30,26104.7,10,26100,0.92,79.6,68.05,153951,223860,0.5276,-0.4724,IN_POSITION_PE,187.5,Monitoring @ Rs. 68.05
09:35:38,26105.15,10,26100,0.92,79.7,67.6,153951,223860,0.5276,-0.4724,IN_POSITION_PE,153.75,Monitoring @ Rs. 67.6
09:35:44,26103.85,10,26100,0.92,78.9,68.3,153951,223860,0.5307,-0.4693,IN_POSITION_PE,206.25,Monitoring @ Rs. 68.3
09:35:52,26104.0,10,26100,0.92,80,67,153951,223860,0.5289,-0.4711,IN_POSITION_PE,108.75,Monitoring @ Rs. 67
09:36:01,26103.8,10,26100,0.92,79.55,67.85,153951,223860,0.5289,-0.4711,IN_POSITION_PE,172.5,Monitoring @ Rs. 67.85
09:36:07,26103.4,10,26100,0.92,80.35,67.2,153951,223860,0.5272,-0.4728,IN_POSITION_PE,123.75,Monitoring @ Rs. 67.2
09:36:15,26104.75,10,26100,0.92,79.15,68.3,153951,223860,0.5303,-0.4697,IN_POSITION_PE,206.25,Monitoring @ Rs. 68.3
09:36:22,26103.05,10,26100,0.92,80.1,67.35,153951,223860,0.5303,-0.4697,IN_POSITION_PE,135.0,Monitoring @ Rs. 67.35
09:36:29,26104.75,10,26100,0.92,80.7,66.6,153951,223860,0.5265,-0.4735,IN_POSITION_PE,78.75,Monitoring @ Rs. 66.6
09:36:36,26104.7,10,26100,0.92,80.25,67.35,153951,223860,0.5269,-0.4731,IN_POSITION_PE,135.0,Monitoring @ Rs. 67.35
09:36:46,26103.65,10,26100,0.92,79.25,68,153951,223860,0.5269,-0.4731,IN_POSITION_PE,183.75,Monitoring @ Rs. 68
09:36:52,26105.6,10,26100,0.92,79.8,67.4,153951,223860,0.5293,-0.4707,IN_POSITION_PE,138.75,Monitoring @ Rs. 67.4
09:36:59,26104.8,10,26100,0.92,79.65,67.9,153951,223860,0.5258,-0.4742,IN_POSITION_PE,176.25,Monitoring @ Rs. 67.9
09:37:07,26104.0,10,26100,0.92,79.85,67.6,153951,223860,0.5258,-0.4742,IN_POSITION_PE,153.75,Monitoring @ Rs. 67.6
09:37:13,26103.7,10,26100,0.9,79.1,68.4,172223,221877,0.5284,-0.4716,IN_POSITION_PE,213.75,Monitoring @ Rs. 68.4
09:37:21,26103.1,10,26100,0.9,78.7,68.35,172223,221877,0.5284,-0.4716,IN_POSITION_PE,210.0,Monitoring @ Rs. 68.35
09:37:28,26103.35,10,26100,0.9,78.85,68.6,172223,221877,0.5284,-0.4716,IN_POSITION_PE,228.75,Monitoring @ Rs. 68.6
09:37:37,26100.85,9,26100,0.9,78.4,68.9,172223,221877,0.5229,-0.4771,IN_POSITION_PE,251.25,Monitoring @ Rs. 68.9
09:37:44,26101.7,10,26100,0.9,78.75,68.3,172223,221877,0.5264,-0.4736,IN_POSITION_PE,206.25,Monitoring @ Rs. 68.3
09:37:52,26102.65,10,26100,0.9,78.65,68.45,172223,221877,0.5226,-0.4774,IN_POSITION_PE,217.5,Monitoring @ Rs. 68.45
09:37:59,26098.75,9,26100,0.9,77,70.55,172223,221877,0.5191,-0.4809,IN_POSITION_PE,375.0,Monitoring @ Rs. 70.55
09:38:06,26098.95,9,26100,0.9,78.05,69.65,172223,221877,0.5191,-0.4809,IN_POSITION_PE,307.5,Monitoring @ Rs. 69.65
09:38:14,26099.65,9,26100,0.9,78.6,69.35,172223,221877,0.5199,-0.4801,IN_POSITION_PE,285.0,Monitoring @ Rs. 69.35
09:38:22,26099.8,9,26100,0.9,78.1,69.55,172223,221877,0.5182,-0.4818,IN_POSITION_PE,300.0,Monitoring @ Rs. 69.55
09:38:29,26100.95,9,26100,0.9,78.55,69.4,172223,221877,0.5182,-0.4818,IN_POSITION_PE,288.75,Monitoring @ Rs. 69.4
09:38:38,26100.65,9,26100,0.9,79.35,68.85,172223,221877,0.5204,-0.4796,IN_POSITION_PE,247.5,Monitoring @ Rs. 68.85
09:38:45,26102.15,10,26100,0.9,79.15,69,172223,221877,0.5228,-0.4772,IN_POSITION_PE,258.75,Monitoring @ Rs. 69
09:38:54,26100.55,9,26100,0.9,77.65,70.7,172223,221877,0.5228,-0.4772,IN_POSITION_PE,386.25,Monitoring @ Rs. 70.7
09:39:02,26096.8,9,26100,0.9,77.45,70.75,172223,221877,0.5227,-0.4773,IN_POSITION_PE,390.0,Monitoring @ Rs. 70.75
09:39:09,26097.55,9,26100,0.9,77.85,70,172223,221877,0.5144,-0.4856,IN_POSITION_PE,333.75,Monitoring @ Rs. 70
09:39:16,26095.6,9,26100,0.9,77.35,70.8,172223,221877,0.5179,-0.4821,IN_POSITION_PE,393.75,Monitoring @ Rs. 70.8
09:39:24,26096.8,9,26100,0.9,77.65,70.45,172223,221877,0.5179,-0.4821,IN_POSITION_PE,367.5,Monitoring @ Rs. 70.45
09:39:32,26094.7,9,26100,0.9,77.2,71.2,172223,221877,0.5161,-0.4839,IN_POSITION_PE,423.75,Monitoring @ Rs. 71.2
09:39:38,26094.3,9,26100,0.9,77.25,71.2,172223,221877,0.5161,-0.4839,IN_POSITION_PE,423.75,Monitoring @ Rs. 71.2
09:39:47,26095.4,9,26100,0.9,77.45,70.65,172223,221877,0.5161,-0.4839,IN_POSITION_PE,382.5,Monitoring @ Rs. 70.65
09:39:55,26094.35,9,26100,0.9,76.65,71,172223,221877,0.5161,-0.4839,IN_POSITION_PE,408.75,Monitoring @ Rs. 71
09:40:03,26091.8,10,26100,0.9,75,72.75,172223,221877,0.5161,-0.4839,IN_POSITION_PE,540.0,Monitoring @ Rs. 72.75
09:40:12,26092.3,11,26100,0.87,75.7,72.55,187245,211326,0.5134,-0.4866,IN_POSITION_PE,525.0,Monitoring @ Rs. 72.55
09:40:20,26093.95,11,26100,0.87,75.55,72.4,187245,211326,0.5075,-0.4925,IN_POSITION_PE,513.75,Monitoring @ Rs. 72.4
09:40:28,26092.1,10,26100,0.87,75.45,72.8,187245,211326,0.5099,-0.4901,IN_POSITION_PE,543.75,Monitoring @ Rs. 72.8
09:40:36,26091.7,10,26100,0.87,75.4,72.5,187245,211326,0.5099,-0.4901,IN_POSITION_PE,521.25,Monitoring @ Rs. 72.5
09:40:44,26091.5,10,26100,0.87,75.85,72,187245,211326,0.5095,-0.4905,IN_POSITION_PE,483.75,Monitoring @ Rs. 72
09:40:54,26090.1,10,26100,0.87,75.1,72.25,187245,211326,0.5095,-0.4905,IN_POSITION_PE,502.5,Monitoring @ Rs. 72.25
09:41:02,26089.85,10,26100,0.87,74.65,72.95,187245,211326,0.5075,-0.4925,IN_POSITION_PE,555.0,Monitoring @ Rs. 72.95
09:41:10,26091.35,10,26100,0.87,75.8,71.95,187245,211326,0.5075,-0.4925,IN_POSITION_PE,480.0,Monitoring @ Rs. 71.95
09:41:19,26093.95,11,26100,0.87,76.95,70.2,187245,211326,0.5063,-0.4937,IN_POSITION_PE,348.75,Monitoring @ Rs. 70.2
09:41:27,26095.4,12,26100,0.87,77.9,69.8,187245,211326,0.5079,-0.4921,IN_POSITION_PE,318.75,Monitoring @ Rs. 69.8
09:41:35,26096.4,13,26100,0.87,76.7,70.85,187245,211326,0.5183,-0.4817,IN_POSITION_PE,397.5,Monitoring @ Rs. 70.85
09:41:42,26095.95,13,26100,0.87,76.4,71.2,187245,211326,0.5183,-0.4817,IN_POSITION_PE,423.75,Monitoring @ Rs. 71.2
09:41:49,26096.9,14,26100,0.87,77.85,69.75,187245,211326,0.5128,-0.4872,IN_POSITION_PE,315.0,Monitoring @ Rs. 69.75
09:41:56,26095.75,13,26100,0.87,76.95,70.8,187245,211326,0.5128,-0.4872,IN_POSITION_PE,393.75,Monitoring @ Rs. 70.8
09:42:03,26095.9,13,26100,0.87,77.35,70.2,187245,211326,0.5179,-0.4821,IN_POSITION_PE,348.75,Monitoring @ Rs. 70.2
09:42:12,26095.25,12,26100,0.87,76.65,71.35,187245,211326,0.5156,-0.4844,IN_POSITION_PE,435.0,Monitoring @ Rs. 71.35
09:42:19,26094.8,11,26100,0.87,75.2,72.55,187245,211326,0.5156,-0.4844,IN_POSITION_PE,525.0,Monitoring @ Rs. 72.55
09:42:26,26091.75,10,26100,0.87,74.9,72.9,187245,211326,0.5165,-0.4835,IN_POSITION_PE,551.25,Monitoring @ Rs. 72.9
09:42:33,26091.4,10,26100,0.87,73.9,73.85,187245,211326,0.5125,-0.4875,IN_POSITION_PE,622.5,Monitoring @ Rs. 73.85
09:42:40,26092.35,11,26100,0.87,74.05,73.7,187245,211326,0.5037,-0.4963,IN_POSITION_PE,611.25,Monitoring @ Rs. 73.7
09:42:48,26090.9,10,26100,0.87,74.6,73.2,187245,211326,0.5037,-0.4963,IN_POSITION_PE,573.75,Monitoring @ Rs. 73.2
09:42:57,26091.3,10,26100,0.87,73.8,74.55,187245,211326,0.5047,-0.4953,IN_POSITION_PE,675.0,Monitoring @ Rs. 74.55
09:43:18,26086.3,10,26100,0.84,71.75,76.5,205156,200418,0.5016,-0.4984,IN_POSITION_PE,15.0,Monitoring @ Rs. 76.5
09:43:27,26082.5,9,26100,0.84,70.65,77.05,205156,200418,0.4958,-0.5042,IN_POSITION_PE,56.25,Monitoring @ Rs. 77.05
09:43:34,26084.4,9,26100,0.84,71.55,75.9,205156,200418,0.4865,-0.5135,IN_POSITION_PE,-30.0,Monitoring @ Rs. 75.9
09:43:42,26085.1,9,26100,0.84,71,76.25,205156,200418,0.4865,-0.5135,IN_POSITION_PE,-3.75,Monitoring @ Rs. 76.25
09:43:51,26084.0,9,26100,0.84,70.7,76.85,205156,200418,0.4899,-0.5101,IN_POSITION_PE,41.25,Monitoring @ Rs. 76.85
09:43:59,26085.8,9,26100,0.84,71.4,76.1,205156,200418,0.4899,-0.5101,IN_POSITION_PE,-15.0,Monitoring @ Rs. 76.1
09:44:06,26085.8,9,26100,0.84,71.85,75.3,205156,200418,0.4899,-0.5101,IN_POSITION_PE,-75.0,Monitoring @ Rs. 75.3
09:44:13,26086.0,9,26100,0.84,71.05,76.3,205156,200418,0.4879,-0.5121,IN_POSITION_PE,0.0,Monitoring @ Rs. 76.3
09:44:23,26087.0,10,26100,0.84,70.9,76.15,205156,200418,0.4936,-0.5064,IN_POSITION_PE,-11.25,Monitoring @ Rs. 76.15
09:44:31,26088.2,10,26100,0.84,71.1,75.9,205156,200418,0.4888,-0.5112,IN_POSITION_PE,-30.0,Monitoring @ Rs. 75.9
09:44:40,26087.15,10,26100,0.84,70.65,75.95,205156,200418,0.4888,-0.5112,IN_POSITION_PE,-26.25,Monitoring @ Rs. 75.95
09:44:47,26087.1,10,26100,0.84,72.15,74.15,205156,200418,0.49,-0.51,IN_POSITION_PE,-161.25,Monitoring @ Rs. 74.15
09:44:57,26085.7,9,26100,0.84,70.6,75.15,205156,200418,0.4934,-0.5066,IN_POSITION_PE,-86.25,Monitoring @ Rs. 75.15
09:45:04,26088.65,14,26100,0.84,71.75,74.2,205156,200418,0.4894,-0.5106,IN_POSITION_PE,-157.5,Monitoring @ Rs. 74.2
09:45:11,26087.95,13,26100,0.84,72,74.1,205156,200418,0.4958,-0.5042,IN_POSITION_PE,-165.0,Monitoring @ Rs. 74.1
09:45:19,26088.9,14,26100,0.84,72.25,73.6,205156,200418,0.4968,-0.5032,IN_POSITION_PE,-202.5,Monitoring @ Rs. 73.6
09:45:28,26088.2,13,26100,0.84,72.05,74.25,205156,200418,0.4968,-0.5032,IN_POSITION_PE,-153.75,Monitoring @ Rs. 74.25
09:45:36,26088.15,13,26100,0.84,71.65,74.55,205156,200418,0.4969,-0.5031,IN_POSITION_PE,-131.25,Monitoring @ Rs. 74.55
09:45:43,26087.8,13,26100,0.84,71.6,74.55,205156,200418,0.4949,-0.5051,IN_POSITION_PE,-131.25,Monitoring @ Rs. 74.55
09:45:51,26087.85,13,26100,0.84,72.2,74.1,205156,200418,0.4932,-0.5068,IN_POSITION_PE,-165.0,Monitoring @ Rs. 74.1
09:45:59,26087.8,13,26100,0.84,72.4,74.4,205156,200418,0.4932,-0.5068,IN_POSITION_PE,-142.5,Monitoring @ Rs. 74.4
09:46:06,26089.0,14,26100,0.84,71.65,75.05,205156,200418,0.4932,-0.5068,IN_POSITION_PE,-93.75,Monitoring @ Rs. 75.05
09:46:14,26087.9,13,26100,0.82,71.05,76.25,225325,197428,0.4941,-0.5059,IN_POSITION_PE,-3.75,Monitoring @ Rs. 76.25
09:46:21,26087.05,12,26100,0.82,70.5,76.8,225325,197428,0.4941,-0.5059,IN_POSITION_PE,37.5,Monitoring @ Rs. 76.8
09:46:29,26086.15,10,26100,0.82,71.25,75.65,225325,197428,0.4943,-0.5057,IN_POSITION_PE,-48.75,Monitoring @ Rs. 75.65
09:46:36,26087.55,12,26100,0.82,71,75.8,225325,197428,0.4876,-0.5124,IN_POSITION_PE,-37.5,Monitoring @ Rs. 75.8
09:46:44,26086.55,11,26100,0.82,71,75.6,225325,197428,0.4876,-0.5124,IN_POSITION_PE,-52.5,Monitoring @ Rs. 75.6
09:46:51,26087.8,13,26100,0.82,70.45,76.4,225325,197428,0.4919,-0.5081,IN_POSITION_PE,7.5,Monitoring @ Rs. 76.4
09:46:58,26085.8,10,26100,0.82,71.35,75.45,225325,197428,0.4917,-0.5083,IN_POSITION_PE,-63.75,Monitoring @ Rs. 75.45
09:47:06,26087.25,12,26100,0.82,71.85,74.95,225325,197428,0.4917,-0.5083,IN_POSITION_PE,-101.25,Monitoring @ Rs. 74.95
09:47:13,26087.55,12,26100,0.82,71.75,75.1,225325,197428,0.4917,-0.5083,IN_POSITION_PE,-90.0,Monitoring @ Rs. 75.1
09:47:20,26088.3,13,26100,0.82,71.5,75.5,225325,197428,0.4931,-0.5069,IN_POSITION_PE,-60.0,Monitoring @ Rs. 75.5
09:47:27,26086.05,10,26100,0.82,70.9,76,225325,197428,0.4956,-0.5044,IN_POSITION_PE,-22.5,Monitoring @ Rs. 76
09:47:35,26083.7,10,26100,0.82,70.65,76.35,225325,197428,0.4931,-0.5069,IN_POSITION_PE,3.75,Monitoring @ Rs. 76.35
09:47:43,26082.7,9,26100,0.82,70.55,76.5,225325,197428,0.4894,-0.5106,IN_POSITION_PE,15.0,Monitoring @ Rs. 76.5
09:47:52,26086.4,11,26100,0.82,71.8,75,225325,197428,0.4888,-0.5112,IN_POSITION_PE,-97.5,Monitoring @ Rs. 75
09:47:59,26084.6,10,26100,0.82,70.95,76.05,225325,197428,0.4888,-0.5112,IN_POSITION_PE,-18.75,Monitoring @ Rs. 76.05
09:48:07,26084.1,10,26100,0.82,71.45,75.6,225325,197428,0.491,-0.509,IN_POSITION_PE,-52.5,Monitoring @ Rs. 75.6
09:48:14,26085.8,10,26100,0.82,71.15,75.6,225325,197428,0.4884,-0.5116,IN_POSITION_PE,-52.5,Monitoring @ Rs. 75.6
09:48:21,26085.4,10,26100,0.82,71.75,75,225325,197428,0.4884,-0.5116,IN_POSITION_PE,-97.5,Monitoring @ Rs. 75
09:48:28,26084.65,10,26100,0.82,71.35,75.65,225325,197428,0.4936,-0.5064,IN_POSITION_PE,-48.75,Monitoring @ Rs. 75.65
09:48:35,26084.6,10,26100,0.82,70.85,76.2,225325,197428,0.4936,-0.5064,IN_POSITION_PE,-7.5,Monitoring @ Rs. 76.2
09:48:43,26085.15,10,26100,0.82,70.8,76.25,225325,197428,0.4934,-0.5066,IN_POSITION_PE,-3.75,Monitoring @ Rs. 76.25
09:48:50,26086.1,10,26100,0.82,71.45,75.6,225325,197428,0.4934,-0.5066,IN_POSITION_PE,-52.5,Monitoring @ Rs. 75.6
09:48:59,26086.4,11,26100,0.82,71.6,75.2,225325,197428,0.4921,-0.5079,IN_POSITION_PE,-82.5,Monitoring @ Rs. 75.2
09:49:06,26089.0,14,26100,0.82,72.1,74.3,225325,197428,0.4922,-0.5078,IN_POSITION_PE,-150.0,Monitoring @ Rs. 74.3
09:49:14,26089.3,15,26100,0.81,72.2,74.45,232957,200248,0.4922,-0.5078,IN_POSITION_PE,-138.75,Monitoring @ Rs. 74.45
09:49:22,26090.05,15,26100,0.8,72.35,74.3,232957,200248,0.4972,-0.5028,IN_POSITION_PE,-150.0,Monitoring @ Rs. 74.3
09:49:29,26089.8,15,26100,0.8,73.05,72.8,232957,200248,0.4963,-0.5037,IN_POSITION_PE,-262.5,Monitoring @ Rs. 72.8
09:49:36,26089.45,15,26100,0.8,73.05,72.65,232957,200248,0.4985,-0.5015,IN_POSITION_PE,-273.75,Monitoring @ Rs. 72.65
09:49:44,26091.45,17,26100,0.8,72.7,73.25,232957,200248,0.5025,-0.4975,IN_POSITION_PE,-228.75,Monitoring @ Rs. 73.25
09:49:52,26091.05,17,26100,0.8,73.1,72.7,232957,200248,0.5025,-0.4975,IN_POSITION_PE,-270.0,Monitoring @ Rs. 72.7
09:49:59,26092.55,13,26100,0.8,73.35,72.2,232957,200248,0.5016,-0.4984,IN_POSITION_PE,-307.5,Monitoring @ Rs. 72.2
09:50:21,26092.7,13,26100,0.8,73.3,72.8,232957,200248,0.5029,-0.4971,IN_POSITION_PE,48.75,Monitoring @ Rs. 72.8
09:50:29,26092.2,13,26100,0.8,73.25,72.7,232957,200248,0.5039,-0.4961,IN_POSITION_PE,41.25,Monitoring @ Rs. 72.7
09:50:38,26089.55,12,26100,0.8,72.25,74.05,232957,200248,0.5013,-0.4987,IN_POSITION_PE,142.5,Monitoring @ Rs. 74.05
09:50:45,26088.25,11,26100,0.8,72.05,74.45,232957,200248,0.5013,-0.4987,IN_POSITION_PE,172.5,Monitoring @ Rs. 74.45
09:50:52,26088.55,12,26100,0.8,72,74.95,232957,200248,0.5013,-0.4987,IN_POSITION_PE,210.0,Monitoring @ Rs. 74.95
09:51:00,26087.6,11,26100,0.8,71.65,75.15,232957,200248,0.496,-0.504,IN_POSITION_PE,225.0,Monitoring @ Rs. 75.15
09:51:07,26086.7,11,26100,0.8,71.15,75.75,232957,200248,0.4966,-0.5034,IN_POSITION_PE,270.0,Monitoring @ Rs. 75.75
09:51:15,26086.05,11,26100,0.81,71,75.5,232957,200248,0.4966,-0.5034,IN_POSITION_PE,251.25,Monitoring @ Rs. 75.5
09:51:23,26086.4,11,26100,0.81,71.35,74.95,232957,200248,0.4933,-0.5067,IN_POSITION_PE,210.0,Monitoring @ Rs. 74.95
09:51:30,26086.95,11,26100,0.81,70.9,75.5,232957,200248,0.4931,-0.5069,IN_POSITION_PE,251.25,Monitoring @ Rs. 75.5
09:51:38,26085.85,11,26100,0.81,70.75,75.25,232957,200248,0.4921,-0.5079,IN_POSITION_PE,232.5,Monitoring @ Rs. 75.25
09:51:46,26083.15,11,26100,0.81,69.75,76.75,232957,200248,0.4921,-0.5079,IN_POSITION_PE,345.0,Monitoring @ Rs. 76.75
09:51:53,26083.65,11,26100,0.81,69.7,77.25,232957,200248,0.4912,-0.5088,IN_POSITION_PE,382.5,Monitoring @ Rs. 77.25
09:52:01,26081.65,10,26100,0.81,66.85,80.8,232957,200248,0.4853,-0.5147,IN_POSITION_PE,648.75,Monitoring @ Rs. 80.8
09:52:08,26081.75,10,26100,0.81,67.6,79.9,232957,200248,0.4853,-0.5147,IN_POSITION_PE,581.25,Monitoring @ Rs. 79.9
09:52:15,26080.1,10,26100,0.79,66.8,81,243222,198072,0.4779,-0.5221,IN_POSITION_PE,663.75,Monitoring @ Rs. 81
09:52:23,26080.45,10,26100,0.79,67.8,79.65,243222,198072,0.4707,-0.5293,IN_POSITION_PE,562.5,Monitoring @ Rs. 79.65
09:52:30,26080.65,10,26100,0.79,67.25,80.5,243222,198072,0.4707,-0.5293,IN_POSITION_PE,626.25,Monitoring @ Rs. 80.5
09:52:36,26079.65,10,26100,0.79,67.7,80.1,243222,198072,0.4713,-0.5287,IN_POSITION_PE,596.25,Monitoring @ Rs. 80.1
09:52:44,26079.05,10,26100,0.79,66.65,81.4,243222,198072,0.4744,-0.5256,IN_POSITION_PE,693.75,Monitoring @ Rs. 81.4
09:52:50,26078.05,10,26100,0.79,66.7,81.25,243222,198072,0.4744,-0.5256,IN_POSITION_PE,682.5,Monitoring @ Rs. 81.25
09:52:57,26078.15,10,26100,0.79,66.9,81.4,243222,198072,0.4703,-0.5297,IN_POSITION_PE,693.75,Monitoring @ Rs. 81.4
09:54:31,26079.85,10,26100,0.79,67.45,80.4,243222,198072,0.4717,-0.5283,IN_POSITION_PE,63.75,Monitoring @ Rs. 80.4
09:54:38,26080.2,10,26100,0.79,67.45,80.55,243222,198072,0.476,-0.524,IN_POSITION_PE,75.0,Monitoring @ Rs. 80.55
09:54:45,26079.2,10,26100,0.79,67.2,80.55,243222,198072,0.473,-0.527,IN_POSITION_PE,75.0,Monitoring @ Rs. 80.55
09:54:52,26080.65,10,26100,0.79,67.6,79.8,243222,198072,0.4742,-0.5258,IN_POSITION_PE,18.75,Monitoring @ Rs. 79.8
09:54:58,26081.55,11,26100,0.79,67.9,80,243222,198072,0.4742,-0.5258,IN_POSITION_PE,33.75,Monitoring @ Rs. 80
09:55:05,26083.75,14,26100,0.79,67.9,79.15,243222,198072,0.4743,-0.5257,IN_POSITION_PE,-30.0,Monitoring @ Rs. 79.15
09:55:13,26082.6,13,26100,0.79,68.45,78.85,243222,198072,0.478,-0.522,IN_POSITION_PE,-52.5,Monitoring @ Rs. 78.85
09:55:20,26082.95,13,26100,0.77,67.45,80.05,253717,187610,0.478,-0.522,IN_POSITION_PE,37.5,Monitoring @ Rs. 80.05
09:55:27,26080.2,10,26100,0.77,67.45,80.2,253717,187610,0.4775,-0.5225,IN_POSITION_PE,48.75,Monitoring @ Rs. 80.2
09:55:34,26080.3,10,26100,0.77,67.95,79.8,253717,187610,0.4743,-0.5257,IN_POSITION_PE,18.75,Monitoring @ Rs. 79.8
09:55:42,26080.75,11,26100,0.77,67.4,80.35,253717,187610,0.4775,-0.5225,IN_POSITION_PE,60.0,Monitoring @ Rs. 80.35
09:55:49,26080.5,10,26100,0.77,67.6,80.45,253717,187610,0.4743,-0.5257,IN_POSITION_PE,67.5,Monitoring @ Rs. 80.45
09:55:56,26080.5,10,26100,0.77,67.95,80.5,253717,187610,0.4753,-0.5247,IN_POSITION_PE,71.25,Monitoring @ Rs. 80.5
09:56:03,26081.15,11,26100,0.77,67.6,80.65,253717,187610,0.4751,-0.5249,IN_POSITION_PE,82.5,Monitoring @ Rs. 80.65
09:56:10,26080.45,10,26100,0.77,67.65,80.65,253717,187610,0.4751,-0.5249,IN_POSITION_PE,82.5,Monitoring @ Rs. 80.65
09:56:17,26083.1,13,26100,0.77,68.05,79.95,253717,187610,0.4735,-0.5265,IN_POSITION_PE,30.0,Monitoring @ Rs. 79.95
09:56:26,26082.85,13,26100,0.77,68.25,79.65,253717,187610,0.475,-0.525,IN_POSITION_PE,7.5,Monitoring @ Rs. 79.65
09:56:33,26082.8,13,26100,0.77,68.45,79.05,253717,187610,0.475,-0.525,IN_POSITION_PE,-37.5,Monitoring @ Rs. 79.05
09:56:41,26084.5,15,26100,0.77,68.65,79,253717,187610,0.4768,-0.5232,IN_POSITION_PE,-41.25,Monitoring @ Rs. 79
09:56:48,26083.25,13,26100,0.77,67.5,80.4,253717,187610,0.4786,-0.5214,IN_POSITION_PE,63.75,Monitoring @ Rs. 80.4
09:56:55,26082.75,13,26100,0.77,67.55,80.7,253717,187610,0.4786,-0.5214,IN_POSITION_PE,86.25,Monitoring @ Rs. 80.7
09:57:01,26081.85,12,26100,0.77,68,79.75,253717,187610,0.4728,-0.5272,IN_POSITION_PE,15.0,Monitoring @ Rs. 79.75
09:57:08,26082.7,13,26100,0.77,68.05,79.6,253717,187610,0.4745,-0.5255,IN_POSITION_PE,3.75,Monitoring @ Rs. 79.6
09:57:15,26082.65,13,26100,0.77,68.15,79.75,253717,187610,0.4745,-0.5255,IN_POSITION_PE,15.0,Monitoring @ Rs. 79.75
09:57:22,26082.65,13,26100,0.77,68.4,79.3,253717,187610,0.472,-0.528,IN_POSITION_PE,-18.75,Monitoring @ Rs. 79.3
09:57:30,26085.15,15,26100,0.77,68.25,79.3,253717,187610,0.4764,-0.5236,IN_POSITION_PE,-18.75,Monitoring @ Rs. 79.3
09:57:37,26085.05,15,26100,0.77,68.25,79.25,253717,187610,0.4764,-0.5236,IN_POSITION_PE,-22.5,Monitoring @ Rs. 79.25
09:57:44,26084.6,15,26100,0.77,68.6,78.55,253717,187610,0.4785,-0.5215,IN_POSITION_PE,-75.0,Monitoring @ Rs. 78.55
09:57:52,26083.65,14,26100,0.77,68.05,79.35,253717,187610,0.4772,-0.5228,IN_POSITION_PE,-15.0,Monitoring @ Rs. 79.35
09:57:59,26085.55,16,26100,0.77,68.2,79.4,253717,187610,0.4772,-0.5228,IN_POSITION_PE,-11.25,Monitoring @ Rs. 79.4
09:58:07,26084.9,15,26100,0.77,68.75,78,253717,187610,0.4781,-0.5219,IN_POSITION_PE,-116.25,Monitoring @ Rs. 78
09:58:14,26084.55,15,26100,0.77,68.7,78,253717,187610,0.4815,-0.5185,IN_POSITION_PE,-116.25,Monitoring @ Rs. 78
09:58:20,26089.45,19,26100,0.76,69.35,77,258400,186342,0.4815,-0.5185,IN_POSITION_PE,-191.25,Monitoring @ Rs. 77
09:58:27,26087.25,17,26100,0.76,69,77.7,258400,186342,0.4839,-0.5161,IN_POSITION_PE,-138.75,Monitoring @ Rs. 77.7
09:58:34,26088.95,19,26100,0.76,69.35,76.9,258400,186342,0.4839,-0.5161,IN_POSITION_PE,-198.75,Monitoring @ Rs. 76.9
09:58:42,26088.6,19,26100,0.76,69.5,76.9,258400,186342,0.4824,-0.5176,IN_POSITION_PE,-198.75,Monitoring @ Rs. 76.9
09:58:49,26091.95,22,26100,0.76,70.2,75.75,258400,186342,0.4848,-0.5152,IN_POSITION_PE,-285.0,Monitoring @ Rs. 75.75
09:58:56,26091.45,21,26100,0.76,70.15,75.65,258400,186342,0.4881,-0.5119,IN_POSITION_PE,-292.5,Monitoring @ Rs. 75.65
09:59:03,26092.1,22,26100,0.76,70.3,75.9,258400,186342,0.4881,-0.5119,IN_POSITION_PE,-273.75,Monitoring @ Rs. 75.9
09:59:09,26092.05,22,26100,0.76,70.5,75.65,258400,186342,0.4881,-0.5119,IN_POSITION_PE,-292.5,Monitoring @ Rs. 75.65
09:59:18,26091.3,21,26100,0.76,70.6,75.25,258400,186342,0.4895,-0.5105,IN_POSITION_PE,-322.5,Monitoring @ Rs. 75.25
09:59:40,26093.45,23,26100,0.76,71.75,74.1,258400,186342,0.4944,-0.5056,IN_POSITION_PE,67.5,Monitoring @ Rs. 74.1
09:59:47,26094.1,23,26100,0.76,71.45,74.35,258400,186342,0.4953,-0.5047,IN_POSITION_PE,86.25,Monitoring @ Rs. 74.35
09:59:55,26090.2,20,26100,0.76,70.9,75.35,258400,186342,0.4953,-0.5047,IN_POSITION_PE,161.25,Monitoring @ Rs. 75.35
10:00:03,26091.75,21,26100,0.76,71.4,74.95,258400,186342,0.4913,-0.5087,IN_POSITION_PE,131.25,Monitoring @ Rs. 74.95
10:00:11,26091.2,21,26100,0.76,71.25,75.4,258400,186342,0.4913,-0.5087,IN_POSITION_PE,165.0,Monitoring @ Rs. 75.4
10:00:19,26091.65,21,26100,0.76,70.85,75.5,258400,186342,0.4913,-0.5087,IN_POSITION_PE,172.5,Monitoring @ Rs. 75.5
10:00:27,26090.35,20,26100,0.76,70.75,75.65,258400,186342,0.4915,-0.5085,IN_POSITION_PE,183.75,Monitoring @ Rs. 75.65
10:00:34,26089.25,20,26100,0.76,69.85,77,258400,186342,0.4906,-0.5094,IN_POSITION_PE,285.0,Monitoring @ Rs. 77
10:00:42,26087.2,20,26100,0.76,70.4,76.45,258400,186342,0.4906,-0.5094,IN_POSITION_PE,243.75,Monitoring @ Rs. 76.45
10:00:50,26086.1,19,26100,0.76,70,76.65,258400,186342,0.4863,-0.5137,IN_POSITION_PE,258.75,Monitoring @ Rs. 76.65
10:00:58,26086.75,20,26100,0.76,69.4,77.1,258400,186342,0.4863,-0.5137,IN_POSITION_PE,292.5,Monitoring @ Rs. 77.1
10:01:06,26085.0,19,26100,0.76,68.5,78.3,258400,186342,0.4867,-0.5133,IN_POSITION_PE,382.5,Monitoring @ Rs. 78.3
10:01:14,26085.55,19,26100,0.76,69.1,77.75,258400,186342,0.4835,-0.5165,IN_POSITION_PE,341.25,Monitoring @ Rs. 77.75
10:01:22,26084.55,19,26100,0.76,68.4,78.65,263444,192604,0.48,-0.52,IN_POSITION_PE,408.75,Monitoring @ Rs. 78.65
10:01:30,26084.15,19,26100,0.76,68.05,78.8,263444,192604,0.48,-0.52,IN_POSITION_PE,420.0,Monitoring @ Rs. 78.8
10:01:37,26083.8,19,26100,0.76,67.4,79.8,263444,192604,0.4809,-0.5191,IN_POSITION_PE,495.0,Monitoring @ Rs. 79.8
10:01:45,26084.4,19,26100,0.76,68.5,78.45,263444,192604,0.4749,-0.5251,IN_POSITION_PE,393.75,Monitoring @ Rs. 78.45
10:01:52,26085.2,19,26100,0.76,68.25,78.65,263444,192604,0.4749,-0.5251,IN_POSITION_PE,408.75,Monitoring @ Rs. 78.65
10:02:00,26084.65,19,26100,0.76,68.8,77.9,263444,192604,0.4801,-0.5199,IN_POSITION_PE,352.5,Monitoring @ Rs. 77.9
10:02:07,26085.25,19,26100,0.76,68.65,78,263444,192604,0.4829,-0.5171,IN_POSITION_PE,360.0,Monitoring @ Rs. 78
10:02:14,26085.8,19,26100,0.76,69.15,77.15,263444,192604,0.4829,-0.5171,IN_POSITION_PE,296.25,Monitoring @ Rs. 77.15
10:02:23,26085.5,19,26100,0.76,69.3,76.95,263444,192604,0.4813,-0.5187,IN_POSITION_PE,281.25,Monitoring @ Rs. 76.95
10:02:32,26086.65,20,26100,0.76,69.15,77,263444,192604,0.4847,-0.5153,IN_POSITION_PE,285.0,Monitoring @ Rs. 77
10:02:39,26084.0,19,26100,0.76,68.45,77.75,263444,192604,0.4827,-0.5173,IN_POSITION_PE,341.25,Monitoring @ Rs. 77.75
10:02:47,26084.35,19,26100,0.76,68,78.25,263444,192604,0.4827,-0.5173,IN_POSITION_PE,378.75,Monitoring @ Rs. 78.25
10:02:55,26080.9,18,26100,0.76,67.55,79.15,263444,192604,0.4816,-0.5184,IN_POSITION_PE,446.25,Monitoring @ Rs. 79.15
10:03:03,26082.2,19,26100,0.76,67.9,78.65,263444,192604,0.4797,-0.5203,IN_POSITION_PE,408.75,Monitoring @ Rs. 78.65
10:03:10,26082.0,19,26100,0.76,68.6,78,263444,192604,0.4797,-0.5203,IN_POSITION_PE,360.0,Monitoring @ Rs. 78
10:03:18,26084.55,19,26100,0.76,69,77.35,263444,192604,0.4795,-0.5205,IN_POSITION_PE,311.25,Monitoring @ Rs. 77.35
10:03:25,26084.05,19,26100,0.76,69.05,77.1,263444,192604,0.4809,-0.5191,IN_POSITION_PE,292.5,Monitoring @ Rs. 77.1
10:03:34,26088.05,20,26100,0.76,70.5,75.05,263444,192604,0.484,-0.516,IN_POSITION_PE,138.75,Monitoring @ Rs. 75.05
10:03:42,26087.85,20,26100,0.76,70.7,74.85,263444,192604,0.484,-0.516,IN_POSITION_PE,123.75,Monitoring @ Rs. 74.85
10:03:50,26088.55,20,26100,0.76,71,74.6,263444,192604,0.4931,-0.5069,IN_POSITION_PE,105.0,Monitoring @ Rs. 74.6
10:03:58,26087.55,20,26100,0.76,70.2,75.75,263444,192604,0.4934,-0.5066,IN_POSITION_PE,191.25,Monitoring @ Rs. 75.75
10:04:05,26087.9,20,26100,0.76,70.85,74.7,263444,192604,0.4901,-0.5099,IN_POSITION_PE,112.5,Monitoring @ Rs. 74.7
10:04:13,26088.75,20,26100,0.76,71.45,74.5,263444,192604,0.4932,-0.5068,IN_POSITION_PE,97.5,Monitoring @ Rs. 74.5
10:04:21,26088.35,20,26100,0.77,72.15,73.05,266103,196755,0.4932,-0.5068,IN_POSITION_PE,-11.25,Monitoring @ Rs. 73.05
10:04:28,26087.8,20,26100,0.77,72.05,72.95,266103,196755,0.4977,-0.5023,IN_POSITION_PE,-18.75,Monitoring @ Rs. 72.95
10:04:36,26091.75,21,26100,0.77,72.55,72.25,266103,196755,0.4977,-0.5023,IN_POSITION_PE,-71.25,Monitoring @ Rs. 72.25
10:04:43,26091.85,22,26100,0.77,72.6,72.35,266103,196755,0.4984,-0.5016,IN_POSITION_PE,-63.75,Monitoring @ Rs. 72.35
10:04:52,26094.05,23,26100,0.77,73.2,71.1,266103,196755,0.5025,-0.4975,IN_POSITION_PE,-157.5,Monitoring @ Rs. 71.1
10:04:59,26095.4,25,26100,0.77,73.95,70.6,266103,196755,0.5025,-0.4975,IN_POSITION_PE,-195.0,Monitoring @ Rs. 70.6
10:05:07,26094.1,24,26100,0.77,73.9,70.7,266103,196755,0.5058,-0.4942,IN_POSITION_PE,-187.5,Monitoring @ Rs. 70.7
10:05:15,26095.8,25,26100,0.77,74.25,69.9,266103,196755,0.5073,-0.4927,IN_POSITION_PE,-247.5,Monitoring @ Rs. 69.9
10:05:22,26095.65,25,26100,0.77,73.2,71.6,266103,196755,0.5073,-0.4927,IN_POSITION_PE,-120.0,Monitoring @ Rs. 71.6
10:05:29,26091.7,23,26100,0.77,72.6,72,266103,196755,0.5077,-0.4923,IN_POSITION_PE,-90.0,Monitoring @ Rs. 72
10:05:37,26091.15,23,26100,0.77,72.8,72.05,266103,196755,0.5027,-0.4973,IN_POSITION_PE,-86.25,Monitoring @ Rs. 72.05
10:05:45,26092.5,23,26100,0.77,72.9,72.4,266103,196755,0.5018,-0.4982,IN_POSITION_PE,-60.0,Monitoring @ Rs. 72.4
10:05:53,26092.6,23,26100,0.77,73.05,71.55,266103,196755,0.5018,-0.4982,IN_POSITION_PE,-123.75,Monitoring @ Rs. 71.55
10:06:00,26095.0,24,26100,0.77,73.1,71.95,266103,196755,0.5028,-0.4972,IN_POSITION_PE,-93.75,Monitoring @ Rs. 71.95
10:06:08,26095.5,25,26100,0.77,74.05,70.7,266103,196755,0.5036,-0.4964,IN_POSITION_PE,-187.5,Monitoring @ Rs. 70.7
10:06:16,26095.7,25,26100,0.77,74.05,70.35,266103,196755,0.5036,-0.4964,IN_POSITION_PE,-213.75,Monitoring @ Rs. 70.35
10:06:24,26096.8,26,26100,0.77,74.45,70,266103,196755,0.5078,-0.4922,IN_POSITION_PE,-240.0,Monitoring @ Rs. 70
10:06:32,26097.85,26,26100,0.77,74.85,69.7,266103,196755,0.5097,-0.4903,IN_POSITION_PE,-262.5,Monitoring @ Rs. 69.7
10:06:43,26097.15,26,26100,0.77,74.5,70.25,266103,196755,0.5127,-0.4873,IN_POSITION_PE,-221.25,Monitoring @ Rs. 70.25
10:06:52,26098.5,27,26100,0.77,74.45,70.3,266103,196755,0.5087,-0.4913,IN_POSITION_PE,-217.5,Monitoring @ Rs. 70.3
10:06:59,26098.1,27,26100,0.77,74,70.55,266103,196755,0.5087,-0.4913,IN_POSITION_PE,-198.75,Monitoring @ Rs. 70.55
10:07:07,26096.85,26,26100,0.77,73.7,70.85,266103,196755,0.5099,-0.4901,IN_POSITION_PE,-176.25,Monitoring @ Rs. 70.85
10:07:15,26096.6,25,26100,0.77,73.05,71.85,266103,196755,0.5099,-0.4901,IN_POSITION_PE,-101.25,Monitoring @ Rs. 71.85
10:07:23,26096.05,25,26100,0.78,73,71.85,265139,200900,0.5099,-0.4901,IN_POSITION_PE,-101.25,Monitoring @ Rs. 71.85
10:07:31,26094.8,24,26100,0.78,73.2,71.65,265139,200900,0.5039,-0.4961,IN_POSITION_PE,-116.25,Monitoring @ Rs. 71.65
10:07:39,26095.65,25,26100,0.78,72.95,72,265139,200900,0.5039,-0.4961,IN_POSITION_PE,-90.0,Monitoring @ Rs. 72
10:07:46,26095.2,24,26100,0.78,73.2,71.9,265139,200900,0.5039,-0.4961,IN_POSITION_PE,-97.5,Monitoring @ Rs. 71.9
10:07:55,26096.6,25,26100,0.78,72.75,72.15,265139,200900,0.5041,-0.4959,IN_POSITION_PE,-78.75,Monitoring @ Rs. 72.15
10:08:03,26097.4,26,26100,0.78,73.4,71.5,265139,200900,0.5041,-0.4959,IN_POSITION_PE,-127.5,Monitoring @ Rs. 71.5
10:08:10,26097.25,26,26100,0.78,73.7,70.95,265139,200900,0.5041,-0.4959,IN_POSITION_PE,-168.75,Monitoring @ Rs. 70.95
10:08:17,26099.05,27,26100,0.78,74.45,70.4,265139,200900,0.5038,-0.4962,IN_POSITION_PE,-210.0,Monitoring @ Rs. 70.4
10:08:25,26098.55,27,26100,0.78,74.4,70.15,265139,200900,0.5105,-0.4895,IN_POSITION_PE,-228.75,Monitoring @ Rs. 70.15
10:08:32,26099.25,27,26100,0.78,74.7,70,265139,200900,0.5105,-0.4895,IN_POSITION_PE,-240.0,Monitoring @ Rs. 70
10:08:41,26101.3,29,26100,0.78,75.9,68.3,265139,200900,0.5105,-0.4895,IN_POSITION_PE,-367.5,Monitoring @ Rs. 68.3
10:08:48,26100.45,28,26100,0.78,74.45,69.7,265139,200900,0.5117,-0.4883,IN_POSITION_PE,-262.5,Monitoring @ Rs. 69.7
10:08:56,26099.25,27,26100,0.78,73.8,70.45,265139,200900,0.5181,-0.4819,IN_POSITION_PE,-206.25,Monitoring @ Rs. 70.45
10:09:03,26097.35,26,26100,0.78,73.55,71.05,265139,200900,0.5087,-0.4913,IN_POSITION_PE,-161.25,Monitoring @ Rs. 71.05
10:09:11,26095.4,25,26100,0.78,73.6,71,265139,200900,0.5087,-0.4913,IN_POSITION_PE,-165.0,Monitoring @ Rs. 71
10:09:18,26098.3,27,26100,0.78,73.05,71.4,265139,200900,0.5059,-0.4941,IN_POSITION_PE,-135.0,Monitoring @ Rs. 71.4
10:09:26,26096.3,25,26100,0.78,72.25,72.35,265139,200900,0.5063,-0.4937,IN_POSITION_PE,-63.75,Monitoring @ Rs. 72.35
10:09:34,26095.4,25,26100,0.78,71.3,72.95,265139,200900,0.5014,-0.4986,IN_POSITION_PE,-18.75,Monitoring @ Rs. 72.95
10:09:42,26093.85,24,26100,0.78,72.1,72.5,265139,200900,0.499,-0.501,IN_POSITION_PE,-52.5,Monitoring @ Rs. 72.5
10:09:50,26093.2,24,26100,0.78,72.15,72.5,265139,200900,0.499,-0.501,IN_POSITION_PE,-52.5,Monitoring @ Rs. 72.5
10:09:57,26090.95,23,26100,0.78,71.35,73.15,265139,200900,0.5017,-0.4983,IN_POSITION_PE,-3.75,Monitoring @ Rs. 73.15
10:10:06,26091.1,23,26100,0.78,71.45,73.15,265139,200900,0.4976,-0.5024,IN_POSITION_PE,-3.75,Monitoring @ Rs. 73.15
10:10:14,26092.15,24,26100,0.78,71.1,73.6,265139,200900,0.4976,-0.5024,IN_POSITION_PE,30.0,Monitoring @ Rs. 73.6
10:10:21,26090.1,23,26100,0.79,72.3,72.75,257157,206551,0.4978,-0.5022,IN_POSITION_PE,-33.75,Monitoring @ Rs. 72.75
10:10:29,26092.45,24,26100,0.79,72.65,72.2,257157,206551,0.4978,-0.5022,IN_POSITION_PE,-75.0,Monitoring @ Rs. 72.2
10:10:38,26090.95,23,26100,0.79,71.1,74.15,257157,206551,0.4982,-0.5018,IN_POSITION_PE,71.25,Monitoring @ Rs. 74.15
10:10:45,26088.75,23,26100,0.79,70,74.95,257157,206551,0.5038,-0.4962,IN_POSITION_PE,131.25,Monitoring @ Rs. 74.95
10:10:53,26087.75,22,26100,0.79,70.15,74.95,257157,206551,0.4909,-0.5091,IN_POSITION_PE,131.25,Monitoring @ Rs. 74.95
10:11:01,26085.65,22,26100,0.79,69.3,75.7,257157,206551,0.4909,-0.5091,IN_POSITION_PE,187.5,Monitoring @ Rs. 75.7
10:11:08,26088.25,22,26100,0.79,70.15,75.4,257157,206551,0.4907,-0.5093,IN_POSITION_PE,165.0,Monitoring @ Rs. 75.4
10:11:16,26088.65,23,26100,0.79,71,74.4,257157,206551,0.4909,-0.5091,IN_POSITION_PE,90.0,Monitoring @ Rs. 74.4
10:11:23,26088.35,22,26100,0.79,71.65,74,257157,206551,0.4909,-0.5091,IN_POSITION_PE,60.0,Monitoring @ Rs. 74
10:11:31,26089.75,23,26100,0.79,72.3,73.4,257157,206551,0.4944,-0.5056,IN_POSITION_PE,15.0,Monitoring @ Rs. 73.4
10:11:39,26090.45,23,26100,0.79,72.5,72.85,257157,206551,0.4966,-0.5034,IN_POSITION_PE,-26.25,Monitoring @ Rs. 72.85
10:11:48,26090.75,23,26100,0.79,72,73.5,257157,206551,0.4966,-0.5034,IN_POSITION_PE,22.5,Monitoring @ Rs. 73.5
10:11:55,26089.55,23,26100,0.79,71.8,73.7,257157,206551,0.5008,-0.4992,IN_POSITION_PE,37.5,Monitoring @ Rs. 73.7
10:12:03,26090.3,23,26100,0.79,71.65,73.75,257157,206551,0.5004,-0.4996,IN_POSITION_PE,41.25,Monitoring @ Rs. 73.75
10:12:10,26089.25,23,26100,0.79,70.85,74.65,257157,206551,0.5004,-0.4996,IN_POSITION_PE,108.75,Monitoring @ Rs. 74.65
10:12:18,26089.9,23,26100,0.79,71.7,73.9,257157,206551,0.4978,-0.5022,IN_POSITION_PE,52.5,Monitoring @ Rs. 73.9
10:12:25,26089.5,23,26100,0.79,71.45,73.9,257157,206551,0.4939,-0.5061,IN_POSITION_PE,52.5,Monitoring @ Rs. 73.9
10:12:33,26086.5,22,26100,0.79,71.25,74,257157,206551,0.497,-0.503,IN_POSITION_PE,60.0,Monitoring @ Rs. 74
10:12:41,26088.65,23,26100,0.79,71,74.05,257157,206551,0.497,-0.503,IN_POSITION_PE,63.75,Monitoring @ Rs. 74.05
10:12:49,26087.5,22,26100,0.79,71.6,73.5,257157,206551,0.4956,-0.5044,IN_POSITION_PE,22.5,Monitoring @ Rs. 73.5
10:12:56,26090.7,23,26100,0.79,73.15,71.8,257157,206551,0.4958,-0.5042,IN_POSITION_PE,-105.0,Monitoring @ Rs. 71.8
10:13:05,26091.7,24,26100,0.79,73.4,71.75,257157,206551,0.4958,-0.5042,IN_POSITION_PE,-108.75,Monitoring @ Rs. 71.75
10:13:14,26093.4,25,26100,0.79,73.6,71.35,257157,206551,0.506,-0.494,IN_POSITION_PE,-138.75,Monitoring @ Rs. 71.35
10:13:22,26093.4,25,26100,0.8,74.1,70.4,252713,214456,0.5063,-0.4937,IN_POSITION_PE,-210.0,Monitoring @ Rs. 70.4
10:13:29,26094.3,26,26100,0.8,74.2,70.25,252713,214456,0.505,-0.495,IN_POSITION_PE,-221.25,Monitoring @ Rs. 70.25
10:13:38,26093.1,25,26100,0.8,73.65,70.95,252713,214456,0.511,-0.489,IN_POSITION_PE,-168.75,Monitoring @ Rs. 70.95
10:13:46,26091.3,23,26100,0.8,73.1,71.6,252713,214456,0.511,-0.489,IN_POSITION_PE,-120.0,Monitoring @ Rs. 71.6
10:13:54,26092.85,25,26100,0.8,73.85,70.85,252713,214456,0.51,-0.49,IN_POSITION_PE,-176.25,Monitoring @ Rs. 70.85
10:14:02,26091.8,24,26100,0.8,73.4,71.35,252713,214456,0.5059,-0.4941,IN_POSITION_PE,-138.75,Monitoring @ Rs. 71.35
10:14:10,26089.4,23,26100,0.8,73,71.65,252713,214456,0.5059,-0.4941,IN_POSITION_PE,-116.25,Monitoring @ Rs. 71.65
10:14:17,26089.1,23,26100,0.8,72.95,71.9,252713,214456,0.5081,-0.4919,IN_POSITION_PE,-97.5,Monitoring @ Rs. 71.9
10:14:25,26091.0,23,26100,0.8,72.55,72.2,252713,214456,0.5059,-0.4941,IN_POSITION_PE,-75.0,Monitoring @ Rs. 72.2
10:14:33,26087.95,22,26100,0.8,72.85,71.8,252713,214456,0.5059,-0.4941,IN_POSITION_PE,-105.0,Monitoring @ Rs. 71.8
10:14:40,26092.0,24,26100,0.8,73.2,71.4,252713,214456,0.5023,-0.4977,IN_POSITION_PE,-135.0,Monitoring @ Rs. 71.4
10:14:49,26090.4,23,26100,0.8,72.35,72.25,252713,214456,0.5044,-0.4956,IN_POSITION_PE,-71.25,Monitoring @ Rs. 72.25
10:14:57,26090.5,23,26100,0.8,71.1,73,252713,214456,0.5033,-0.4967,IN_POSITION_PE,-15.0,Monitoring @ Rs. 73
10:15:04,26090.0,23,26100,0.8,71.5,72.95,252713,214456,0.5033,-0.4967,IN_POSITION_PE,-18.75,Monitoring @ Rs. 72.95
10:15:11,26087.7,23,26100,0.8,71.8,72.45,252713,214456,0.5011,-0.4989,IN_POSITION_PE,-56.25,Monitoring @ Rs. 72.45
10:15:18,26088.2,23,26100,0.8,70.5,73.85,252713,214456,0.4997,-0.5003,IN_POSITION_PE,48.75,Monitoring @ Rs. 73.85
10:15:25,26086.05,22,26100,0.8,70.75,73.85,252713,214456,0.4958,-0.5042,IN_POSITION_PE,48.75,Monitoring @ Rs. 73.85
10:15:33,26087.25,22,26100,0.8,70.85,73.7,252713,214456,0.4958,-0.5042,IN_POSITION_PE,37.5,Monitoring @ Rs. 73.7
10:15:40,26086.95,22,26100,0.8,71.25,73.25,252713,214456,0.4945,-0.5055,IN_POSITION_PE,3.75,Monitoring @ Rs. 73.25
10:15:48,26087.0,22,26100,0.8,70.75,73.6,252713,214456,0.4969,-0.5031,IN_POSITION_PE,30.0,Monitoring @ Rs. 73.6
10:15:55,26086.05,22,26100,0.8,70.75,73.75,252713,214456,0.4969,-0.5031,IN_POSITION_PE,41.25,Monitoring @ Rs. 73.75
10:16:03,26087.6,23,26100,0.8,71.9,72.45,252713,214456,0.4966,-0.5034,IN_POSITION_PE,-56.25,Monitoring @ Rs. 72.45
10:16:12,26087.7,23,26100,0.8,72.2,72,252713,214456,0.4948,-0.5052,IN_POSITION_PE,-90.0,Monitoring @ Rs. 72
10:16:20,26088.15,23,26100,0.8,72.2,72.05,252713,214456,0.4948,-0.5052,IN_POSITION_PE,-86.25,Monitoring @ Rs. 72.05
10:16:28,26087.9,23,26100,0.8,72.7,71.45,253971,220760,0.5006,-0.4994,IN_POSITION_PE,-131.25,Monitoring @ Rs. 71.45
10:16:36,26089.0,23,26100,0.8,72.4,71.8,253971,220760,0.5027,-0.4973,IN_POSITION_PE,-105.0,Monitoring @ Rs. 71.8
10:16:44,26091.95,24,26100,0.8,72.3,71.75,253971,220760,0.5027,-0.4973,IN_POSITION_PE,-108.75,Monitoring @ Rs. 71.75
10:16:52,26090.15,23,26100,0.8,72.1,72.15,253971,220760,0.5039,-0.4961,IN_POSITION_PE,-78.75,Monitoring @ Rs. 72.15
10:16:59,26091.05,23,26100,0.8,71.9,72.15,253971,220760,0.5037,-0.4963,IN_POSITION_PE,-78.75,Monitoring @ Rs. 72.15
10:17:07,26089.8,23,26100,0.8,71.5,72.6,253971,220760,0.5037,-0.4963,IN_POSITION_PE,-45.0,Monitoring @ Rs. 72.6
10:17:14,26090.2,23,26100,0.8,71.45,72.5,253971,220760,0.5014,-0.4986,IN_POSITION_PE,-52.5,Monitoring @ Rs. 72.5
10:17:22,26089.7,23,26100,0.8,71.6,72.35,253971,220760,0.4995,-0.5005,IN_POSITION_PE,-63.75,Monitoring @ Rs. 72.35
10:17:30,26087.65,23,26100,0.8,70.85,73.4,253971,220760,0.4999,-0.5001,IN_POSITION_PE,15.0,Monitoring @ Rs. 73.4
10:17:38,26087.35,23,26100,0.8,70.6,73.6,253971,220760,0.4999,-0.5001,IN_POSITION_PE,30.0,Monitoring @ Rs. 73.6
10:17:45,26087.2,22,26100,0.8,70.5,73.7,253971,220760,0.4968,-0.5032,IN_POSITION_PE,37.5,Monitoring @ Rs. 73.7
10:17:53,26086.05,22,26100,0.8,71.35,72.8,253971,220760,0.4947,-0.5053,IN_POSITION_PE,-30.0,Monitoring @ Rs. 72.8
10:18:00,26086.95,22,26100,0.8,70.7,73.3,253971,220760,0.4962,-0.5038,IN_POSITION_PE,7.5,Monitoring @ Rs. 73.3
10:18:08,26089.0,23,26100,0.8,71.2,72.95,253971,220760,0.4974,-0.5026,IN_POSITION_PE,-18.75,Monitoring @ Rs. 72.95
10:18:16,26089.05,23,26100,0.8,71.8,72.3,253971,220760,0.4974,-0.5026,IN_POSITION_PE,-67.5,Monitoring @ Rs. 72.3
10:18:23,26087.4,23,26100,0.8,71.7,72.25,253971,220760,0.4974,-0.5026,IN_POSITION_PE,-71.25,Monitoring @ Rs. 72.25
10:18:31,26089.4,23,26100,0.8,71.55,72.35,253971,220760,0.5008,-0.4992,IN_POSITION_PE,-63.75,Monitoring @ Rs. 72.35
10:18:38,26088.35,23,26100,0.8,71.1,72.95,253971,220760,0.5014,-0.4986,IN_POSITION_PE,-18.75,Monitoring @ Rs. 72.95
10:18:45,26088.15,23,26100,0.8,70.6,73.35,253971,220760,0.5014,-0.4986,IN_POSITION_PE,11.25,Monitoring @ Rs. 73.35
10:18:53,26087.05,22,26100,0.8,70.45,73.65,253971,220760,0.4996,-0.5004,IN_POSITION_PE,33.75,Monitoring @ Rs. 73.65
10:19:00,26088.7,23,26100,0.8,71.45,72.8,253971,220760,0.4962,-0.5038,IN_POSITION_PE,-30.0,Monitoring @ Rs. 72.8
10:19:08,26086.8,22,26100,0.8,71.95,71.85,253971,220760,0.4982,-0.5018,IN_POSITION_PE,-101.25,Monitoring @ Rs. 71.85
10:19:16,26091.4,23,26100,0.8,72.3,71.5,253971,220760,0.4982,-0.5018,IN_POSITION_PE,-127.5,Monitoring @ Rs. 71.5
10:19:24,26091.0,23,26100,0.8,71.75,72.3,257217,220656,0.5007,-0.4993,IN_POSITION_PE,-67.5,Monitoring @ Rs. 72.3
10:19:31,26088.45,23,26100,0.8,71.35,72.7,257217,220656,0.5043,-0.4957,IN_POSITION_PE,-37.5,Monitoring @ Rs. 72.7
10:19:39,26089.1,23,26100,0.8,71.4,72.9,257217,220656,0.5006,-0.4994,IN_POSITION_PE,-22.5,Monitoring @ Rs. 72.9
10:19:47,26089.3,23,26100,0.8,71.15,73.15,257217,220656,0.5006,-0.4994,IN_POSITION_PE,-3.75,Monitoring @ Rs. 73.15
10:19:54,26090.8,23,26100,0.8,71.25,72.7,257217,220656,0.4993,-0.5007,IN_POSITION_PE,-37.5,Monitoring @ Rs. 72.7
10:20:03,26088.9,23,26100,0.8,71.2,72.65,257217,220656,0.4987,-0.5013,IN_POSITION_PE,-41.25,Monitoring @ Rs. 72.65
10:20:10,26089.0,23,26100,0.8,71.1,72.85,257217,220656,0.4987,-0.5013,IN_POSITION_PE,-26.25,Monitoring @ Rs. 72.85
10:20:17,26087.8,23,26100,0.8,70.55,73.6,257217,220656,0.4977,-0.5023,IN_POSITION_PE,30.0,Monitoring @ Rs. 73.6
10:20:25,26087.5,23,26100,0.8,70.85,73.15,257217,220656,0.4977,-0.5023,IN_POSITION_PE,-3.75,Monitoring @ Rs. 73.15
10:20:33,26085.6,22,26100,0.8,71,73.15,257217,220656,0.4969,-0.5031,IN_POSITION_PE,-3.75,Monitoring @ Rs. 73.15
10:20:40,26088.4,23,26100,0.8,70.9,72.8,257217,220656,0.4972,-0.5028,IN_POSITION_PE,-30.0,Monitoring @ Rs. 72.8
10:20:48,26088.25,23,26100,0.8,71.4,72.4,257217,220656,0.4982,-0.5018,IN_POSITION_PE,-60.0,Monitoring @ Rs. 72.4
10:20:56,26087.55,23,26100,0.8,70.8,72.8,257217,220656,0.4982,-0.5018,IN_POSITION_PE,-30.0,Monitoring @ Rs. 72.8
10:21:03,26087.55,23,26100,0.8,69.9,73.6,257217,220656,0.4991,-0.5009,IN_POSITION_PE,30.0,Monitoring @ Rs. 73.6
10:21:11,26085.9,22,26100,0.8,70.35,73.05,257217,220656,0.4958,-0.5042,IN_POSITION_PE,-11.25,Monitoring @ Rs. 73.05
10:21:19,26088.6,23,26100,0.8,70,73.55,257217,220656,0.4958,-0.5042,IN_POSITION_PE,26.25,Monitoring @ Rs. 73.55
10:21:27,26088.65,23,26100,0.8,70.25,73.3,257217,220656,0.4932,-0.5068,IN_POSITION_PE,7.5,Monitoring @ Rs. 73.3
10:21:35,26086.75,22,26100,0.8,70.6,72.75,257217,220656,0.4974,-0.5026,IN_POSITION_PE,-33.75,Monitoring @ Rs. 72.75
10:21:42,26087.95,23,26100,0.8,71.65,72.05,257217,220656,0.4949,-0.5051,IN_POSITION_PE,-86.25,Monitoring @ Rs. 72.05
10:21:49,26090.35,24,26100,0.8,71.55,71.85,257217,220656,0.5023,-0.4977,IN_POSITION_PE,-101.25,Monitoring @ Rs. 71.85
10:21:57,26088.5,23,26100,0.8,71.25,72,257217,220656,0.5023,-0.4977,IN_POSITION_PE,-90.0,Monitoring @ Rs. 72
10:22:05,26088.7,23,26100,0.8,70.8,72.35,257217,220656,0.5007,-0.4993,IN_POSITION_PE,-63.75,Monitoring @ Rs. 72.35
10:22:13,26086.05,22,26100,0.8,70.15,73.25,257217,220656,0.4979,-0.5021,IN_POSITION_PE,3.75,Monitoring @ Rs. 73.25
10:22:22,26086.3,22,26100,0.8,70.2,73.25,257217,220656,0.4979,-0.5021,IN_POSITION_PE,3.75,Monitoring @ Rs. 73.25
10:22:29,26085.9,22,26100,0.8,70.1,73.35,261789,222369,0.4943,-0.5057,IN_POSITION_PE,11.25,Monitoring @ Rs. 73.35
10:22:37,26084.2,22,26100,0.8,70.4,73,261789,222369,0.4943,-0.5057,IN_POSITION_PE,-15.0,Monitoring @ Rs. 73
10:22:44,26084.4,22,26100,0.8,69.45,74.05,261789,222369,0.4952,-0.5048,IN_POSITION_PE,63.75,Monitoring @ Rs. 74.05
10:22:52,26083.2,22,26100,0.8,68.75,74.9,261789,222369,0.4954,-0.5046,IN_POSITION_PE,127.5,Monitoring @ Rs. 74.9
10:23:00,26082.55,21,26100,0.8,69.2,74.5,261789,222369,0.4903,-0.5097,IN_POSITION_PE,97.5,Monitoring @ Rs. 74.5
10:23:07,26082.45,21,26100,0.8,69.6,74.1,261789,222369,0.4903,-0.5097,IN_POSITION_PE,67.5,Monitoring @ Rs. 74.1
10:23:14,26083.55,22,26100,0.8,69.2,74.3,261789,222369,0.4904,-0.5096,IN_POSITION_PE,82.5,Monitoring @ Rs. 74.3
10:23:22,26079.95,21,26100,0.8,68.65,74.75,261789,222369,0.4925,-0.5075,IN_POSITION_PE,116.25,Monitoring @ Rs. 74.75
10:23:29,26082.85,22,26100,0.8,68.25,75.25,261789,222369,0.4925,-0.5075,IN_POSITION_PE,153.75,Monitoring @ Rs. 75.25
10:23:36,26078.5,21,26100,0.8,67.35,76.25,261789,222369,0.4898,-0.5102,IN_POSITION_PE,228.75,Monitoring @ Rs. 76.25
10:23:43,26080.15,21,26100,0.8,68.75,74.9,261789,222369,0.4827,-0.5173,IN_POSITION_PE,127.5,Monitoring @ Rs. 74.9
10:23:51,26081.1,21,26100,0.8,69.7,74.15,261789,222369,0.4827,-0.5173,IN_POSITION_PE,71.25,Monitoring @ Rs. 74.15
10:23:58,26081.3,21,26100,0.8,69.6,74.1,261789,222369,0.4879,-0.5121,IN_POSITION_PE,67.5,Monitoring @ Rs. 74.1
10:24:05,26082.2,21,26100,0.8,69.4,74.4,261789,222369,0.492,-0.508,IN_POSITION_PE,90.0,Monitoring @ Rs. 74.4
10:24:12,26081.4,21,26100,0.8,69.1,74.75,261789,222369,0.492,-0.508,IN_POSITION_PE,116.25,Monitoring @ Rs. 74.75
10:24:19,26083.25,22,26100,0.8,69.1,74.55,261789,222369,0.4915,-0.5085,IN_POSITION_PE,101.25,Monitoring @ Rs. 74.55
10:24:26,26080.75,21,26100,0.8,69.25,74.35,261789,222369,0.4915,-0.5085,IN_POSITION_PE,86.25,Monitoring @ Rs. 74.35
10:24:34,26081.75,21,26100,0.8,69.2,74.55,261789,222369,0.4902,-0.5098,IN_POSITION_PE,101.25,Monitoring @ Rs. 74.55
10:24:40,26080.75,21,26100,0.8,69.2,74.35,261789,222369,0.4908,-0.5092,IN_POSITION_PE,86.25,Monitoring @ Rs. 74.35
10:24:47,26081.25,21,26100,0.8,69.35,74.05,261789,222369,0.4908,-0.5092,IN_POSITION_PE,63.75,Monitoring @ Rs. 74.05
10:24:54,26081.6,21,26100,0.8,68.85,74.75,261789,222369,0.4906,-0.5094,IN_POSITION_PE,116.25,Monitoring @ Rs. 74.75
10:25:01,26082.6,25,26100,0.8,68.85,74.55,261789,222369,0.4907,-0.5093,IN_POSITION_PE,101.25,Monitoring @ Rs. 74.55
10:25:08,26080.7,24,26100,0.8,68.8,74.8,261789,222369,0.4907,-0.5093,IN_POSITION_PE,120.0,Monitoring @ Rs. 74.8
10:25:15,26080.7,24,26100,0.8,68.9,74.75,261789,222369,0.4895,-0.5105,IN_POSITION_PE,116.25,Monitoring @ Rs. 74.75
10:25:23,26080.65,24,26100,0.8,68.55,75.1,261789,222369,0.4887,-0.5113,IN_POSITION_PE,142.5,Monitoring @ Rs. 75.1
10:25:30,26079.25,23,26100,0.79,68.65,74.9,264890,219750,0.4887,-0.5113,IN_POSITION_PE,127.5,Monitoring @ Rs. 74.9
10:25:37,26081.65,24,26100,0.79,69.1,74.75,264890,219750,0.4862,-0.5138,IN_POSITION_PE,116.25,Monitoring @ Rs. 74.75
10:25:45,26081.45,24,26100,0.79,69.35,74.6,264890,219750,0.4896,-0.5104,IN_POSITION_PE,105.0,Monitoring @ Rs. 74.6
10:25:53,26081.85,24,26100,0.79,69.65,74.25,264890,219750,0.4916,-0.5084,IN_POSITION_PE,78.75,Monitoring @ Rs. 74.25
10:26:01,26082.95,25,26100,0.79,69.15,74.4,264890,219750,0.4914,-0.5086,IN_POSITION_PE,90.0,Monitoring @ Rs. 74.4
10:26:09,26082.25,24,26100,0.79,69.85,74,264890,219750,0.4916,-0.5084,IN_POSITION_PE,60.0,Monitoring @ Rs. 74
10:26:17,26082.75,25,26100,0.79,70,73.5,264890,219750,0.4934,-0.5066,IN_POSITION_PE,22.5,Monitoring @ Rs. 73.5
10:26:25,26083.65,25,26100,0.79,69.85,73.8,264890,219750,0.4934,-0.5066,IN_POSITION_PE,45.0,Monitoring @ Rs. 73.8
10:26:33,26082.55,25,26100,0.79,69.8,73.8,264890,219750,0.4945,-0.5055,IN_POSITION_PE,45.0,Monitoring @ Rs. 73.8
10:26:40,26082.65,25,26100,0.79,68.95,74.65,264890,219750,0.4927,-0.5073,IN_POSITION_PE,108.75,Monitoring @ Rs. 74.65
10:26:48,26082.4,24,26100,0.79,68.95,75,264890,219750,0.4927,-0.5073,IN_POSITION_PE,135.0,Monitoring @ Rs. 75
10:26:56,26081.75,24,26100,0.79,69.2,74.75,264890,219750,0.4897,-0.5103,IN_POSITION_PE,116.25,Monitoring @ Rs. 74.75
10:27:03,26083.25,25,26100,0.79,69.5,74.4,264890,219750,0.4889,-0.5111,IN_POSITION_PE,90.0,Monitoring @ Rs. 74.4
10:27:11,26081.85,24,26100,0.79,69.2,74.5,264890,219750,0.4889,-0.5111,IN_POSITION_PE,97.5,Monitoring @ Rs. 74.5
10:27:18,26082.75,25,26100,0.79,70.05,73.45,264890,219750,0.4901,-0.5099,IN_POSITION_PE,18.75,Monitoring @ Rs. 73.45
10:27:26,26085.3,27,26100,0.79,70.35,73.2,264890,219750,0.4923,-0.5077,IN_POSITION_PE,0.0,Monitoring @ Rs. 73.2
10:27:34,26084.9,26,26100,0.79,70.4,73.15,264890,219750,0.4923,-0.5077,IN_POSITION_PE,-3.75,Monitoring @ Rs. 73.15
10:27:41,26083.95,26,26100,0.79,69.9,73.25,264890,219750,0.4932,-0.5068,IN_POSITION_PE,3.75,Monitoring @ Rs. 73.25
10:27:49,26085.1,26,26100,0.79,70.05,73.3,264890,219750,0.4932,-0.5068,IN_POSITION_PE,7.5,Monitoring @ Rs. 73.3
10:27:56,26084.95,26,26100,0.79,69.75,73.5,264890,219750,0.4932,-0.5068,IN_POSITION_PE,22.5,Monitoring @ Rs. 73.5
10:28:05,26084.3,26,26100,0.79,69.55,74.1,264890,219750,0.494,-0.506,IN_POSITION_PE,67.5,Monitoring @ Rs. 74.1
10:28:13,26084.65,26,26100,0.79,69.75,73.65,264890,219750,0.4933,-0.5067,IN_POSITION_PE,33.75,Monitoring @ Rs. 73.65
10:28:21,26083.45,25,26100,0.79,69.65,74,264890,219750,0.4933,-0.5067,IN_POSITION_PE,60.0,Monitoring @ Rs. 74
10:28:29,26083.15,25,26100,0.79,69.4,73.95,268163,219531,0.4927,-0.5073,IN_POSITION_PE,56.25,Monitoring @ Rs. 73.95
10:28:36,26084.15,26,26100,0.79,70.8,72.2,268163,219531,0.4927,-0.5073,IN_POSITION_PE,-75.0,Monitoring @ Rs. 72.2
10:28:44,26086.25,27,26100,0.79,70.35,72.9,268163,219531,0.4925,-0.5075,IN_POSITION_PE,-22.5,Monitoring @ Rs. 72.9
10:28:51,26086.45,27,26100,0.79,71.6,71.5,268163,219531,0.4925,-0.5075,IN_POSITION_PE,-127.5,Monitoring @ Rs. 71.5
10:29:00,26087.45,28,26100,0.79,71.7,71.7,268163,219531,0.4986,-0.5014,IN_POSITION_PE,-112.5,Monitoring @ Rs. 71.7
10:29:08,26088.1,29,26100,0.79,71.6,71.7,268163,219531,0.4979,-0.5021,IN_POSITION_PE,-112.5,Monitoring @ Rs. 71.7
10:29:16,26088.65,29,26100,0.79,71.65,71.7,268163,219531,0.5015,-0.4985,IN_POSITION_PE,-112.5,Monitoring @ Rs. 71.7
10:29:24,26089.85,30,26100,0.79,72.65,70.05,268163,219531,0.5015,-0.4985,IN_POSITION_PE,-236.25,Monitoring @ Rs. 70.05
10:29:31,26089.9,30,26100,0.79,73.15,69.65,268163,219531,0.5016,-0.4984,IN_POSITION_PE,-266.25,Monitoring @ Rs. 69.65
10:29:55,26091.75,31,26100,0.79,73.8,68.5,268163,219531,0.5111,-0.4889,IN_POSITION_PE,-48.75,Monitoring @ Rs. 68.5
10:30:03,26093.55,32,26100,0.79,73.6,68.55,268163,219531,0.5111,-0.4889,IN_POSITION_PE,-45.0,Monitoring @ Rs. 68.55
10:30:11,26092.95,31,26100,0.79,73.5,68.4,268163,219531,0.5131,-0.4869,IN_POSITION_PE,-56.25,Monitoring @ Rs. 68.4
10:30:19,26093.05,31,26100,0.79,73.9,68.25,268163,219531,0.511,-0.489,IN_POSITION_PE,-67.5,Monitoring @ Rs. 68.25
10:30:26,26092.85,31,26100,0.79,73.3,69.15,268163,219531,0.5118,-0.4882,IN_POSITION_PE,0.0,Monitoring @ Rs. 69.15
10:30:34,26092.7,31,26100,0.79,73.35,69.15,268163,219531,0.5118,-0.4882,IN_POSITION_PE,0.0,Monitoring @ Rs. 69.15
10:30:41,26090.85,30,26100,0.79,72.45,70,268163,219531,0.5118,-0.4882,IN_POSITION_PE,63.75,Monitoring @ Rs. 70
10:30:49,26091.3,30,26100,0.79,71.9,70.8,268163,219531,0.5105,-0.4895,IN_POSITION_PE,123.75,Monitoring @ Rs. 70.8
10:30:56,26092.0,31,26100,0.79,72.3,70.25,268163,219531,0.508,-0.492,IN_POSITION_PE,82.5,Monitoring @ Rs. 70.25
10:31:04,26091.55,30,26100,0.79,73.1,69.65,268163,219531,0.508,-0.492,IN_POSITION_PE,37.5,Monitoring @ Rs. 69.65
10:31:11,26091.6,30,26100,0.79,72.45,70.2,268163,219531,0.508,-0.492,IN_POSITION_PE,78.75,Monitoring @ Rs. 70.2
10:31:18,26091.55,30,26100,0.79,72.75,69.5,268163,219531,0.508,-0.492,IN_POSITION_PE,26.25,Monitoring @ Rs. 69.5
10:31:26,26091.25,30,26100,0.79,72.65,69.7,268521,218938,0.508,-0.492,IN_POSITION_PE,41.25,Monitoring @ Rs. 69.7
10:31:33,26093.65,32,26100,0.79,73.7,68.65,268521,218938,0.5086,-0.4914,IN_POSITION_PE,-37.5,Monitoring @ Rs. 68.65
10:31:40,26092.95,31,26100,0.79,73.85,68.65,268521,218938,0.5086,-0.4914,IN_POSITION_PE,-37.5,Monitoring @ Rs. 68.65
10:31:47,26096.25,33,26100,0.79,74.1,68.4,268521,218938,0.5132,-0.4868,IN_POSITION_PE,-56.25,Monitoring @ Rs. 68.4
10:31:55,26094.9,32,26100,0.79,73.5,68.65,268521,218938,0.514,-0.486,IN_POSITION_PE,-37.5,Monitoring @ Rs. 68.65
10:32:02,26093.6,32,26100,0.79,72.9,69.2,268521,218938,0.514,-0.486,IN_POSITION_PE,3.75,Monitoring @ Rs. 69.2
10:32:09,26093.45,32,26100,0.79,73.05,69.05,268521,218938,0.5115,-0.4885,IN_POSITION_PE,-7.5,Monitoring @ Rs. 69.05
10:32:16,26092.15,31,26100,0.79,71.4,70.5,268521,218938,0.5121,-0.4879,IN_POSITION_PE,101.25,Monitoring @ Rs. 70.5
10:32:24,26091.45,30,26100,0.79,71.35,70.9,268521,218938,0.5121,-0.4879,IN_POSITION_PE,131.25,Monitoring @ Rs. 70.9
10:32:31,26088.9,30,26100,0.79,70.85,70.65,268521,218938,0.5037,-0.4963,IN_POSITION_PE,112.5,Monitoring @ Rs. 70.65
10:32:39,26089.85,30,26100,0.79,72.05,70.1,268521,218938,0.5037,-0.4963,IN_POSITION_PE,71.25,Monitoring @ Rs. 70.1
10:32:47,26090.85,30,26100,0.79,71.65,70.15,268521,218938,0.5028,-0.4972,IN_POSITION_PE,75.0,Monitoring @ Rs. 70.15
10:32:54,26090.1,30,26100,0.79,72.3,70,268521,218938,0.5028,-0.4972,IN_POSITION_PE,63.75,Monitoring @ Rs. 70
10:33:02,26092.9,31,26100,0.79,72.65,69.5,268521,218938,0.5053,-0.4947,IN_POSITION_PE,26.25,Monitoring @ Rs. 69.5
10:33:11,26091.85,31,26100,0.79,72.95,69.25,268521,218938,0.5083,-0.4917,IN_POSITION_PE,7.5,Monitoring @ Rs. 69.25
10:33:18,26093.15,31,26100,0.79,73.4,68.65,268521,218938,0.5087,-0.4913,IN_POSITION_PE,-37.5,Monitoring @ Rs. 68.65
10:33:25,26093.85,32,26100,0.79,73.5,68.8,268521,218938,0.5087,-0.4913,IN_POSITION_PE,-26.25,Monitoring @ Rs. 68.8
10:33:33,26094.2,32,26100,0.79,73,69.15,268521,218938,0.5126,-0.4874,IN_POSITION_PE,0.0,Monitoring @ Rs. 69.15
10:33:41,26093.6,32,26100,0.79,72.85,69.2,268521,218938,0.5136,-0.4864,IN_POSITION_PE,3.75,Monitoring @ Rs. 69.2
10:33:49,26092.95,31,26100,0.79,73.1,68.95,268521,218938,0.5136,-0.4864,IN_POSITION_PE,-15.0,Monitoring @ Rs. 68.95
10:33:56,26091.5,30,26100,0.79,72.85,69.1,268521,218938,0.5086,-0.4914,IN_POSITION_PE,-3.75,Monitoring @ Rs. 69.1
10:34:04,26091.15,30,26100,0.79,72.65,69.7,268521,218938,0.5111,-0.4889,IN_POSITION_PE,41.25,Monitoring @ Rs. 69.7
10:34:11,26090.5,30,26100,0.79,72.7,69.3,268521,218938,0.5111,-0.4889,IN_POSITION_PE,11.25,Monitoring @ Rs. 69.3
10:34:19,26091.4,30,26100,0.79,72,70.1,268521,218938,0.5102,-0.4898,IN_POSITION_PE,71.25,Monitoring @ Rs. 70.1
10:34:27,26091.15,30,26100,0.79,71.6,70.4,270423,221944,0.5092,-0.4908,IN_POSITION_PE,93.75,Monitoring @ Rs. 70.4
10:34:35,26090.5,30,26100,0.8,71.75,70.4,270423,221944,0.5081,-0.4919,IN_POSITION_PE,93.75,Monitoring @ Rs. 70.4
10:34:43,26089.75,30,26100,0.8,71.8,70.35,270423,221944,0.5059,-0.4941,IN_POSITION_PE,90.0,Monitoring @ Rs. 70.35
10:34:50,26090.3,30,26100,0.79,71.2,70.85,270423,221944,0.5052,-0.4948,IN_POSITION_PE,127.5,Monitoring @ Rs. 70.85
10:34:58,26089.1,29,26100,0.79,71.4,70.45,270423,221944,0.5052,-0.4948,IN_POSITION_PE,97.5,Monitoring @ Rs. 70.45
10:35:05,26088.95,29,26100,0.79,70.8,71,270423,221944,0.5043,-0.4957,IN_POSITION_PE,138.75,Monitoring @ Rs. 71
10:35:13,26088.85,29,26100,0.79,70.85,70.85,270423,221944,0.5018,-0.4982,IN_POSITION_PE,127.5,Monitoring @ Rs. 70.85
10:35:20,26088.35,29,26100,0.79,70.55,71.4,270423,221944,0.5018,-0.4982,IN_POSITION_PE,168.75,Monitoring @ Rs. 71.4
10:35:28,26087.85,29,26100,0.79,70.65,71.3,270423,221944,0.5024,-0.4976,IN_POSITION_PE,161.25,Monitoring @ Rs. 71.3
10:35:35,26088.5,29,26100,0.79,70.85,71.3,270423,221944,0.4997,-0.5003,IN_POSITION_PE,161.25,Monitoring @ Rs. 71.3
10:35:42,26089.7,29,26100,0.79,70.7,71.15,270423,221944,0.4997,-0.5003,IN_POSITION_PE,150.0,Monitoring @ Rs. 71.15
10:35:49,26091.0,30,26100,0.79,71.65,70.25,270423,221944,0.5015,-0.4985,IN_POSITION_PE,82.5,Monitoring @ Rs. 70.25
10:35:57,26089.5,29,26100,0.79,71.7,70.2,270423,221944,0.5036,-0.4964,IN_POSITION_PE,78.75,Monitoring @ Rs. 70.2
10:36:04,26091.25,30,26100,0.79,71.65,70.4,270423,221944,0.5036,-0.4964,IN_POSITION_PE,93.75,Monitoring @ Rs. 70.4
10:36:11,26089.55,29,26100,0.79,71.85,70,270423,221944,0.5045,-0.4955,IN_POSITION_PE,63.75,Monitoring @ Rs. 70
10:36:20,26091.8,30,26100,0.79,72.6,69.15,270423,221944,0.5052,-0.4948,IN_POSITION_PE,0.0,Monitoring @ Rs. 69.15
10:36:27,26091.35,30,26100,0.79,72.35,69.3,270423,221944,0.5052,-0.4948,IN_POSITION_PE,11.25,Monitoring @ Rs. 69.3
10:36:35,26092.3,31,26100,0.79,72.5,69.35,270423,221944,0.5087,-0.4913,IN_POSITION_PE,15.0,Monitoring @ Rs. 69.35
10:36:42,26091.75,30,26100,0.79,72.7,69.05,270423,221944,0.5087,-0.4913,IN_POSITION_PE,-7.5,Monitoring @ Rs. 69.05
10:36:50,26091.95,30,26100,0.79,72.4,69.4,270423,221944,0.5087,-0.4913,IN_POSITION_PE,18.75,Monitoring @ Rs. 69.4
10:36:58,26091.85,30,26100,0.79,72.8,69.3,270423,221944,0.509,-0.491,IN_POSITION_PE,11.25,Monitoring @ Rs. 69.3
10:37:06,26092.3,31,26100,0.79,72.95,69,270423,221944,0.509,-0.491,IN_POSITION_PE,-11.25,Monitoring @ Rs. 69
10:37:13,26092.25,31,26100,0.79,72,70.2,270423,221944,0.5089,-0.4911,IN_POSITION_PE,78.75,Monitoring @ Rs. 70.2
10:37:22,26091.6,30,26100,0.79,71.45,70.75,270423,221944,0.5109,-0.4891,IN_POSITION_PE,120.0,Monitoring @ Rs. 70.75
10:37:31,26089.55,29,26100,0.8,71.1,70.85,271469,223858,0.5077,-0.4923,IN_POSITION_PE,127.5,Monitoring @ Rs. 70.85
10:37:38,26090.2,29,26100,0.8,71.4,70.5,271469,223858,0.5077,-0.4923,IN_POSITION_PE,101.25,Monitoring @ Rs. 70.5
10:37:45,26090.65,30,26100,0.8,71.45,70.4,271469,223858,0.5026,-0.4974,IN_POSITION_PE,93.75,Monitoring @ Rs. 70.4
10:37:53,26089.45,29,26100,0.8,70.6,70.9,271469,223858,0.5062,-0.4938,IN_POSITION_PE,131.25,Monitoring @ Rs. 70.9
10:38:00,26087.8,29,26100,0.8,70.95,70.95,271469,223858,0.5032,-0.4968,IN_POSITION_PE,135.0,Monitoring @ Rs. 70.95
10:38:08,26088.7,29,26100,0.8,70.5,71.1,271469,223858,0.5025,-0.4975,IN_POSITION_PE,146.25,Monitoring @ Rs. 71.1
10:38:15,26089.8,29,26100,0.8,70.55,71.2,271469,223858,0.5025,-0.4975,IN_POSITION_PE,153.75,Monitoring @ Rs. 71.2
10:38:22,26087.25,29,26100,0.8,70.4,71.35,271469,223858,0.5002,-0.4998,IN_POSITION_PE,165.0,Monitoring @ Rs. 71.35
10:38:29,26085.95,28,26100,0.8,70.6,71.1,271469,223858,0.5008,-0.4992,IN_POSITION_PE,146.25,Monitoring @ Rs. 71.1
10:38:38,26086.1,28,26100,0.8,70.6,71.4,271469,223858,0.5008,-0.4992,IN_POSITION_PE,168.75,Monitoring @ Rs. 71.4
10:38:46,26085.05,28,26100,0.8,69.6,72.2,271469,223858,0.5,-0.5,IN_POSITION_PE,228.75,Monitoring @ Rs. 72.2
10:38:53,26086.35,28,26100,0.8,70.3,71.45,271469,223858,0.4971,-0.5029,IN_POSITION_PE,172.5,Monitoring @ Rs. 71.45
10:39:01,26085.4,28,26100,0.8,70.85,71.3,271469,223858,0.4971,-0.5029,IN_POSITION_PE,161.25,Monitoring @ Rs. 71.3
10:39:08,26085.95,28,26100,0.8,70.85,71.3,271469,223858,0.4995,-0.5005,IN_POSITION_PE,161.25,Monitoring @ Rs. 71.3
10:39:15,26086.45,28,26100,0.8,70.9,71.3,271469,223858,0.501,-0.499,IN_POSITION_PE,161.25,Monitoring @ Rs. 71.3
10:39:23,26086.6,28,26100,0.8,70.95,70.8,271469,223858,0.501,-0.499,IN_POSITION_PE,123.75,Monitoring @ Rs. 70.8
10:39:30,26086.65,28,26100,0.8,71.2,70.7,271469,223858,0.503,-0.497,IN_POSITION_PE,116.25,Monitoring @ Rs. 70.7
10:39:38,26087.65,29,26100,0.8,72.15,69.7,271469,223858,0.5028,-0.4972,IN_POSITION_PE,41.25,Monitoring @ Rs. 69.7
10:39:46,26089.35,29,26100,0.8,73.25,68.25,271469,223858,0.5028,-0.4972,IN_POSITION_PE,-67.5,Monitoring @ Rs. 68.25
10:39:54,26091.35,30,26100,0.8,74.15,67.85,271469,223858,0.5063,-0.4937,IN_POSITION_PE,-97.5,Monitoring @ Rs. 67.85
10:40:00,26093.45,40,26100,0.8,74.4,67.2,271469,223858,0.5063,-0.4937,IN_POSITION_PE,-146.25,Monitoring @ Rs. 67.2
10:40:09,26093.0,40,26100,0.8,74.25,67.25,271469,223858,0.5139,-0.4861,IN_POSITION_PE,-142.5,Monitoring @ Rs. 67.25
10:40:17,26093.95,40,26100,0.8,75,66.1,271469,223858,0.5174,-0.4826,IN_POSITION_PE,-228.75,Monitoring @ Rs. 66.1
10:40:25,26094.4,41,26100,0.8,74.15,67.05,271469,223858,0.5174,-0.4826,IN_POSITION_PE,-157.5,Monitoring @ Rs. 67.05
10:40:32,26093.4,40,26100,0.8,73.25,68.2,266800,224018,0.5235,-0.4765,IN_POSITION_PE,-71.25,Monitoring @ Rs. 68.2
10:40:39,26092.35,40,26100,0.8,73.2,68.45,266800,224018,0.5188,-0.4812,IN_POSITION_PE,-52.5,Monitoring @ Rs. 68.45
10:41:12,0.0,50,False,0.0,0,0.0,0,0,0,0,0,0,SCANNING_NEUTRAL,0,Waiting for entry
10:41:18,0.0,50,False,0.0,0,0.0,0,0,0,0,0,0,SCANNING_NEUTRAL,0,Waiting for entry
10:45:37,0.0,50,False,26107.0,0,0.0,0,0,0,0,0,0,SCANNING_NEUTRAL,0,Waiting for entry
10:45:44,0.0,50,False,26106.77,0,0.0,0,0,0,0,0,0,SCANNING_NEUTRAL,0,Waiting for entry
10:45:50,0.0,50,False,26106.03,0,0.0,0,0,0,0,0,0,SCANNING_NEUTRAL,0,Waiting for entry
10:45:56,0.0,50,False,26105.27,0,0.0,0,0,0,0,0,0,SCANNING_NEUTRAL,0,Waiting for entry
10:46:02,0.0,50,False,26105.22,0,0.0,0,0,0,0,0,0,SCANNING_NEUTRAL,0,Waiting for entry
10:46:08,0.0,50,False,26105.21,0,0.0,0,0,0,0,0,0,SCANNING_NEUTRAL,0,Waiting for entry
10:46:15,0.0,50,False,26105.19,0,0.0,0,0,0,0,0,0,SCANNING_NEUTRAL,0,Waiting for entry
10:46:22,0.0,50,False,26105.24,0,0.0,0,0,0,0,0,0,SCANNING_NEUTRAL,0,Waiting for entry
10:46:29,0.0,50,False,26105.22,0,0.0,0,0,0,0,0,0,SCANNING_NEUTRAL,0,Waiting for entry
10:46:35,0.0,50,False,26105.15,0,0.0,0,0,0,0,0,0,SCANNING_NEUTRAL,0,Waiting for entry
10:55:30,0.0,50,False,0.0,0,0.0,0,0,0,0,0,0,SCANNING_NEUTRAL_EARLY,0,Waiting for entry (EARLY mode)
10:55:36,0.0,50,False,0.0,0,0.0,0,0,0,0,0,0,SCANNING_NEUTRAL_EARLY,0,Waiting for entry (EARLY mode)
10:55:42,0.0,50,False,0.0,0,0.0,0,0,0,0,0,0,SCANNING_NEUTRAL_EARLY,0,Waiting for entry (EARLY mode)
10:55:49,0.0,50,False,0.0,0,0.0,0,0,0,0,0,0,SCANNING_NEUTRAL_EARLY,0,Waiting for entry (EARLY mode)
10:55:55,0.0,50,False,0.0,0,0.0,0,0,0,0,0,0,SCANNING_NEUTRAL_EARLY,0,Waiting for entry (EARLY mode)
10:56:01,0.0,50,False,0.0,0,0.0,0,0,0,0,0,0,SCANNING_NEUTRAL_EARLY,0,Waiting for entry (EARLY mode)
