datetime,open,high,low,close,volume,oi
2025-12-17T09:15:00,381.65,381.65,362.65,375.0,3525.0,
2025-12-17T09:16:00,377.0,395.15,374.95,395.15,2775.0,227.0
2025-12-17T09:17:00,397.15,399.2,392.75,395.35,2400.0,
2025-12-17T09:18:00,392.5,395.65,392.0,395.65,1125.0,
2025-12-17T09:19:00,396.3,396.3,393.5,393.5,825.0,242.0
2025-12-17T09:20:00,394.0,394.0,386.4,394.0,525.0,
2025-12-17T09:21:00,400.0,404.85,399.9,403.2,1275.0,
2025-12-17T09:22:00,403.65,421.7,403.65,421.7,3600.0,240.0
2025-12-17T09:23:00,421.6,421.6,416.8,417.25,1650.0,
2025-12-17T09:24:00,415.85,430.25,415.85,424.0,4500.0,
2025-12-17T09:25:00,424.55,425.8,420.0,420.0,7050.0,269.0
2025-12-17T09:26:00,420.05,421.25,420.05,421.25,2100.0,
2025-12-17T09:27:00,423.9,424.45,423.9,424.45,525.0,
2025-12-17T09:28:00,421.25,423.5,420.1,423.5,5700.0,265.0
2025-12-17T09:29:00,421.25,421.25,415.3,415.3,225.0,
2025-12-17T09:30:00,412.85,416.4,402.2,405.0,2400.0,
2025-12-17T09:31:00,410.8,410.8,404.85,410.0,1575.0,303.0
2025-12-17T09:32:00,408.6,417.0,408.6,416.65,1050.0,
2025-12-17T09:33:00,421.2,421.2,416.4,418.05,1725.0,
2025-12-17T09:34:00,418.1,429.1,417.85,429.1,1800.0,315.0
2025-12-17T09:35:00,425.65,430.8,425.45,427.9,1275.0,
2025-12-17T09:36:00,428.45,429.75,425.2,425.2,900.0,
2025-12-17T09:37:00,424.25,430.45,424.25,427.15,2700.0,319.0
2025-12-17T09:38:00,423.55,423.75,420.0,421.05,825.0,
2025-12-17T09:39:00,417.95,420.8,416.7,417.5,450.0,
2025-12-17T09:40:00,418.55,419.2,415.65,416.8,1125.0,341.0
2025-12-17T09:41:00,421.45,421.75,418.1,418.8,1275.0,
2025-12-17T09:42:00,417.15,418.05,410.0,410.0,1050.0,
2025-12-17T09:43:00,407.2,407.2,392.75,397.85,2175.0,349.0
2025-12-17T09:44:00,393.55,393.55,385.55,389.45,1650.0,
2025-12-17T09:45:00,385.0,386.4,382.9,386.4,1275.0,
2025-12-17T09:46:00,384.8,393.15,384.8,390.2,750.0,362.0
2025-12-17T09:47:00,390.0,390.0,380.4,380.4,2175.0,
2025-12-17T09:48:00,376.7,376.7,369.5,369.5,2100.0,
2025-12-17T09:49:00,370.9,374.2,370.9,374.2,450.0,367.0
2025-12-17T09:50:00,374.0,374.0,371.0,371.5,600.0,
2025-12-17T09:51:00,372.25,373.2,369.0,371.2,3450.0,
2025-12-17T09:52:00,369.0,369.7,361.95,364.5,2850.0,402.0
2025-12-17T09:53:00,364.05,368.15,363.2,365.7,1800.0,
2025-12-17T09:54:00,370.0,373.8,370.0,373.6,1200.0,
2025-12-17T09:55:00,371.6,373.1,371.6,372.45,600.0,423.0
2025-12-17T09:56:00,375.55,378.35,375.55,375.8,825.0,
2025-12-17T09:57:00,376.85,382.15,375.65,376.5,2550.0,
2025-12-17T09:59:00,376.9,376.9,371.5,371.5,1050.0,441.0
2025-12-17T10:00:00,370.9,374.35,369.75,374.35,1800.0,
2025-12-17T10:01:00,368.0,369.05,365.4,367.2,1500.0,465.0
2025-12-17T10:02:00,367.55,367.55,364.05,366.25,2325.0,
2025-12-17T10:03:00,366.05,366.05,356.0,361.95,2400.0,
2025-12-17T10:04:00,361.05,361.95,352.65,353.55,2625.0,492.0
2025-12-17T10:05:00,348.35,356.65,348.35,354.15,525.0,
2025-12-17T10:06:00,354.0,354.0,340.3,340.65,11400.0,
2025-12-17T10:07:00,338.25,340.25,336.25,340.25,3225.0,547.0
2025-12-17T10:08:00,339.05,347.2,338.9,345.05,2325.0,
2025-12-17T10:09:00,347.0,350.65,346.95,349.6,1425.0,
2025-12-17T10:10:00,347.8,347.8,344.4,345.0,300.0,575.0
2025-12-17T10:11:00,342.05,343.55,341.3,341.55,750.0,
2025-12-17T10:12:00,342.05,350.5,342.05,348.3,1800.0,
2025-12-17T10:13:00,349.15,349.75,347.8,348.0,2325.0,573.0
2025-12-17T10:14:00,346.8,348.95,343.55,348.45,1350.0,
2025-12-17T10:15:00,346.8,347.35,342.0,342.3,2475.0,
2025-12-17T10:16:00,343.35,345.0,342.95,345.0,225.0,595.0
2025-12-17T10:17:00,343.05,345.05,339.2,339.75,1275.0,
2025-12-17T10:18:00,343.2,348.8,343.2,348.0,2850.0,
2025-12-17T10:19:00,352.15,358.0,352.15,355.3,2100.0,588.0
2025-12-17T10:20:00,355.65,355.65,349.9,350.2,1500.0,
2025-12-17T10:21:00,353.15,353.15,345.25,346.5,750.0,
2025-12-17T10:22:00,346.55,346.55,341.15,341.15,1200.0,589.0
2025-12-17T10:23:00,339.8,339.95,337.45,339.7,1125.0,
2025-12-17T10:24:00,338.0,340.2,334.2,334.35,2475.0,
2025-12-17T10:25:00,333.55,335.7,330.0,334.0,7125.0,616.0
2025-12-17T10:26:00,336.5,339.1,336.2,338.7,2250.0,
2025-12-17T10:27:00,340.75,340.75,335.0,335.0,1575.0,
2025-12-17T10:28:00,336.3,336.3,330.0,330.0,675.0,628.0
2025-12-17T10:29:00,326.05,330.1,324.25,329.55,2850.0,
2025-12-17T10:30:00,330.05,331.85,329.05,331.3,2925.0,
2025-12-17T10:31:00,331.0,333.15,329.2,333.15,900.0,660.0
2025-12-17T10:32:00,334.0,334.5,330.8,330.8,1650.0,
2025-12-17T10:33:00,333.8,336.25,333.8,336.25,675.0,
2025-12-17T10:34:00,336.1,342.2,334.3,334.3,1275.0,656.0
2025-12-17T10:35:00,333.3,334.75,330.85,330.85,1125.0,
2025-12-17T10:36:00,333.0,333.0,331.65,331.65,150.0,
2025-12-17T10:37:00,333.45,336.0,333.25,333.25,825.0,657.0
2025-12-17T10:38:00,331.65,333.1,331.4,331.4,300.0,
2025-12-17T10:39:00,332.4,336.05,332.4,336.05,1050.0,
2025-12-17T10:40:00,332.85,332.85,331.4,331.4,225.0,667.0
2025-12-17T10:41:00,332.25,334.95,332.25,334.95,600.0,
2025-12-17T10:42:00,335.1,337.75,334.5,337.05,1350.0,
2025-12-17T10:43:00,339.4,341.0,338.95,338.95,1500.0,666.0
2025-12-17T10:44:00,333.6,333.6,333.6,333.6,525.0,
2025-12-17T10:45:00,336.1,336.15,334.1,336.15,375.0,
2025-12-17T10:46:00,337.8,340.2,337.75,340.2,825.0,672.0
2025-12-17T10:47:00,340.1,344.2,340.1,342.8,2175.0,
2025-12-17T10:48:00,344.7,344.7,344.15,344.45,600.0,
2025-12-17T10:49:00,341.85,345.0,340.0,341.7,2250.0,659.0
2025-12-17T10:50:00,341.0,342.05,341.0,342.05,150.0,
2025-12-17T10:51:00,340.0,340.0,336.5,336.7,900.0,
2025-12-17T10:52:00,335.0,336.45,333.8,336.45,1875.0,656.0
2025-12-17T10:53:00,333.4,333.4,333.0,333.0,750.0,
2025-12-17T10:54:00,334.35,334.35,333.0,333.0,975.0,
2025-12-17T10:55:00,331.9,331.9,322.25,323.05,1725.0,674.0
2025-12-17T10:56:00,322.4,326.25,322.4,326.25,2550.0,
2025-12-17T10:57:00,324.25,327.8,320.9,327.25,7275.0,
2025-12-17T10:58:00,329.4,334.05,328.3,333.45,3000.0,720.0
2025-12-17T10:59:00,334.05,337.5,331.25,337.5,4500.0,
2025-12-17T11:00:00,337.15,341.3,335.0,335.0,3075.0,
2025-12-17T11:01:00,336.2,339.3,335.9,338.2,2100.0,694.0
2025-12-17T11:02:00,340.45,344.0,340.0,344.0,2250.0,
2025-12-17T11:03:00,343.9,343.9,339.0,339.0,900.0,
2025-12-17T11:04:00,339.05,339.05,337.5,337.5,675.0,688.0
2025-12-17T11:05:00,337.35,337.35,336.75,336.8,375.0,
2025-12-17T11:06:00,337.6,341.5,337.0,340.95,1575.0,
2025-12-17T11:07:00,339.75,346.25,339.75,343.7,6225.0,693.0
2025-12-17T11:08:00,342.4,343.75,342.4,343.2,1425.0,
2025-12-17T11:09:00,343.8,344.0,342.35,342.45,675.0,
2025-12-17T11:10:00,343.0,346.0,343.0,343.9,1050.0,652.0
2025-12-17T11:11:00,342.35,342.35,339.4,340.4,3525.0,
2025-12-17T11:12:00,346.9,348.4,344.9,344.9,3600.0,
2025-12-17T11:13:00,342.8,348.45,342.8,348.45,1650.0,681.0
2025-12-17T11:14:00,346.85,355.65,346.85,355.65,5175.0,
2025-12-17T11:15:00,354.9,356.05,353.35,353.35,9150.0,
2025-12-17T11:16:00,353.85,355.75,353.85,354.65,3000.0,579.0
2025-12-17T11:17:00,354.55,357.5,354.55,356.15,5100.0,
2025-12-17T11:18:00,357.5,358.45,350.65,350.65,3900.0,
2025-12-17T11:19:00,352.0,352.0,348.0,348.0,975.0,553.0
2025-12-17T11:20:00,349.15,349.15,342.0,342.3,1500.0,
2025-12-17T11:21:00,339.6,346.65,338.6,346.3,2700.0,
2025-12-17T11:22:00,345.75,346.85,345.75,346.85,2175.0,
2025-12-17T11:23:00,346.95,346.95,339.0,339.0,1575.0,562.0
2025-12-17T11:24:00,338.0,341.7,338.0,341.7,225.0,
2025-12-17T11:25:00,341.5,342.9,335.9,335.9,1275.0,558.0
2025-12-17T11:26:00,335.15,336.35,333.8,335.7,2100.0,
2025-12-17T11:27:00,335.1,335.75,335.1,335.25,1050.0,
2025-12-17T11:28:00,332.4,332.4,327.7,327.7,2325.0,586.0
2025-12-17T11:29:00,328.15,328.15,328.05,328.05,600.0,
2025-12-17T11:30:00,329.85,329.85,325.2,328.0,2325.0,
2025-12-17T11:31:00,330.5,335.1,330.5,334.3,3375.0,606.0
2025-12-17T11:32:00,333.4,333.4,327.2,327.2,900.0,
2025-12-17T11:33:00,327.0,331.7,324.85,331.7,5325.0,
2025-12-17T11:34:00,331.95,332.45,331.0,332.45,4875.0,
2025-12-17T11:35:00,329.1,329.1,328.65,328.65,750.0,671.0
2025-12-17T11:36:00,332.85,333.2,332.2,333.1,825.0,
2025-12-17T11:37:00,331.5,331.5,331.5,331.5,75.0,
2025-12-17T11:38:00,331.0,331.0,330.15,330.75,525.0,683.0
2025-12-17T11:39:00,331.15,335.25,331.15,335.25,450.0,
2025-12-17T11:40:00,334.55,338.0,334.55,338.0,975.0,685.0
2025-12-17T11:41:00,340.0,344.0,340.0,343.25,2175.0,
2025-12-17T11:42:00,342.05,345.15,342.05,345.15,3600.0,
2025-12-17T11:43:00,343.55,346.05,343.55,346.05,1275.0,651.0
2025-12-17T11:44:00,345.2,345.55,341.25,341.25,975.0,
2025-12-17T11:45:00,341.15,342.35,340.9,342.35,450.0,
2025-12-17T11:46:00,344.55,346.7,344.1,346.7,825.0,639.0
2025-12-17T11:47:00,347.25,352.45,347.25,351.25,1725.0,
2025-12-17T11:48:00,351.5,352.45,347.2,347.2,1125.0,
2025-12-17T11:49:00,350.6,352.0,350.6,351.55,1050.0,637.0
2025-12-17T11:50:00,351.05,352.2,351.05,352.0,1350.0,
2025-12-17T11:51:00,351.95,351.95,344.8,344.8,975.0,
2025-12-17T11:52:00,344.9,347.9,341.0,341.2,1500.0,633.0
2025-12-17T11:53:00,343.55,344.8,340.0,344.8,900.0,
2025-12-17T11:54:00,343.3,346.45,343.3,345.8,2400.0,
2025-12-17T11:55:00,342.25,344.85,342.25,344.85,225.0,641.0
2025-12-17T11:56:00,344.15,344.85,336.0,336.1,1875.0,
2025-12-17T11:57:00,335.8,337.05,335.0,335.0,975.0,
2025-12-17T11:58:00,335.05,340.05,335.05,337.5,225.0,639.0
2025-12-17T11:59:00,334.5,334.5,330.85,330.85,750.0,
2025-12-17T12:00:00,330.0,330.4,323.7,324.5,7425.0,
2025-12-17T12:01:00,325.05,325.05,321.0,322.65,3150.0,663.0
2025-12-17T12:02:00,322.1,322.1,313.45,315.25,5250.0,
2025-12-17T12:03:00,314.8,320.1,314.2,318.1,3300.0,
2025-12-17T12:04:00,316.1,317.05,314.4,315.0,4875.0,675.0
2025-12-17T12:05:00,314.7,320.4,313.0,320.4,9225.0,
2025-12-17T12:06:00,320.2,320.2,316.2,316.2,375.0,
2025-12-17T12:07:00,317.2,317.2,314.5,315.0,3600.0,715.0
2025-12-17T12:08:00,313.7,315.45,313.7,315.05,975.0,
2025-12-17T12:09:00,313.8,317.75,313.8,316.6,1125.0,
2025-12-17T12:10:00,317.75,321.35,317.75,321.35,3150.0,719.0
2025-12-17T12:11:00,322.95,323.4,321.6,323.0,2025.0,
2025-12-17T12:12:00,322.55,323.0,319.05,319.05,2325.0,
2025-12-17T12:13:00,320.1,324.9,320.1,320.55,3225.0,
2025-12-17T12:14:00,318.1,318.1,316.55,316.95,450.0,669.0
2025-12-17T12:15:00,316.55,317.8,316.55,317.7,300.0,
2025-12-17T12:16:00,318.45,319.65,317.65,319.65,1425.0,
2025-12-17T12:17:00,319.85,320.55,319.85,319.9,375.0,687.0
2025-12-17T12:18:00,320.85,322.2,319.75,321.65,1275.0,
2025-12-17T12:19:00,322.65,323.1,320.7,322.15,1725.0,707.0
2025-12-17T12:20:00,321.3,321.7,320.0,320.0,750.0,
2025-12-17T12:22:00,321.15,321.15,318.8,320.1,2475.0,
2025-12-17T12:23:00,319.45,321.0,319.05,320.0,1275.0,722.0
2025-12-17T12:24:00,319.25,319.25,311.25,311.25,3225.0,
2025-12-17T12:25:00,310.15,315.4,310.15,315.3,2250.0,
2025-12-17T12:26:00,315.45,315.45,306.5,308.8,9825.0,738.0
2025-12-17T12:27:00,309.75,309.95,304.0,308.5,3525.0,
2025-12-17T12:28:00,308.55,310.3,306.3,308.05,1800.0,
2025-12-17T12:29:00,307.05,309.6,306.0,307.65,5025.0,800.0
2025-12-17T12:30:00,308.7,312.0,308.7,312.0,1050.0,
2025-12-17T12:31:00,311.8,315.65,310.0,312.0,1125.0,
2025-12-17T12:32:00,311.5,311.5,308.1,310.0,3000.0,804.0
2025-12-17T12:33:00,309.65,312.3,308.85,312.3,375.0,
2025-12-17T12:34:00,310.6,315.5,310.6,315.5,1500.0,
2025-12-17T12:35:00,315.4,316.5,313.5,313.9,3000.0,810.0
2025-12-17T12:36:00,313.7,314.45,313.15,313.85,2850.0,
2025-12-17T12:37:00,314.1,315.0,309.6,309.6,375.0,
2025-12-17T12:38:00,310.8,310.95,305.55,308.35,1125.0,813.0
2025-12-17T12:39:00,308.4,312.8,307.95,310.35,2325.0,
2025-12-17T12:40:00,312.85,312.85,310.3,310.3,225.0,
2025-12-17T12:41:00,308.15,309.5,306.95,306.95,825.0,816.0
2025-12-17T12:42:00,306.55,308.65,305.9,308.65,525.0,
2025-12-17T12:43:00,308.6,312.3,308.2,312.3,3075.0,
2025-12-17T12:44:00,312.05,316.0,311.95,315.85,2550.0,829.0
2025-12-17T12:45:00,314.85,317.6,314.0,317.25,6825.0,
2025-12-17T12:46:00,317.45,318.3,316.3,316.65,4725.0,
2025-12-17T12:47:00,318.05,318.05,316.9,317.4,450.0,782.0
2025-12-17T12:48:00,313.0,313.0,309.9,312.65,1050.0,
2025-12-17T12:49:00,311.6,312.9,311.0,312.55,525.0,
2025-12-17T12:50:00,315.15,320.45,315.15,319.65,4800.0,783.0
2025-12-17T12:51:00,318.3,322.0,318.3,319.5,4050.0,
2025-12-17T12:52:00,319.2,323.0,319.2,322.0,750.0,
2025-12-17T12:53:00,320.55,322.0,312.4,312.4,5025.0,738.0
2025-12-17T12:54:00,312.6,313.45,306.15,306.15,4200.0,
2025-12-17T12:55:00,305.0,306.15,301.0,302.0,2775.0,
2025-12-17T12:56:00,302.75,308.7,302.0,306.0,9075.0,762.0
2025-12-17T12:57:00,307.65,308.7,306.0,308.55,2100.0,
2025-12-17T12:58:00,308.0,308.75,306.05,306.35,4650.0,
2025-12-17T12:59:00,306.3,307.4,306.3,307.4,525.0,771.0
2025-12-17T13:00:00,306.2,309.6,304.3,304.3,5925.0,
2025-12-17T13:01:00,305.35,308.2,304.4,308.2,2475.0,
2025-12-17T13:02:00,307.65,312.2,307.65,310.45,7050.0,804.0
2025-12-17T13:03:00,307.75,310.95,307.75,310.95,1425.0,
2025-12-17T13:04:00,310.4,314.7,310.4,314.45,1575.0,
2025-12-17T13:05:00,314.9,318.15,313.7,316.3,1725.0,827.0
2025-12-17T13:06:00,316.7,316.7,314.95,315.0,1725.0,
2025-12-17T13:07:00,314.65,316.3,314.65,316.3,375.0,
2025-12-17T13:08:00,315.8,317.75,315.8,316.65,600.0,828.0
2025-12-17T13:09:00,315.4,315.4,312.0,312.4,525.0,
2025-12-17T13:10:00,313.6,313.6,310.65,312.4,2100.0,
2025-12-17T13:11:00,313.45,317.8,313.45,316.75,2400.0,824.0
2025-12-17T13:12:00,317.95,317.95,315.65,315.65,3750.0,
2025-12-17T13:13:00,314.7,314.7,311.4,313.2,600.0,
2025-12-17T13:14:00,310.25,311.05,310.25,311.05,1650.0,830.0
2025-12-17T13:15:00,310.25,310.25,310.25,310.25,75.0,
2025-12-17T13:16:00,311.4,315.0,311.4,315.0,2175.0,
2025-12-17T13:17:00,313.15,315.4,313.15,314.55,1050.0,833.0
2025-12-17T13:18:00,313.0,318.0,313.0,318.0,525.0,
2025-12-17T13:19:00,317.5,321.85,317.5,321.35,2925.0,
2025-12-17T13:20:00,320.7,320.7,318.65,319.9,1200.0,840.0
2025-12-17T13:21:00,319.4,319.4,318.8,318.9,450.0,
2025-12-17T13:22:00,318.75,324.2,318.75,319.25,2475.0,
2025-12-17T13:24:00,324.25,326.0,323.9,323.9,525.0,829.0
2025-12-17T13:25:00,324.55,328.55,324.55,328.55,1950.0,
2025-12-17T13:26:00,328.0,328.0,324.1,326.55,4575.0,817.0
2025-12-17T13:27:00,327.65,329.35,326.8,327.4,3825.0,
2025-12-17T13:28:00,328.3,329.1,325.6,325.6,4200.0,
2025-12-17T13:29:00,324.1,325.7,322.9,322.95,1200.0,800.0
2025-12-17T13:30:00,322.25,323.65,319.9,319.9,2700.0,
2025-12-17T13:31:00,320.05,320.9,316.35,320.9,3750.0,
2025-12-17T13:32:00,320.55,321.9,319.9,320.15,1875.0,787.0
2025-12-17T13:33:00,318.15,319.05,315.6,318.9,3825.0,
2025-12-17T13:34:00,318.95,318.95,317.35,317.35,675.0,
2025-12-17T13:35:00,317.0,317.3,315.1,315.7,825.0,815.0
2025-12-17T13:36:00,312.95,312.95,308.3,308.95,3000.0,
2025-12-17T13:37:00,310.45,314.8,310.4,313.35,1875.0,
2025-12-17T13:38:00,313.6,313.6,308.0,308.0,975.0,809.0
2025-12-17T13:39:00,309.4,309.6,308.0,309.0,1425.0,
2025-12-17T13:40:00,309.3,312.2,309.0,311.85,3150.0,
2025-12-17T13:41:00,313.3,313.95,308.15,308.15,1575.0,834.0
2025-12-17T13:42:00,305.0,306.4,301.65,301.95,3825.0,
2025-12-17T13:43:00,301.0,303.3,300.3,302.1,4275.0,
2025-12-17T13:44:00,304.4,307.1,304.4,307.1,1275.0,884.0
2025-12-17T13:45:00,307.3,308.8,305.35,308.8,975.0,
2025-12-17T13:46:00,306.75,311.7,306.75,310.5,1350.0,
2025-12-17T13:47:00,311.1,312.0,307.5,308.5,1350.0,882.0
2025-12-17T13:48:00,309.95,313.0,309.95,311.65,2775.0,
2025-12-17T13:49:00,312.15,312.15,308.15,309.35,2100.0,
2025-12-17T13:50:00,309.3,311.0,306.6,309.6,1425.0,865.0
2025-12-17T13:51:00,308.3,308.9,306.6,308.9,2025.0,
2025-12-17T13:52:00,308.0,308.7,307.0,308.7,2100.0,
2025-12-17T13:53:00,310.5,313.6,309.85,311.55,1875.0,860.0
2025-12-17T13:54:00,312.55,313.0,312.3,313.0,675.0,
2025-12-17T13:55:00,311.9,311.9,301.3,301.55,2925.0,
2025-12-17T13:56:00,301.25,305.15,300.0,305.15,2325.0,882.0
2025-12-17T13:57:00,304.85,310.0,304.85,309.65,3900.0,
2025-12-17T13:58:00,308.55,314.65,308.55,314.0,2325.0,
2025-12-17T13:59:00,313.85,317.2,313.85,316.2,4950.0,870.0
2025-12-17T14:00:00,315.95,320.25,315.0,315.0,7575.0,
2025-12-17T14:01:00,313.5,316.8,312.2,316.8,1125.0,
2025-12-17T14:02:00,313.25,314.75,309.0,309.0,3525.0,857.0
2025-12-17T14:03:00,309.75,309.75,308.75,308.75,300.0,
2025-12-17T14:04:00,311.65,314.25,311.65,314.25,900.0,
2025-12-17T14:05:00,316.05,320.25,315.25,320.25,1650.0,873.0
2025-12-17T14:06:00,321.0,321.0,316.7,320.35,4500.0,
2025-12-17T14:07:00,317.75,319.1,316.65,317.65,8475.0,
2025-12-17T14:08:00,318.45,321.65,317.45,317.6,3300.0,848.0
2025-12-17T14:09:00,318.75,318.75,315.55,315.55,975.0,
2025-12-17T14:10:00,314.3,314.3,313.8,313.8,150.0,
2025-12-17T14:11:00,313.0,313.3,309.8,311.0,2625.0,860.0
2025-12-17T14:12:00,312.9,312.9,311.3,312.55,1275.0,
2025-12-17T14:13:00,313.3,316.35,313.3,316.25,3600.0,
2025-12-17T14:14:00,316.7,324.5,316.7,324.1,3975.0,874.0
2025-12-17T14:15:00,320.4,323.2,320.0,322.1,825.0,
2025-12-17T14:16:00,323.45,329.75,323.45,329.15,4050.0,
2025-12-17T14:17:00,325.9,327.0,324.9,325.9,3075.0,867.0
2025-12-17T14:18:00,326.9,330.0,325.75,329.15,2775.0,
2025-12-17T14:19:00,329.3,329.3,325.0,328.0,4425.0,
2025-12-17T14:20:00,327.7,329.65,318.45,319.45,3375.0,861.0
2025-12-17T14:21:00,318.9,322.75,318.9,320.0,1500.0,
2025-12-17T14:22:00,319.4,320.65,317.3,319.3,4875.0,
2025-12-17T14:23:00,319.5,322.3,318.8,319.2,900.0,852.0
2025-12-17T14:24:00,315.0,315.0,310.65,312.0,2250.0,
2025-12-17T14:25:00,312.2,314.05,309.75,310.25,2100.0,
2025-12-17T14:26:00,310.2,312.5,310.2,312.5,1275.0,864.0
2025-12-17T14:27:00,312.85,314.6,307.95,308.45,4950.0,
2025-12-17T14:28:00,308.7,312.35,308.7,311.05,600.0,
2025-12-17T14:29:00,309.85,309.85,307.0,308.9,1800.0,880.0
2025-12-17T14:30:00,311.0,312.4,311.0,311.85,1275.0,
2025-12-17T14:31:00,311.7,313.0,310.9,310.9,975.0,
2025-12-17T14:32:00,310.3,314.7,310.3,314.0,900.0,888.0
2025-12-17T14:33:00,314.05,315.65,313.85,314.0,1875.0,
2025-12-17T14:34:00,314.6,318.9,314.6,318.9,2700.0,
2025-12-17T14:35:00,318.45,318.45,315.75,315.75,600.0,897.0
2025-12-17T14:36:00,315.0,315.7,309.0,309.0,3450.0,
2025-12-17T14:37:00,309.4,311.15,307.3,307.45,2250.0,
2025-12-17T14:38:00,307.95,309.6,307.05,307.8,4875.0,
2025-12-17T14:39:00,307.0,307.25,304.25,306.8,3000.0,
2025-12-17T14:40:00,305.2,309.25,305.2,309.25,1650.0,
2025-12-17T14:41:00,313.3,315.0,311.3,313.8,3600.0,900.0
2025-12-17T14:42:00,313.15,314.4,309.55,310.75,1575.0,
2025-12-17T14:43:00,311.0,311.5,310.0,311.25,1800.0,
2025-12-17T14:44:00,313.25,318.0,313.25,318.0,2025.0,896.0
2025-12-17T14:45:00,317.05,320.0,315.75,318.7,5700.0,
2025-12-17T14:46:00,317.45,317.45,315.15,315.15,450.0,
2025-12-17T14:47:00,315.0,315.0,313.85,313.85,675.0,
2025-12-17T14:48:00,315.0,315.25,314.3,315.15,675.0,888.0
2025-12-17T14:49:00,315.7,324.2,315.7,323.0,2775.0,
2025-12-17T14:50:00,323.4,325.0,322.4,324.2,1425.0,878.0
2025-12-17T14:51:00,325.15,325.85,321.55,323.2,1500.0,
2025-12-17T14:52:00,323.7,326.5,322.25,326.5,3000.0,
2025-12-17T14:53:00,326.65,327.5,323.95,323.95,6450.0,866.0
2025-12-17T14:54:00,324.3,325.95,323.85,323.85,2100.0,
2025-12-17T14:55:00,323.45,326.0,322.55,323.05,3075.0,
2025-12-17T14:56:00,322.75,324.65,320.7,324.65,2700.0,827.0
2025-12-17T14:57:00,324.6,327.0,323.1,327.0,975.0,
2025-12-17T14:58:00,329.2,329.2,326.2,326.85,3975.0,
2025-12-17T14:59:00,326.7,329.35,325.1,325.1,1500.0,828.0
2025-12-17T15:00:00,328.4,338.25,328.4,332.85,9450.0,
2025-12-17T15:01:00,332.7,336.65,331.8,333.9,4800.0,
2025-12-17T15:02:00,333.7,335.85,329.0,329.0,3450.0,772.0
2025-12-17T15:03:00,327.4,331.7,327.0,331.2,2325.0,
2025-12-17T15:04:00,330.95,335.1,330.95,331.4,3525.0,
2025-12-17T15:05:00,332.9,336.8,332.9,334.1,3225.0,750.0
2025-12-17T15:06:00,333.35,334.0,330.15,330.15,3600.0,
2025-12-17T15:07:00,331.8,331.95,324.1,327.3,3225.0,
2025-12-17T15:08:00,327.2,330.0,327.0,329.8,975.0,733.0
2025-12-17T15:09:00,330.65,333.85,328.15,328.8,2400.0,
2025-12-17T15:10:00,329.5,331.55,328.8,328.8,975.0,
2025-12-17T15:11:00,327.75,329.7,327.75,329.4,1275.0,714.0
2025-12-17T15:12:00,330.1,331.05,329.55,329.7,1050.0,
2025-12-17T15:13:00,330.75,331.6,329.15,329.15,1575.0,
2025-12-17T15:14:00,330.25,331.65,328.0,331.65,2850.0,708.0
2025-12-17T15:15:00,331.8,331.8,324.25,324.95,4200.0,
2025-12-17T15:16:00,325.6,325.85,324.75,325.25,975.0,
2025-12-17T15:17:00,328.6,328.6,326.2,327.75,975.0,690.0
2025-12-17T15:18:00,328.0,328.0,327.0,327.0,675.0,
2025-12-17T15:19:00,329.3,332.15,329.3,330.85,2025.0,
2025-12-17T15:20:00,331.05,331.85,329.4,331.25,4350.0,654.0
2025-12-17T15:21:00,331.9,333.7,330.3,332.0,5550.0,
2025-12-17T15:22:00,332.25,338.4,332.25,336.35,3150.0,
2025-12-17T15:23:00,336.9,338.65,336.9,338.55,2025.0,627.0
2025-12-17T15:24:00,340.75,341.55,339.15,339.15,3450.0,
2025-12-17T15:25:00,339.45,341.2,339.05,339.9,13050.0,
2025-12-17T15:26:00,338.3,338.6,336.45,337.9,2100.0,541.0
2025-12-17T15:27:00,338.2,339.55,338.05,339.45,6000.0,
2025-12-17T15:28:00,339.35,341.55,339.35,340.0,1950.0,
2025-12-17T15:29:00,340.8,342.0,339.7,341.45,3750.0,537.0
2025-12-18T09:15:00,331.0,331.0,275.95,278.9,27600.0,
2025-12-18T09:16:00,277.0,287.45,274.55,283.6,10725.0,630.0
2025-12-18T09:17:00,287.4,291.25,281.85,289.95,8550.0,
2025-12-18T09:18:00,291.5,294.7,286.65,289.1,8400.0,
2025-12-18T09:19:00,293.1,296.0,283.55,286.7,10275.0,729.0
2025-12-18T09:20:00,285.1,288.05,280.25,286.65,7725.0,
2025-12-18T09:21:00,286.9,299.6,285.8,287.0,14550.0,
2025-12-18T09:22:00,287.95,296.5,287.95,290.4,9975.0,772.0
2025-12-18T09:23:00,289.95,298.15,289.95,296.45,14025.0,
2025-12-18T09:24:00,297.7,305.65,297.05,300.35,21375.0,
2025-12-18T09:25:00,301.45,305.05,297.2,304.8,14325.0,908.0
2025-12-18T09:26:00,305.85,307.05,296.85,296.85,10800.0,
2025-12-18T09:27:00,297.05,306.0,295.9,300.3,4500.0,
2025-12-18T09:28:00,299.45,301.35,288.6,294.25,6900.0,939.0
2025-12-18T09:29:00,293.75,299.55,290.45,290.45,9300.0,
2025-12-18T09:30:00,290.35,298.35,289.5,296.6,7950.0,
2025-12-18T09:31:00,298.35,301.0,292.65,299.2,9000.0,985.0
2025-12-18T09:32:00,298.7,299.0,289.2,291.9,3225.0,
2025-12-18T09:33:00,290.55,291.6,282.85,290.25,6600.0,
2025-12-18T09:34:00,290.3,294.25,286.5,290.3,4425.0,975.0
2025-12-18T09:35:00,287.8,287.95,280.85,282.7,4275.0,
2025-12-18T09:36:00,283.3,293.0,283.3,293.0,8325.0,
2025-12-18T09:37:00,296.15,296.25,291.45,291.45,5625.0,1006.0
2025-12-18T09:38:00,292.9,295.2,288.35,288.35,3075.0,
2025-12-18T09:39:00,286.1,290.05,283.0,285.0,10125.0,
2025-12-18T09:40:00,284.6,284.95,278.95,284.95,16950.0,1019.0
2025-12-18T09:41:00,282.45,287.0,276.0,276.5,11025.0,
2025-12-18T09:42:00,275.85,278.7,266.05,267.0,12300.0,
2025-12-18T09:43:00,267.75,270.55,264.75,269.3,7950.0,1056.0
2025-12-18T09:44:00,267.5,268.0,260.0,260.0,18450.0,
2025-12-18T09:45:00,259.4,261.6,253.4,260.7,28500.0,
2025-12-18T09:46:00,260.4,261.55,247.95,249.8,35925.0,1224.0
2025-12-18T09:47:00,250.05,255.1,246.7,251.05,21525.0,
2025-12-18T09:48:00,251.2,256.15,251.2,254.55,7875.0,
2025-12-18T09:49:00,253.2,257.05,253.2,254.6,12450.0,1350.0
2025-12-18T09:50:00,252.6,256.55,251.4,255.4,12600.0,
2025-12-18T09:51:00,255.0,259.3,254.95,254.95,9375.0,
2025-12-18T09:52:00,255.6,261.3,254.85,260.25,8250.0,1419.0
2025-12-18T09:53:00,260.2,260.85,257.4,257.4,21825.0,
2025-12-18T09:54:00,257.5,261.0,256.35,261.0,6000.0,
2025-12-18T09:55:00,260.55,263.15,259.9,260.85,9150.0,1527.0
2025-12-18T09:56:00,261.1,262.35,255.85,258.1,8250.0,
2025-12-18T09:57:00,258.45,258.45,253.85,255.1,3300.0,
2025-12-18T09:58:00,254.95,259.95,253.0,259.95,3375.0,1550.0
2025-12-18T09:59:00,262.0,265.35,257.3,257.85,11325.0,
2025-12-18T10:00:00,259.45,260.35,255.1,255.1,6000.0,
2025-12-18T10:01:00,256.4,261.45,256.4,257.05,8100.0,1573.0
2025-12-18T10:02:00,257.7,263.8,257.0,261.7,8025.0,
2025-12-18T10:03:00,260.6,261.75,257.7,259.55,2625.0,
2025-12-18T10:04:00,258.75,262.3,257.75,262.3,1650.0,1583.0
2025-12-18T10:05:00,262.15,266.1,261.25,265.0,4200.0,
2025-12-18T10:06:00,264.8,271.05,264.8,266.75,13800.0,
2025-12-18T10:07:00,266.2,269.15,264.85,269.0,8475.0,1569.0
2025-12-18T10:08:00,269.3,276.4,269.3,276.2,22275.0,
2025-12-18T10:09:00,276.15,280.0,275.65,279.65,17700.0,
2025-12-18T10:10:00,279.4,281.0,276.8,278.3,12375.0,1448.0
2025-12-18T10:11:00,280.0,294.2,278.85,291.4,22500.0,
2025-12-18T10:12:00,294.2,303.5,292.45,301.35,20700.0,
2025-12-18T10:13:00,299.0,308.0,299.0,303.45,15150.0,1349.0
2025-12-18T10:14:00,304.55,304.55,296.2,299.3,15375.0,
2025-12-18T10:15:00,298.65,299.85,292.0,298.55,10050.0,
2025-12-18T10:16:00,297.7,303.65,297.7,301.2,8625.0,1332.0
2025-12-18T10:17:00,300.75,325.0,297.25,316.5,27225.0,
2025-12-18T10:18:00,317.4,325.35,313.7,325.35,12675.0,
2025-12-18T10:19:00,324.6,337.8,322.3,337.8,20400.0,1249.0
2025-12-18T10:20:00,336.0,336.8,325.85,328.4,21450.0,
2025-12-18T10:21:00,328.95,332.25,323.65,332.25,11925.0,
2025-12-18T10:22:00,331.55,337.55,330.75,335.55,9300.0,1102.0
2025-12-18T10:23:00,335.35,350.4,334.05,349.65,10425.0,
2025-12-18T10:24:00,350.4,350.4,339.95,340.7,6150.0,
2025-12-18T10:25:00,339.65,341.8,336.75,337.3,6450.0,1061.0
2025-12-18T10:26:00,338.1,340.65,331.5,332.1,7950.0,
2025-12-18T10:27:00,330.2,334.05,328.35,331.6,5400.0,
2025-12-18T10:28:00,336.55,338.55,335.6,338.55,5850.0,1017.0
2025-12-18T10:29:00,339.2,341.25,336.25,336.85,8850.0,
2025-12-18T10:30:00,339.7,340.2,333.5,333.5,5100.0,
2025-12-18T10:31:00,334.7,346.3,334.1,341.0,5625.0,969.0
2025-12-18T10:32:00,346.85,353.85,346.3,348.45,4950.0,
2025-12-18T10:33:00,348.5,353.65,348.5,353.65,7575.0,
2025-12-18T10:34:00,355.0,367.5,352.55,363.85,21900.0,915.0
2025-12-18T10:35:00,364.2,364.2,354.45,355.35,3375.0,
2025-12-18T10:36:00,353.9,354.3,344.9,350.4,5775.0,
2025-12-18T10:37:00,351.2,357.0,350.2,350.35,6825.0,883.0
2025-12-18T10:38:00,350.8,352.8,348.4,348.4,3750.0,
2025-12-18T10:39:00,350.25,354.25,348.0,353.2,1275.0,
2025-12-18T10:40:00,353.4,355.45,348.4,355.45,3900.0,853.0
2025-12-18T10:41:00,356.8,359.1,355.3,356.8,3225.0,
2025-12-18T10:42:00,359.05,367.55,358.45,367.55,6750.0,
2025-12-18T10:43:00,366.35,370.15,360.95,360.95,7650.0,837.0
2025-12-18T10:44:00,360.6,361.8,353.0,355.0,4200.0,
2025-12-18T10:45:00,355.8,361.8,355.8,359.75,1725.0,
2025-12-18T10:46:00,359.0,360.0,356.8,359.5,2475.0,805.0
2025-12-18T10:47:00,358.7,364.0,356.5,362.65,18450.0,
2025-12-18T10:48:00,362.15,362.15,353.45,356.15,7125.0,
2025-12-18T10:49:00,355.7,356.5,351.3,351.3,2175.0,763.0
2025-12-18T10:50:00,351.7,354.55,348.0,348.0,2700.0,
2025-12-18T10:51:00,350.05,351.25,347.05,348.25,2625.0,
2025-12-18T10:52:00,349.35,349.35,346.1,346.8,1200.0,782.0
2025-12-18T10:53:00,347.55,352.15,342.25,352.15,3225.0,
2025-12-18T10:54:00,352.25,355.95,350.0,351.4,2475.0,
2025-12-18T10:55:00,350.4,353.3,345.45,345.45,1200.0,789.0
2025-12-18T10:56:00,349.55,351.9,346.95,350.9,2100.0,
2025-12-18T10:57:00,350.65,356.15,350.65,356.15,975.0,
2025-12-18T10:58:00,354.2,354.9,349.6,349.6,1425.0,804.0
2025-12-18T10:59:00,349.35,355.95,349.35,355.95,225.0,
2025-12-18T11:00:00,353.35,355.85,353.35,355.85,1275.0,
2025-12-18T11:01:00,352.2,353.9,351.3,352.0,1350.0,799.0
2025-12-18T11:02:00,352.85,352.85,344.45,345.1,1125.0,
2025-12-18T11:03:00,344.85,345.2,339.35,339.35,1500.0,
2025-12-18T11:04:00,339.0,339.7,335.6,338.35,4950.0,781.0
2025-12-18T11:05:00,337.5,342.95,337.5,342.6,1275.0,
2025-12-18T11:06:00,338.7,344.7,337.95,341.7,1575.0,
2025-12-18T11:07:00,337.5,337.6,334.3,337.6,1200.0,
2025-12-18T11:08:00,335.1,344.5,335.1,344.5,600.0,
2025-12-18T11:09:00,343.3,348.05,343.3,344.15,1575.0,
2025-12-18T11:10:00,338.5,338.8,336.0,336.0,750.0,774.0
2025-12-18T11:11:00,340.2,342.55,338.5,342.55,825.0,
2025-12-18T11:12:00,341.7,341.7,336.6,340.4,1275.0,
2025-12-18T11:13:00,339.15,339.15,334.65,335.35,450.0,771.0
2025-12-18T11:14:00,336.05,339.3,335.0,336.55,1500.0,
2025-12-18T11:15:00,336.0,336.0,328.4,334.0,7125.0,
2025-12-18T11:16:00,334.25,334.5,324.85,332.1,2025.0,744.0
2025-12-18T11:17:00,331.7,333.2,330.0,330.15,1650.0,
2025-12-18T11:18:00,330.0,334.4,330.0,333.75,1725.0,
2025-12-18T11:19:00,335.0,335.0,330.0,331.8,600.0,744.0
2025-12-18T11:20:00,332.15,341.9,332.15,341.9,1275.0,
2025-12-18T11:21:00,341.55,348.4,341.55,345.3,1950.0,
2025-12-18T11:22:00,349.0,355.0,348.95,355.0,2700.0,739.0
2025-12-18T11:23:00,356.1,356.1,353.35,355.3,2550.0,
2025-12-18T11:24:00,357.0,363.0,357.0,360.15,6225.0,
2025-12-18T11:25:00,361.9,365.1,359.95,363.85,2625.0,708.0
2025-12-18T11:26:00,360.85,362.7,358.0,358.85,7275.0,
2025-12-18T11:27:00,360.3,363.0,360.0,360.6,600.0,
2025-12-18T11:28:00,357.0,357.0,351.9,355.2,1275.0,741.0
2025-12-18T11:29:00,361.9,361.9,361.3,361.5,750.0,
2025-12-18T11:30:00,365.0,369.0,363.1,364.8,2700.0,
2025-12-18T11:31:00,365.3,365.3,360.05,360.05,2625.0,745.0
2025-12-18T11:32:00,360.5,365.05,358.2,365.0,4200.0,
2025-12-18T11:33:00,369.0,369.0,361.4,361.4,2325.0,
2025-12-18T11:34:00,361.0,363.45,361.0,362.85,225.0,734.0
2025-12-18T11:35:00,361.3,361.3,355.0,355.0,825.0,
2025-12-18T11:36:00,359.05,360.45,358.0,359.15,825.0,
2025-12-18T11:37:00,358.85,364.95,358.85,361.35,2625.0,735.0
2025-12-18T11:38:00,359.7,366.55,359.7,365.1,5175.0,
2025-12-18T11:39:00,365.7,367.0,364.4,367.0,1875.0,
2025-12-18T11:40:00,360.95,361.15,360.95,361.15,1500.0,
2025-12-18T11:41:00,363.0,363.0,358.15,361.25,900.0,714.0
2025-12-18T11:42:00,358.0,361.1,358.0,361.1,225.0,
2025-12-18T11:43:00,360.35,360.35,355.0,355.0,1650.0,715.0
2025-12-18T11:44:00,355.1,356.25,352.85,356.25,375.0,
2025-12-18T11:45:00,355.65,355.65,349.0,349.0,2775.0,
2025-12-18T11:46:00,350.65,353.0,350.45,351.85,2400.0,706.0
2025-12-18T11:47:00,351.1,355.8,349.3,355.8,675.0,
2025-12-18T11:48:00,354.0,357.05,353.1,357.05,825.0,
2025-12-18T11:49:00,356.05,356.05,356.05,356.05,75.0,
2025-12-18T11:50:00,355.65,358.0,355.65,358.0,1500.0,715.0
2025-12-18T11:51:00,358.85,364.25,358.75,363.75,1350.0,
2025-12-18T11:52:00,363.15,371.4,363.15,371.4,4350.0,729.0
2025-12-18T11:53:00,370.45,376.8,370.45,375.1,4950.0,
2025-12-18T11:54:00,373.7,380.35,373.7,374.65,3150.0,
2025-12-18T11:55:00,375.65,376.0,371.9,375.15,900.0,711.0
2025-12-18T11:56:00,375.9,378.0,372.4,378.0,900.0,
2025-12-18T11:57:00,379.85,379.85,376.3,377.25,2625.0,
2025-12-18T11:58:00,376.85,377.05,372.65,372.65,1050.0,708.0
2025-12-18T11:59:00,374.8,374.8,372.0,372.0,525.0,
2025-12-18T12:00:00,370.0,371.3,368.0,368.55,2100.0,
2025-12-18T12:01:00,368.75,370.0,368.75,370.0,900.0,723.0
2025-12-18T12:02:00,369.75,377.0,369.75,375.0,3225.0,
2025-12-18T12:03:00,375.75,380.7,373.0,374.2,2625.0,
2025-12-18T12:04:00,374.15,374.15,367.25,369.25,3900.0,
2025-12-18T12:05:00,370.3,370.3,368.9,368.9,600.0,705.0
2025-12-18T12:06:00,368.2,368.2,366.05,366.05,750.0,
2025-12-18T12:07:00,366.6,372.0,365.0,372.0,1125.0,699.0
2025-12-18T12:08:00,374.3,374.3,370.05,373.0,825.0,
2025-12-18T12:09:00,373.05,378.0,373.05,378.0,900.0,
2025-12-18T12:10:00,373.8,373.85,373.8,373.85,450.0,
2025-12-18T12:11:00,377.1,382.0,377.1,382.0,4125.0,705.0
2025-12-18T12:12:00,381.25,381.25,376.75,376.75,1275.0,
2025-12-18T12:13:00,375.95,381.0,375.95,381.0,1725.0,723.0
2025-12-18T12:14:00,376.8,379.05,376.8,379.05,225.0,
2025-12-18T12:15:00,379.8,382.8,379.8,381.55,1050.0,
2025-12-18T12:16:00,378.6,378.6,376.0,376.0,600.0,
2025-12-18T12:17:00,378.5,382.5,378.5,382.4,600.0,722.0
2025-12-18T12:18:00,386.0,386.0,377.0,377.0,3000.0,
2025-12-18T12:19:00,375.05,375.75,374.2,374.2,750.0,709.0
2025-12-18T12:20:00,374.25,375.45,372.5,373.05,375.0,
2025-12-18T12:21:00,374.8,377.15,373.8,377.15,525.0,
2025-12-18T12:22:00,377.35,377.55,373.7,373.7,1650.0,
2025-12-18T12:23:00,370.85,378.95,370.85,378.95,1125.0,723.0
2025-12-18T12:24:00,375.2,375.2,375.1,375.1,375.0,
2025-12-18T12:25:00,373.0,375.9,373.0,374.4,300.0,
2025-12-18T12:26:00,376.65,380.0,376.65,377.6,2850.0,
2025-12-18T12:27:00,376.2,378.6,375.3,375.3,1275.0,
2025-12-18T12:28:00,379.45,379.45,377.75,378.05,450.0,729.0
2025-12-18T12:29:00,378.1,380.65,375.75,380.55,3075.0,
2025-12-18T12:30:00,380.45,385.0,378.6,385.0,1500.0,
2025-12-18T12:31:00,384.55,384.55,380.25,380.25,750.0,
2025-12-18T12:32:00,380.45,382.2,380.15,380.65,675.0,717.0
2025-12-18T12:33:00,383.35,386.0,383.35,385.45,2025.0,
2025-12-18T12:34:00,384.7,386.0,384.15,385.8,750.0,
2025-12-18T12:35:00,389.45,389.45,382.95,384.0,6150.0,717.0
2025-12-18T12:36:00,381.55,386.5,379.0,386.5,2100.0,
2025-12-18T12:37:00,384.65,393.0,384.65,393.0,1500.0,762.0
2025-12-18T12:38:00,393.95,395.8,392.05,392.05,2025.0,
2025-12-18T12:39:00,388.9,389.5,388.0,388.0,750.0,
2025-12-18T12:40:00,387.25,387.8,385.35,385.4,450.0,
2025-12-18T12:41:00,385.6,388.0,384.0,388.0,300.0,
2025-12-18T12:42:00,386.9,392.3,386.55,390.4,3450.0,
2025-12-18T12:43:00,390.85,392.1,389.65,390.05,2550.0,
2025-12-18T12:44:00,387.15,389.2,387.15,388.85,900.0,763.0
2025-12-18T12:45:00,395.15,397.55,391.4,391.4,750.0,
2025-12-18T12:46:00,390.75,393.95,390.25,393.9,1575.0,
2025-12-18T12:47:00,393.6,393.6,391.95,391.95,375.0,774.0
2025-12-18T12:48:00,388.95,388.95,385.6,385.75,750.0,
2025-12-18T12:49:00,386.35,386.35,384.05,385.0,375.0,
2025-12-18T12:50:00,385.3,385.3,379.05,379.05,750.0,
2025-12-18T12:51:00,379.95,383.75,379.95,383.75,1575.0,
2025-12-18T12:52:00,383.05,383.05,380.0,381.35,750.0,
2025-12-18T12:53:00,379.05,379.05,372.35,373.8,1425.0,780.0
2025-12-18T12:54:00,377.2,377.2,376.6,376.95,750.0,
2025-12-18T12:55:00,377.95,378.0,376.65,376.65,825.0,
2025-12-18T12:56:00,378.7,379.8,374.45,374.45,1350.0,784.0
2025-12-18T12:57:00,375.1,375.1,368.2,369.35,750.0,
2025-12-18T12:58:00,367.4,369.55,367.4,369.55,300.0,
2025-12-18T12:59:00,371.85,373.15,370.0,373.15,450.0,785.0
2025-12-18T13:01:00,376.9,378.6,372.5,372.5,2025.0,
2025-12-18T13:02:00,370.9,371.25,369.75,370.75,1800.0,784.0
2025-12-18T13:03:00,373.4,378.5,373.4,378.5,675.0,
2025-12-18T13:04:00,378.05,378.05,376.4,376.4,300.0,
2025-12-18T13:06:00,375.15,379.0,375.15,379.0,225.0,777.0
2025-12-18T13:07:00,374.8,376.15,374.8,376.15,375.0,
2025-12-18T13:08:00,377.5,379.5,377.1,377.1,900.0,779.0
2025-12-18T13:09:00,375.0,376.45,374.2,376.45,225.0,
2025-12-18T13:10:00,376.8,377.0,376.8,377.0,375.0,
2025-12-18T13:11:00,374.0,374.25,365.25,365.8,1125.0,781.0
2025-12-18T13:12:00,371.35,371.45,369.0,371.25,1575.0,
2025-12-18T13:13:00,373.2,375.6,373.2,375.35,600.0,
2025-12-18T13:14:00,378.05,378.05,378.05,378.05,75.0,777.0
2025-12-18T13:15:00,372.55,372.85,372.55,372.85,150.0,
2025-12-18T13:16:00,371.85,373.9,371.85,371.85,525.0,
2025-12-18T13:17:00,370.75,373.95,370.75,373.95,150.0,775.0
2025-12-18T13:18:00,367.45,368.05,367.45,368.05,150.0,
2025-12-18T13:19:00,369.15,370.9,369.0,369.0,450.0,
2025-12-18T13:20:00,368.05,368.05,368.05,368.05,75.0,
2025-12-18T13:21:00,371.0,373.95,367.5,367.5,1050.0,781.0
2025-12-18T13:22:00,365.65,368.3,365.2,367.05,525.0,
2025-12-18T13:24:00,373.35,373.65,372.95,373.65,1425.0,783.0
2025-12-18T13:25:00,373.05,373.05,371.75,371.75,225.0,
2025-12-18T13:26:00,376.4,379.2,373.65,374.5,1425.0,777.0
2025-12-18T13:27:00,375.2,376.0,375.2,376.0,225.0,
2025-12-18T13:28:00,370.55,370.55,370.55,370.55,75.0,
2025-12-18T13:29:00,369.15,369.15,364.0,364.0,675.0,772.0
2025-12-18T13:30:00,365.45,367.15,362.0,367.15,1500.0,
2025-12-18T13:31:00,367.05,367.05,362.3,362.3,1200.0,
2025-12-18T13:32:00,362.55,362.9,354.35,355.0,2100.0,769.0
2025-12-18T13:33:00,353.65,354.6,345.35,345.35,1800.0,
2025-12-18T13:34:00,348.35,352.0,346.0,346.0,1425.0,
2025-12-18T13:35:00,345.35,348.85,345.2,348.85,1350.0,778.0
2025-12-18T13:36:00,348.55,348.7,340.35,344.1,4875.0,
2025-12-18T13:37:00,348.45,353.85,347.3,353.85,2025.0,
2025-12-18T13:38:00,351.95,354.55,351.1,351.4,1575.0,773.0
2025-12-18T13:39:00,353.05,358.5,352.6,357.15,1875.0,
2025-12-18T13:40:00,355.55,356.9,353.0,353.0,675.0,
2025-12-18T13:41:00,350.95,354.7,348.0,348.1,1050.0,766.0
2025-12-18T13:42:00,350.55,350.55,345.95,350.1,675.0,
2025-12-18T13:43:00,351.7,355.2,351.6,354.15,675.0,
2025-12-18T13:44:00,352.0,352.0,345.2,348.2,450.0,771.0
2025-12-18T13:45:00,347.85,349.4,347.0,347.0,300.0,
2025-12-18T13:46:00,348.4,349.0,345.35,345.35,2625.0,
2025-12-18T13:47:00,346.5,349.45,345.65,349.45,825.0,769.0
2025-12-18T13:48:00,347.5,353.35,346.7,352.55,1125.0,
2025-12-18T13:49:00,352.6,353.8,348.8,348.8,750.0,
2025-12-18T13:50:00,349.75,349.75,348.4,348.4,225.0,
2025-12-18T13:51:00,351.4,351.95,348.65,348.65,1950.0,768.0
2025-12-18T13:52:00,348.5,351.35,347.4,349.35,2700.0,
2025-12-18T13:53:00,351.35,354.8,351.35,354.15,3525.0,755.0
2025-12-18T13:54:00,354.0,360.0,354.0,356.8,1575.0,
2025-12-18T13:55:00,352.6,352.6,352.6,352.6,300.0,
2025-12-18T13:56:00,350.75,352.15,349.4,349.4,2925.0,734.0
2025-12-18T13:57:00,350.35,351.35,339.0,339.0,1425.0,
2025-12-18T13:58:00,339.9,344.15,335.0,344.15,2850.0,
2025-12-18T13:59:00,343.5,344.0,343.5,343.5,1950.0,
2025-12-18T14:00:00,343.15,344.8,337.1,337.7,2850.0,725.0
2025-12-18T14:01:00,339.35,340.55,336.5,336.5,1200.0,
2025-12-18T14:02:00,337.25,337.25,323.75,325.45,3375.0,732.0
2025-12-18T14:03:00,327.5,327.5,323.35,323.35,4875.0,
2025-12-18T14:04:00,328.95,330.1,328.95,329.85,525.0,
2025-12-18T14:05:00,327.1,329.7,326.5,328.5,1050.0,763.0
2025-12-18T14:06:00,328.4,328.4,323.65,324.3,2700.0,
2025-12-18T14:07:00,325.7,326.3,314.5,316.2,5475.0,
2025-12-18T14:08:00,316.25,320.15,315.4,317.75,1725.0,744.0
2025-12-18T14:09:00,318.6,319.75,315.0,315.0,2925.0,
2025-12-18T14:10:00,314.55,318.0,307.5,311.95,7875.0,
2025-12-18T14:11:00,311.5,312.3,303.0,308.7,6900.0,756.0
2025-12-18T14:12:00,309.3,310.05,307.65,308.0,5775.0,
2025-12-18T14:13:00,307.45,311.05,307.0,311.05,3000.0,
2025-12-18T14:14:00,309.15,309.75,305.0,306.5,6300.0,803.0
2025-12-18T14:15:00,305.7,308.5,303.05,303.05,4125.0,
2025-12-18T14:16:00,305.65,306.7,298.25,305.15,5325.0,
2025-12-18T14:17:00,305.9,315.0,304.0,313.95,9150.0,804.0
2025-12-18T14:18:00,314.4,316.7,313.6,313.6,11475.0,
2025-12-18T14:19:00,313.65,313.65,307.45,308.7,2100.0,
2025-12-18T14:20:00,309.6,310.3,308.15,310.15,3750.0,911.0
2025-12-18T14:21:00,308.95,308.95,302.4,304.45,9900.0,
2025-12-18T14:22:00,303.0,306.55,302.95,304.45,4125.0,
2025-12-18T14:23:00,304.05,305.0,290.45,291.45,10650.0,926.0
2025-12-18T14:24:00,290.0,294.5,288.15,288.95,12450.0,
2025-12-18T14:25:00,288.4,293.35,288.0,293.1,3600.0,
2025-12-18T14:26:00,292.2,292.4,283.85,290.75,7200.0,952.0
2025-12-18T14:27:00,289.65,291.7,288.8,291.7,4650.0,
2025-12-18T14:28:00,291.75,293.05,286.35,286.9,6675.0,
2025-12-18T14:29:00,287.4,294.95,287.4,294.05,4575.0,984.0
2025-12-18T14:30:00,294.8,300.95,291.45,300.25,9825.0,
2025-12-18T14:31:00,300.15,309.0,300.15,308.8,7800.0,
2025-12-18T14:32:00,308.1,313.1,306.85,313.1,27150.0,948.0
2025-12-18T14:33:00,310.9,317.35,310.9,311.65,9450.0,
2025-12-18T14:34:00,312.65,313.4,302.65,302.85,3750.0,
2025-12-18T14:35:00,302.75,303.2,297.5,303.15,7050.0,847.0
2025-12-18T14:36:00,303.8,305.3,302.1,304.8,1800.0,
2025-12-18T14:37:00,304.0,304.6,302.0,302.95,1725.0,
2025-12-18T14:38:00,301.85,303.25,298.25,299.45,3150.0,858.0
2025-12-18T14:39:00,299.3,300.35,295.0,296.4,4950.0,
2025-12-18T14:40:00,293.4,297.85,293.4,296.55,4875.0,
2025-12-18T14:41:00,297.25,302.6,295.6,297.95,8250.0,888.0
2025-12-18T14:42:00,300.15,300.15,295.85,299.5,5250.0,
2025-12-18T14:43:00,298.1,298.1,290.5,292.85,2775.0,
2025-12-18T14:44:00,293.6,297.0,292.6,296.75,2025.0,886.0
2025-12-18T14:45:00,296.65,301.5,296.65,301.05,3450.0,
2025-12-18T14:46:00,303.0,305.95,300.0,300.9,7950.0,
2025-12-18T14:47:00,300.4,301.1,296.45,301.1,2250.0,933.0
2025-12-18T14:48:00,302.7,305.0,299.55,300.3,7800.0,
2025-12-18T14:49:00,299.35,302.55,295.55,297.35,1725.0,
2025-12-18T14:50:00,298.35,298.35,293.8,296.1,2250.0,915.0
2025-12-18T14:51:00,295.5,295.5,291.35,293.35,3000.0,
2025-12-18T14:52:00,293.0,293.0,285.45,288.1,4350.0,
2025-12-18T14:53:00,289.4,289.4,281.35,281.35,3225.0,941.0
2025-12-18T14:54:00,282.0,296.9,281.2,294.55,8250.0,
2025-12-18T14:55:00,292.5,298.0,291.6,298.0,3525.0,
2025-12-18T14:56:00,297.7,300.4,295.5,297.6,9075.0,960.0
2025-12-18T14:57:00,298.2,300.45,293.45,293.45,2400.0,
2025-12-18T14:58:00,293.0,295.5,293.0,295.1,1575.0,
2025-12-18T14:59:00,294.45,294.45,292.65,294.45,6600.0,951.0
2025-12-18T15:00:00,297.7,304.55,297.7,299.5,8625.0,
2025-12-18T15:01:00,300.15,304.25,295.5,303.05,8625.0,
2025-12-18T15:02:00,303.0,308.65,302.6,308.65,9450.0,916.0
2025-12-18T15:03:00,309.4,316.0,308.15,314.85,9600.0,
2025-12-18T15:04:00,313.85,317.1,312.4,316.2,10650.0,
2025-12-18T15:05:00,313.35,316.2,310.0,316.2,3825.0,789.0
2025-12-18T15:06:00,315.3,318.0,308.0,308.15,5175.0,
2025-12-18T15:07:00,309.6,312.6,307.55,312.6,2025.0,
2025-12-18T15:08:00,311.95,313.45,311.95,312.9,750.0,
2025-12-18T15:09:00,311.45,315.0,309.95,315.0,2100.0,762.0
2025-12-18T15:10:00,314.85,315.35,312.75,315.15,4200.0,
2025-12-18T15:11:00,314.85,318.0,313.3,318.0,5325.0,743.0
2025-12-18T15:12:00,315.0,315.5,313.25,313.25,1125.0,
2025-12-18T15:13:00,311.9,311.9,308.3,310.65,2475.0,
2025-12-18T15:14:00,310.0,311.55,309.0,311.55,2625.0,716.0
2025-12-18T15:15:00,311.25,311.55,307.2,308.75,1500.0,
2025-12-18T15:16:00,309.3,309.65,305.15,309.15,2250.0,
2025-12-18T15:17:00,308.6,309.0,305.3,308.35,2100.0,708.0
2025-12-18T15:18:00,307.35,309.65,306.7,309.65,2700.0,
2025-12-18T15:19:00,309.55,309.55,308.55,308.8,750.0,
2025-12-18T15:20:00,308.4,308.65,307.3,308.15,2700.0,692.0
2025-12-18T15:21:00,307.5,308.15,306.45,306.95,1575.0,
2025-12-18T15:22:00,306.0,307.55,305.7,306.5,2250.0,
2025-12-18T15:23:00,306.55,306.9,306.35,306.45,1725.0,677.0
2025-12-18T15:24:00,307.2,307.45,307.0,307.0,1050.0,
2025-12-18T15:25:00,306.6,307.65,306.5,306.5,2100.0,
2025-12-18T15:26:00,306.65,306.65,305.55,306.35,1725.0,665.0
2025-12-18T15:27:00,305.0,305.5,303.9,304.2,2400.0,
2025-12-18T15:28:00,303.9,305.2,303.85,304.75,3000.0,
2025-12-18T15:29:00,305.05,307.25,304.4,305.15,6450.0,625.0
2025-12-19T09:15:00,370.2,394.4,369.65,388.0,14550.0,
2025-12-19T09:16:00,389.1,399.8,388.1,398.65,5325.0,606.0
2025-12-19T09:17:00,400.65,403.35,392.75,400.8,16125.0,
2025-12-19T09:18:00,402.0,411.0,401.9,408.0,7125.0,
2025-12-19T09:19:00,407.85,407.85,398.15,400.95,12825.0,571.0
2025-12-19T09:20:00,399.85,410.0,399.85,406.7,4575.0,
2025-12-19T09:21:00,409.0,412.7,407.0,408.9,4200.0,
2025-12-19T09:22:00,410.45,416.0,406.8,412.45,9150.0,533.0
2025-12-19T09:23:00,411.7,413.7,407.65,412.9,2175.0,
2025-12-19T09:24:00,413.25,416.0,411.85,414.55,1275.0,
2025-12-19T09:25:00,415.1,415.1,411.1,413.1,3750.0,522.0
2025-12-19T09:26:00,413.0,416.0,409.25,409.25,3225.0,
2025-12-19T09:27:00,410.95,418.0,410.95,416.35,750.0,
2025-12-19T09:28:00,418.0,421.65,416.9,419.95,4950.0,499.0
2025-12-19T09:29:00,421.0,424.4,418.85,424.4,1200.0,
2025-12-19T09:30:00,429.0,442.6,429.0,439.3,5325.0,
2025-12-19T09:31:00,439.55,440.85,437.35,438.75,1050.0,491.0
2025-12-19T09:32:00,437.2,437.2,432.65,435.7,1425.0,
2025-12-19T09:33:00,437.45,438.05,434.65,435.2,975.0,
2025-12-19T09:34:00,442.05,442.05,438.8,440.2,375.0,474.0
2025-12-19T09:35:00,436.7,438.0,435.2,435.6,3150.0,
2025-12-19T09:36:00,434.95,435.95,432.0,435.95,1500.0,
2025-12-19T09:37:00,436.8,440.05,435.55,437.05,5625.0,437.0
2025-12-19T09:38:00,440.4,440.4,432.85,433.0,1350.0,
2025-12-19T09:39:00,440.6,441.7,439.3,439.3,450.0,
2025-12-19T09:40:00,438.7,438.7,430.2,433.9,825.0,453.0
2025-12-19T09:41:00,430.0,439.35,430.0,439.1,3450.0,
2025-12-19T09:42:00,437.4,441.4,436.35,436.35,675.0,
2025-12-19T09:43:00,435.9,435.9,433.15,433.15,825.0,456.0
2025-12-19T09:44:00,434.5,436.35,429.35,429.35,1275.0,
2025-12-19T09:45:00,435.0,441.75,435.0,441.75,4050.0,
2025-12-19T09:46:00,442.6,444.7,431.8,432.25,2475.0,462.0
2025-12-19T09:47:00,435.55,436.05,432.9,435.4,1200.0,
2025-12-19T09:48:00,436.45,436.45,424.2,426.3,2400.0,
2025-12-19T09:49:00,427.55,427.55,420.4,422.15,1575.0,475.0
2025-12-19T09:50:00,424.8,427.55,421.95,426.75,3450.0,
2025-12-19T09:51:00,425.7,427.05,421.1,421.5,1650.0,
2025-12-19T09:52:00,422.85,423.5,421.1,421.1,450.0,470.0
2025-12-19T09:53:00,424.8,426.9,424.8,425.6,600.0,
2025-12-19T09:54:00,425.55,435.6,423.8,435.6,1650.0,
2025-12-19T09:55:00,426.85,431.7,426.85,431.7,450.0,482.0
2025-12-19T09:56:00,430.15,435.0,427.15,427.15,675.0,
2025-12-19T09:57:00,423.05,433.0,423.05,433.0,150.0,
2025-12-19T09:58:00,433.45,436.0,431.1,435.55,2700.0,492.0
2025-12-19T09:59:00,435.2,437.0,432.0,437.0,1200.0,
2025-12-19T10:00:00,436.25,443.3,435.4,437.8,1950.0,
2025-12-19T10:01:00,429.0,431.0,429.0,431.0,1275.0,499.0
2025-12-19T10:02:00,437.8,441.45,436.85,436.85,975.0,
2025-12-19T10:03:00,436.65,437.2,435.9,435.9,675.0,
2025-12-19T10:05:00,431.2,431.2,414.95,414.95,1275.0,506.0
2025-12-19T10:06:00,415.5,415.5,408.8,409.0,3150.0,
2025-12-19T10:07:00,410.05,414.5,404.6,413.85,4275.0,522.0
2025-12-19T10:08:00,414.15,416.1,414.15,416.1,450.0,
2025-12-19T10:09:00,418.3,424.95,418.3,422.65,2925.0,
2025-12-19T10:10:00,427.7,427.7,422.75,423.1,3000.0,576.0
2025-12-19T10:11:00,420.6,420.6,415.2,417.4,750.0,
2025-12-19T10:12:00,417.45,417.9,413.55,413.7,1125.0,
2025-12-19T10:13:00,410.35,412.0,408.0,408.0,1275.0,584.0
2025-12-19T10:14:00,407.6,410.95,407.6,409.4,2175.0,
2025-12-19T10:15:00,409.45,409.45,408.1,408.8,975.0,
2025-12-19T10:16:00,412.1,412.1,411.05,411.05,225.0,609.0
2025-12-19T10:17:00,413.0,419.0,413.0,419.0,2550.0,
2025-12-19T10:18:00,420.55,420.55,416.0,416.0,675.0,
2025-12-19T10:19:00,417.85,417.85,417.7,417.7,225.0,591.0
2025-12-19T10:20:00,417.4,418.75,417.4,418.75,1950.0,
2025-12-19T10:21:00,419.85,422.0,419.85,420.6,300.0,
2025-12-19T10:22:00,417.15,417.15,417.15,417.15,150.0,609.0
2025-12-19T10:23:00,416.8,419.9,416.8,419.9,675.0,
2025-12-19T10:24:00,421.75,421.75,421.75,421.75,150.0,
2025-12-19T10:25:00,421.8,421.8,418.9,418.9,525.0,608.0
2025-12-19T10:26:00,418.8,426.2,418.8,426.2,600.0,
2025-12-19T10:27:00,428.25,430.0,428.25,430.0,150.0,
2025-12-19T10:28:00,433.0,435.0,431.25,431.25,825.0,611.0
2025-12-19T10:29:00,430.9,430.9,429.2,429.2,375.0,
2025-12-19T10:30:00,428.8,430.9,428.8,430.9,375.0,
2025-12-19T10:31:00,431.0,431.0,430.45,430.45,225.0,604.0
2025-12-19T10:33:00,432.1,432.1,432.1,432.1,150.0,
2025-12-19T10:34:00,428.05,428.05,423.35,424.45,525.0,
2025-12-19T10:35:00,431.65,431.65,429.0,429.0,225.0,608.0
2025-12-19T10:36:00,428.0,428.0,427.0,427.0,150.0,
2025-12-19T10:37:00,426.85,426.85,426.85,426.85,75.0,609.0
2025-12-19T10:38:00,426.6,427.1,425.35,425.35,225.0,
2025-12-19T10:39:00,432.55,432.55,431.65,431.65,150.0,
2025-12-19T10:40:00,437.0,437.0,437.0,437.0,150.0,612.0
2025-12-19T10:41:00,436.25,436.85,426.9,426.9,1050.0,
2025-12-19T10:42:00,435.0,442.95,435.0,442.95,1350.0,
2025-12-19T10:43:00,439.05,439.05,439.05,439.05,75.0,
2025-12-19T10:44:00,444.0,444.0,443.15,443.15,525.0,601.0
2025-12-19T10:45:00,443.15,443.15,443.15,443.15,75.0,
2025-12-19T10:46:00,443.0,443.0,443.0,443.0,75.0,
2025-12-19T10:47:00,439.15,441.45,437.3,437.3,750.0,599.0
2025-12-19T10:48:00,433.65,433.65,433.65,433.65,75.0,
2025-12-19T10:49:00,433.7,435.15,430.95,432.15,525.0,600.0
2025-12-19T10:50:00,435.8,438.05,435.8,438.05,450.0,
2025-12-19T10:51:00,435.85,439.0,435.85,439.0,975.0,
2025-12-19T10:52:00,441.65,441.65,441.65,441.65,225.0,594.0
2025-12-19T10:53:00,443.0,443.0,443.0,443.0,150.0,
2025-12-19T10:54:00,436.4,436.4,436.4,436.4,75.0,
2025-12-19T10:57:00,429.75,429.75,429.75,429.75,150.0,593.0
2025-12-19T10:58:00,422.8,429.0,422.8,429.0,525.0,594.0
2025-12-19T10:59:00,427.05,427.6,427.05,427.6,375.0,
2025-12-19T11:00:00,426.5,426.5,426.5,426.5,75.0,
2025-12-19T11:01:00,430.0,430.0,428.0,428.0,225.0,
2025-12-19T11:02:00,430.05,430.05,430.05,430.05,150.0,594.0
2025-12-19T11:03:00,424.6,426.1,424.6,426.1,150.0,
2025-12-19T11:04:00,424.95,424.95,420.0,422.35,525.0,592.0
2025-12-19T11:06:00,420.0,420.05,416.0,416.0,375.0,
2025-12-19T11:07:00,419.9,419.9,419.0,419.0,225.0,593.0
2025-12-19T11:08:00,423.55,423.55,423.55,423.55,75.0,
2025-12-19T11:09:00,420.4,422.45,420.4,422.45,150.0,
2025-12-19T11:10:00,422.45,422.45,422.45,422.45,75.0,592.0
2025-12-19T11:11:00,423.65,423.65,418.75,421.3,675.0,
2025-12-19T11:13:00,423.1,423.1,417.05,417.05,675.0,
2025-12-19T11:14:00,424.35,424.35,424.35,424.35,375.0,
2025-12-19T11:15:00,425.0,425.0,422.05,422.05,975.0,
2025-12-19T11:16:00,424.45,424.45,424.45,424.45,150.0,589.0
2025-12-19T11:17:00,426.0,427.0,420.0,420.0,300.0,
2025-12-19T11:18:00,419.45,419.95,417.0,417.0,600.0,
2025-12-19T11:19:00,420.1,420.1,420.1,420.1,150.0,588.0
2025-12-19T11:20:00,417.0,417.0,417.0,417.0,75.0,
2025-12-19T11:21:00,415.05,424.0,415.05,424.0,2775.0,
2025-12-19T11:22:00,426.0,428.8,426.0,427.35,300.0,570.0
2025-12-19T11:24:00,418.0,418.0,418.0,418.0,75.0,
2025-12-19T11:25:00,413.3,415.25,409.75,415.25,1950.0,566.0
2025-12-19T11:26:00,415.0,415.0,413.9,413.9,225.0,
2025-12-19T11:27:00,408.0,408.0,407.75,407.75,450.0,
2025-12-19T11:28:00,410.0,410.0,408.0,408.0,1875.0,
2025-12-19T11:29:00,407.75,407.75,397.05,398.2,975.0,575.0
2025-12-19T11:30:00,398.0,398.0,394.9,397.65,1725.0,
2025-12-19T11:31:00,400.4,401.05,397.25,397.85,525.0,
2025-12-19T11:32:00,397.45,398.4,395.1,398.4,1125.0,566.0
2025-12-19T11:33:00,396.35,396.7,391.0,396.7,1275.0,
2025-12-19T11:34:00,395.35,397.2,395.35,395.9,600.0,568.0
2025-12-19T11:35:00,394.0,398.0,394.0,398.0,225.0,
2025-12-19T11:36:00,401.05,407.2,401.05,401.9,2625.0,
2025-12-19T11:37:00,404.9,404.9,403.65,403.65,150.0,
2025-12-19T11:38:00,402.05,402.05,398.3,401.55,600.0,551.0
2025-12-19T11:39:00,402.0,403.3,402.0,402.65,375.0,
2025-12-19T11:40:00,402.75,403.0,402.75,403.0,450.0,558.0
2025-12-19T11:41:00,399.35,399.35,399.35,399.35,75.0,
2025-12-19T11:42:00,398.6,398.6,397.8,397.8,1425.0,
2025-12-19T11:43:00,392.65,392.65,383.9,383.9,750.0,559.0
2025-12-19T11:44:00,380.0,388.3,380.0,380.0,3825.0,
2025-12-19T11:45:00,379.4,380.4,372.9,378.05,2100.0,
2025-12-19T11:46:00,375.85,380.05,375.85,380.05,375.0,
2025-12-19T11:47:00,382.45,384.1,382.45,384.1,300.0,544.0
2025-12-19T11:48:00,383.6,388.5,383.6,385.85,2700.0,
2025-12-19T11:49:00,387.55,387.55,383.8,383.8,825.0,
2025-12-19T11:50:00,390.5,391.45,390.5,390.8,975.0,561.0
2025-12-19T11:51:00,393.15,394.55,389.6,389.6,1650.0,
2025-12-19T11:52:00,387.3,389.2,386.55,389.2,1125.0,
2025-12-19T11:53:00,388.3,388.3,386.25,386.25,300.0,564.0
2025-12-19T11:54:00,392.2,392.2,386.65,386.65,150.0,
2025-12-19T11:55:00,391.25,391.25,389.3,389.3,150.0,
2025-12-19T11:57:00,387.15,387.15,386.8,386.85,375.0,
2025-12-19T11:59:00,389.0,389.5,389.0,389.5,375.0,562.0
2025-12-19T12:00:00,389.0,393.05,389.0,393.05,1350.0,
2025-12-19T12:01:00,395.9,405.0,395.2,405.0,3900.0,551.0
2025-12-19T12:02:00,402.05,407.3,402.05,404.65,1800.0,
2025-12-19T12:03:00,402.55,404.95,400.0,400.0,1125.0,
2025-12-19T12:04:00,400.6,400.6,399.65,399.65,150.0,
2025-12-19T12:05:00,402.2,403.8,398.1,398.1,900.0,564.0
2025-12-19T12:06:00,401.35,401.35,401.35,401.35,225.0,
2025-12-19T12:07:00,405.1,407.5,405.1,407.5,150.0,567.0
2025-12-19T12:08:00,407.0,412.0,407.0,410.9,3000.0,
2025-12-19T12:09:00,411.95,414.15,410.2,410.2,450.0,
2025-12-19T12:10:00,409.45,409.45,408.5,408.5,300.0,
2025-12-19T12:11:00,409.1,409.15,409.0,409.0,525.0,563.0
2025-12-19T12:12:00,406.75,406.85,404.15,406.85,375.0,
2025-12-19T12:13:00,407.0,409.45,407.0,409.45,300.0,
2025-12-19T12:14:00,408.55,408.55,408.55,408.55,75.0,565.0
2025-12-19T12:15:00,411.25,411.25,407.0,407.1,10500.0,
2025-12-19T12:16:00,408.2,408.45,408.2,408.45,225.0,
2025-12-19T12:17:00,404.0,405.85,402.25,405.5,750.0,660.0
2025-12-19T12:18:00,402.6,404.0,402.5,404.0,300.0,
2025-12-19T12:19:00,402.0,402.0,402.0,402.0,225.0,
2025-12-19T12:20:00,395.0,395.15,393.7,394.05,525.0,660.0
2025-12-19T12:21:00,398.15,398.15,398.15,398.15,150.0,
2025-12-19T12:22:00,404.2,404.2,399.85,399.85,675.0,
2025-12-19T12:23:00,399.05,399.05,399.05,399.05,75.0,668.0
2025-12-19T12:24:00,400.9,400.9,394.0,394.0,1950.0,
2025-12-19T12:25:00,394.75,400.1,394.75,400.1,150.0,
2025-12-19T12:26:00,398.0,398.0,398.0,398.0,225.0,669.0
2025-12-19T12:27:00,397.6,397.6,395.0,395.0,150.0,
2025-12-19T12:28:00,393.3,395.25,393.3,395.25,825.0,
2025-12-19T12:29:00,398.0,398.0,395.25,395.25,1050.0,670.0
2025-12-19T12:30:00,397.1,397.1,397.1,397.1,75.0,
2025-12-19T12:31:00,397.65,400.45,397.65,399.55,525.0,
2025-12-19T12:32:00,404.0,407.55,404.0,407.55,450.0,682.0
2025-12-19T12:33:00,410.4,413.35,410.1,413.35,1200.0,
2025-12-19T12:34:00,411.35,415.15,411.35,415.0,750.0,
2025-12-19T12:36:00,413.55,413.85,413.55,413.85,150.0,671.0
2025-12-19T12:38:00,416.35,416.35,416.35,416.35,150.0,670.0
2025-12-19T12:39:00,418.0,428.1,418.0,428.1,1650.0,
2025-12-19T12:40:00,424.3,424.3,421.25,421.25,3675.0,
2025-12-19T12:41:00,424.2,424.2,424.2,424.2,75.0,697.0
2025-12-19T12:42:00,421.0,421.0,421.0,421.0,150.0,
2025-12-19T12:43:00,419.25,419.25,418.1,418.1,3525.0,
2025-12-19T12:44:00,416.7,418.0,416.7,418.0,450.0,677.0
2025-12-19T12:45:00,418.4,421.65,418.0,418.0,300.0,
2025-12-19T12:46:00,421.05,421.05,421.05,421.05,75.0,
2025-12-19T12:49:00,414.9,414.9,414.9,414.9,150.0,672.0
2025-12-19T12:50:00,414.0,414.0,412.5,412.5,150.0,
2025-12-19T12:51:00,410.35,414.1,410.35,414.1,975.0,
2025-12-19T12:52:00,413.4,413.4,410.3,410.6,225.0,
2025-12-19T12:53:00,416.55,416.55,411.7,411.7,150.0,672.0
2025-12-19T12:54:00,414.1,414.1,411.35,411.35,300.0,
2025-12-19T12:55:00,410.95,411.8,410.95,411.8,525.0,
2025-12-19T12:56:00,416.3,416.3,416.3,416.3,75.0,673.0
2025-12-19T12:57:00,416.0,416.0,410.0,410.0,375.0,
2025-12-19T13:00:00,410.05,410.05,410.05,410.05,225.0,675.0
2025-12-19T13:02:00,411.0,411.0,411.0,411.0,75.0,676.0
2025-12-19T13:04:00,409.25,409.25,409.25,409.25,150.0,
2025-12-19T13:05:00,410.5,412.15,409.25,409.25,375.0,677.0
2025-12-19T13:06:00,407.45,408.15,407.45,408.15,375.0,
2025-12-19T13:07:00,405.0,405.85,405.0,405.85,450.0,
2025-12-19T13:09:00,405.55,405.55,401.55,402.5,375.0,678.0
2025-12-19T13:10:00,407.0,407.0,407.0,407.0,75.0,
2025-12-19T13:11:00,404.0,404.55,404.0,404.55,150.0,678.0
2025-12-19T13:12:00,398.25,398.25,396.15,396.3,750.0,
2025-12-19T13:13:00,395.25,395.25,390.9,390.9,9750.0,
2025-12-19T13:14:00,395.65,397.05,394.05,396.65,825.0,582.0
2025-12-19T13:15:00,395.25,399.0,395.25,398.15,900.0,
2025-12-19T13:17:00,399.5,401.5,399.5,400.7,375.0,582.0
2025-12-19T13:18:00,400.65,405.0,400.55,405.0,225.0,
2025-12-19T13:19:00,409.0,410.0,408.7,410.0,375.0,
2025-12-19T13:20:00,410.65,410.65,410.65,410.65,75.0,582.0
2025-12-19T13:21:00,412.35,412.35,412.35,412.35,75.0,
2025-12-19T13:22:00,414.0,415.3,414.0,415.3,150.0,
2025-12-19T13:23:00,413.2,413.2,412.65,412.65,150.0,581.0
2025-12-19T13:24:00,412.7,412.7,412.7,412.7,75.0,
2025-12-19T13:26:00,414.6,414.6,414.6,414.6,225.0,
2025-12-19T13:27:00,417.0,418.1,417.0,418.1,150.0,582.0
2025-12-19T13:28:00,417.75,417.75,417.0,417.75,525.0,
2025-12-19T13:29:00,416.8,417.0,416.8,417.0,150.0,578.0
2025-12-19T13:31:00,420.9,420.9,420.9,420.9,225.0,
2025-12-19T13:32:00,422.5,422.5,421.35,421.35,150.0,576.0
2025-12-19T13:33:00,423.6,424.0,422.35,424.0,1425.0,
2025-12-19T13:34:00,424.05,424.05,424.05,424.05,75.0,
2025-12-19T13:35:00,425.65,425.65,425.65,425.65,75.0,585.0
2025-12-19T13:36:00,430.2,430.9,430.1,430.9,4125.0,
2025-12-19T13:37:00,428.6,428.6,428.6,428.6,825.0,
2025-12-19T13:38:00,424.6,424.6,424.6,424.6,375.0,569.0
2025-12-19T13:39:00,423.0,424.0,423.0,424.0,225.0,
2025-12-19T13:40:00,425.0,428.0,425.0,428.0,450.0,
2025-12-19T13:44:00,431.25,433.0,431.25,432.45,4950.0,567.0
2025-12-19T13:45:00,430.0,430.65,430.0,430.65,300.0,
2025-12-19T13:46:00,433.0,433.0,433.0,433.0,150.0,
2025-12-19T13:47:00,436.0,437.0,433.1,434.3,1275.0,533.0
2025-12-19T13:48:00,435.05,435.05,432.85,432.85,225.0,
2025-12-19T13:49:00,432.45,433.2,432.45,433.2,1725.0,
2025-12-19T13:50:00,427.6,428.4,427.6,428.4,525.0,549.0
2025-12-19T13:51:00,430.45,430.45,430.35,430.35,150.0,
2025-12-19T13:52:00,433.7,433.7,433.0,433.0,1425.0,
2025-12-19T13:53:00,428.9,428.9,428.9,428.9,75.0,
2025-12-19T13:55:00,425.0,425.0,425.0,425.0,75.0,548.0
2025-12-19T13:57:00,428.0,430.5,428.0,430.5,225.0,549.0
2025-12-19T13:58:00,426.3,426.3,426.3,426.3,525.0,
2025-12-19T14:01:00,433.25,433.25,433.25,433.25,150.0,544.0
2025-12-19T14:02:00,431.0,431.0,431.0,431.0,75.0,543.0
2025-12-19T14:03:00,425.0,425.0,425.0,425.0,,
2025-12-19T14:04:00,420.1,420.5,420.0,420.5,375.0,
2025-12-19T14:05:00,424.7,424.7,423.05,423.7,375.0,
2025-12-19T14:07:00,421.75,421.75,421.75,421.75,75.0,543.0
2025-12-19T14:08:00,424.35,424.35,424.35,424.35,75.0,
2025-12-19T14:09:00,427.0,427.0,427.0,427.0,300.0,545.0
2025-12-19T14:10:00,425.3,425.3,424.5,424.5,2250.0,
2025-12-19T14:11:00,422.35,422.35,422.35,422.35,225.0,543.0
2025-12-19T14:12:00,422.8,428.85,422.8,428.65,300.0,
2025-12-19T14:13:00,427.05,427.05,427.05,427.05,300.0,
2025-12-19T14:14:00,424.9,424.9,424.9,424.9,75.0,
2025-12-19T14:15:00,426.4,426.45,426.4,426.45,150.0,544.0
2025-12-19T14:16:00,427.05,427.05,426.5,426.5,750.0,
2025-12-19T14:18:00,428.4,432.1,428.4,432.1,375.0,549.0
2025-12-19T14:19:00,435.0,435.0,435.0,435.0,75.0,
2025-12-19T14:20:00,435.0,435.0,435.0,435.0,1800.0,
2025-12-19T14:21:00,435.25,435.25,435.25,435.25,75.0,531.0
2025-12-19T14:22:00,433.9,433.9,433.8,433.8,450.0,
2025-12-19T14:23:00,433.85,438.2,432.95,438.2,1500.0,526.0
2025-12-19T14:24:00,445.0,447.4,444.0,445.3,1500.0,
2025-12-19T14:25:00,449.05,450.55,439.15,439.15,3000.0,
2025-12-19T14:26:00,438.65,438.65,438.05,438.05,675.0,497.0
2025-12-19T14:27:00,435.85,435.85,431.0,431.45,375.0,
2025-12-19T14:28:00,429.4,432.95,429.4,430.05,600.0,
2025-12-19T14:29:00,429.8,429.8,428.8,428.8,825.0,506.0
2025-12-19T14:30:00,429.95,432.8,429.95,432.8,900.0,
2025-12-19T14:32:00,429.85,429.85,429.85,429.85,150.0,504.0
2025-12-19T14:33:00,427.1,427.1,425.05,425.05,450.0,
2025-12-19T14:34:00,425.85,427.35,425.85,426.05,1125.0,
2025-12-19T14:35:00,426.15,426.65,426.15,426.65,300.0,
2025-12-19T14:36:00,426.9,426.9,426.9,426.9,225.0,510.0
2025-12-19T14:37:00,428.55,428.55,428.55,428.55,300.0,
2025-12-19T14:38:00,436.75,436.95,436.75,436.95,150.0,508.0
2025-12-19T14:39:00,436.1,437.15,434.0,434.0,600.0,
2025-12-19T14:40:00,430.45,430.45,430.45,430.45,75.0,
2025-12-19T14:41:00,427.4,428.95,426.85,428.95,300.0,
2025-12-19T14:42:00,432.55,432.55,432.55,432.55,300.0,513.0
2025-12-19T14:43:00,430.45,430.45,430.45,430.45,75.0,
2025-12-19T14:45:00,429.8,429.8,429.8,429.8,150.0,514.0
2025-12-19T14:48:00,434.15,434.15,434.15,434.15,75.0,
2025-12-19T14:49:00,437.4,437.5,437.4,437.5,150.0,
2025-12-19T14:50:00,432.15,432.15,432.15,432.15,75.0,
2025-12-19T14:51:00,429.25,429.35,428.0,428.0,300.0,
2025-12-19T14:53:00,432.4,432.4,428.8,428.8,375.0,
2025-12-19T14:55:00,428.8,428.8,428.8,428.8,375.0,513.0
2025-12-19T14:56:00,425.15,425.15,425.15,425.15,75.0,
2025-12-19T14:57:00,424.35,426.8,424.35,426.8,75.0,
2025-12-19T14:58:00,426.8,426.8,426.8,426.8,150.0,
2025-12-19T14:59:00,425.6,425.6,425.6,425.6,150.0,
2025-12-19T15:00:00,428.0,428.0,419.0,422.55,1500.0,513.0
2025-12-19T15:01:00,424.3,429.85,423.15,429.85,1125.0,
2025-12-19T15:02:00,430.0,433.1,429.1,429.7,1575.0,498.0
2025-12-19T15:03:00,431.95,431.95,428.0,428.6,1425.0,
2025-12-19T15:04:00,427.4,430.2,423.45,430.2,5775.0,
2025-12-19T15:05:00,428.5,434.0,427.9,434.0,3000.0,502.0
2025-12-19T15:06:00,432.55,435.85,432.55,433.05,1425.0,
2025-12-19T15:07:00,436.25,436.95,434.7,436.25,2850.0,
2025-12-19T15:08:00,433.7,435.15,433.25,435.15,900.0,484.0
2025-12-19T15:09:00,435.4,437.6,434.95,436.85,1650.0,
2025-12-19T15:10:00,436.3,437.4,435.5,436.35,1575.0,
2025-12-19T15:11:00,435.6,436.0,434.1,434.55,1350.0,465.0
2025-12-19T15:12:00,434.95,434.95,427.95,428.85,825.0,
2025-12-19T15:13:00,429.45,431.45,429.45,431.45,1650.0,
2025-12-19T15:14:00,431.05,433.4,430.55,433.15,2175.0,432.0
2025-12-19T15:15:00,433.0,433.0,426.7,426.7,3975.0,
2025-12-19T15:16:00,431.2,431.2,428.65,430.4,450.0,
2025-12-19T15:17:00,432.15,432.15,430.7,430.7,300.0,404.0
2025-12-19T15:18:00,434.2,434.2,434.2,434.2,75.0,
2025-12-19T15:19:00,433.0,433.0,433.0,433.0,75.0,
2025-12-19T15:20:00,430.5,432.9,430.5,432.9,450.0,
2025-12-19T15:21:00,430.05,432.9,430.05,432.8,2100.0,405.0
2025-12-19T15:22:00,426.65,433.15,426.65,432.8,6375.0,
2025-12-19T15:23:00,432.55,432.6,432.35,432.6,450.0,
2025-12-19T15:24:00,432.45,433.1,432.45,433.1,150.0,366.0
2025-12-19T15:25:00,433.0,433.0,432.55,432.55,900.0,
2025-12-19T15:26:00,433.6,434.2,433.15,434.2,1875.0,356.0
2025-12-19T15:27:00,432.95,440.8,432.95,440.8,9300.0,
2025-12-19T15:28:00,438.0,438.0,435.95,435.95,1200.0,
2025-12-19T15:29:00,439.1,441.0,437.3,438.3,3600.0,
2025-12-22T09:15:00,527.2,557.05,527.2,556.45,7275.0,
2025-12-22T09:16:00,566.0,571.1,564.25,569.0,1800.0,310.0
2025-12-22T09:17:00,566.85,571.0,565.85,565.85,1275.0,
2025-12-22T09:18:00,566.15,569.65,564.05,566.25,975.0,
2025-12-22T09:19:00,570.75,570.75,567.0,567.0,300.0,312.0
2025-12-22T09:20:00,571.0,583.85,571.0,579.6,1875.0,
2025-12-22T09:21:00,580.55,582.1,580.1,581.4,1125.0,
2025-12-22T09:22:00,580.65,584.9,580.65,584.45,1575.0,299.0
2025-12-22T09:23:00,583.45,584.5,579.95,581.75,1425.0,
2025-12-22T09:24:00,583.4,583.4,580.05,580.85,300.0,
2025-12-22T09:25:00,576.0,582.45,576.0,582.45,1425.0,276.0
2025-12-22T09:26:00,583.6,586.15,583.6,586.15,600.0,
2025-12-22T09:27:00,587.4,587.4,586.2,586.2,525.0,
2025-12-22T09:28:00,585.05,585.05,584.7,584.7,375.0,263.0
2025-12-22T09:29:00,581.8,581.8,581.8,581.8,75.0,
2025-12-22T09:30:00,588.0,588.0,584.75,584.75,300.0,
2025-12-22T09:31:00,582.2,586.7,582.2,586.65,1050.0,264.0
2025-12-22T09:32:00,586.0,587.25,584.1,587.25,825.0,
2025-12-22T09:33:00,585.15,585.55,582.85,583.35,525.0,
2025-12-22T09:34:00,581.3,584.5,576.35,577.25,3300.0,282.0
2025-12-22T09:35:00,577.15,583.2,577.15,582.95,825.0,
2025-12-22T09:36:00,580.05,580.65,580.05,580.4,375.0,
2025-12-22T09:37:00,578.35,578.35,576.85,577.25,375.0,302.0
2025-12-22T09:38:00,579.65,579.65,575.45,575.9,750.0,
2025-12-22T09:39:00,576.0,576.6,571.6,576.6,3225.0,
2025-12-22T09:40:00,574.15,574.65,573.95,574.65,300.0,
2025-12-22T09:42:00,576.9,581.1,576.9,581.1,2925.0,339.0
2025-12-22T09:45:00,585.9,585.9,585.9,585.9,75.0,356.0
2025-12-22T09:46:00,585.9,585.9,585.9,585.9,75.0,357.0
2025-12-22T09:47:00,583.65,583.65,583.65,583.65,75.0,
2025-12-22T09:49:00,570.85,570.85,570.0,570.0,300.0,356.0
2025-12-22T09:50:00,575.0,575.0,575.0,575.0,600.0,
2025-12-22T09:51:00,574.95,574.95,574.3,574.3,2175.0,
2025-12-22T09:53:00,574.7,575.25,573.55,575.25,525.0,350.0
2025-12-22T09:54:00,580.0,580.0,580.0,580.0,75.0,
2025-12-22T09:58:00,582.8,590.0,582.65,590.0,5925.0,351.0
2025-12-22T09:59:00,595.0,595.0,593.0,593.0,1875.0,
2025-12-22T10:01:00,595.3,595.3,589.1,589.1,450.0,286.0
2025-12-22T10:04:00,590.8,590.8,590.8,590.8,300.0,
2025-12-22T10:10:00,581.65,581.65,581.65,581.65,75.0,283.0
2025-12-22T10:12:00,581.0,582.3,580.5,582.3,1950.0,282.0
2025-12-22T10:16:00,586.0,586.0,586.0,586.0,75.0,283.0
2025-12-22T10:19:00,587.4,587.4,585.7,585.7,450.0,282.0
2025-12-22T10:24:00,585.25,585.25,585.25,585.25,150.0,282.0
2025-12-22T10:28:00,582.65,583.15,582.65,583.15,150.0,282.0
2025-12-22T10:29:00,580.0,580.0,576.85,580.0,900.0,284.0
2025-12-22T10:32:00,584.2,584.2,584.2,584.2,150.0,286.0
2025-12-22T10:33:00,581.1,581.1,581.1,581.1,75.0,
2025-12-22T10:34:00,585.25,585.25,585.25,585.25,150.0,
2025-12-22T10:44:00,581.85,581.85,581.85,581.85,75.0,285.0
2025-12-22T10:46:00,582.55,582.55,582.55,582.55,75.0,
2025-12-22T10:50:00,591.0,591.0,591.0,591.0,75.0,285.0
2025-12-22T10:55:00,591.95,591.95,591.95,591.95,150.0,
2025-12-22T11:01:00,589.05,589.05,589.05,589.05,75.0,
2025-12-22T11:06:00,586.55,586.55,586.55,586.55,150.0,
2025-12-22T11:07:00,588.15,588.15,588.15,588.15,75.0,
2025-12-22T11:17:00,583.75,583.75,583.75,583.75,75.0,285.0
2025-12-22T11:21:00,583.25,583.25,583.25,583.25,75.0,286.0
2025-12-22T11:22:00,583.8,583.8,583.8,583.8,75.0,
2025-12-22T11:23:00,580.25,580.25,580.25,580.25,150.0,
2025-12-22T11:30:00,585.55,587.25,585.5,587.25,225.0,285.0
2025-12-22T11:38:00,590.0,590.0,589.85,590.0,2550.0,284.0
2025-12-22T11:46:00,587.7,588.0,587.7,588.0,750.0,283.0
2025-12-22T11:49:00,592.0,592.0,592.0,592.0,75.0,285.0
2025-12-22T11:50:00,592.4,592.4,592.4,592.4,75.0,284.0
2025-12-22T11:54:00,592.7,592.7,592.7,592.7,600.0,283.0
2025-12-22T11:56:00,592.0,592.0,592.0,592.0,75.0,289.0
2025-12-22T12:03:00,591.65,591.65,591.65,591.65,75.0,288.0
2025-12-22T12:09:00,595.0,595.0,595.0,595.0,75.0,288.0
2025-12-22T12:10:00,593.7,593.7,593.7,593.7,150.0,
2025-12-22T12:19:00,594.3,594.3,594.3,594.3,75.0,287.0
2025-12-22T12:27:00,591.25,591.25,591.25,591.25,75.0,288.0
2025-12-22T12:31:00,592.9,592.9,592.9,592.9,75.0,287.0
2025-12-22T12:34:00,590.35,590.35,590.35,590.35,75.0,288.0
2025-12-22T12:37:00,591.45,591.45,591.45,591.45,75.0,287.0
2025-12-22T12:40:00,592.35,593.1,592.35,593.1,600.0,288.0
2025-12-22T12:41:00,592.1,592.1,592.0,592.0,150.0,285.0
2025-12-22T12:42:00,591.65,591.65,591.65,591.65,75.0,
2025-12-22T12:43:00,588.8,588.9,588.8,588.9,150.0,
2025-12-22T12:45:00,580.95,580.95,580.95,580.95,75.0,
2025-12-22T12:47:00,580.05,581.75,580.05,581.75,375.0,
2025-12-22T12:50:00,579.95,580.55,579.95,580.55,900.0,286.0
2025-12-22T12:51:00,581.0,581.0,580.8,580.8,450.0,
2025-12-22T12:52:00,582.95,582.95,582.95,582.95,225.0,
2025-12-22T12:54:00,587.2,587.2,587.2,587.2,75.0,
2025-12-22T12:56:00,588.45,588.45,588.45,588.45,75.0,
2025-12-22T12:57:00,589.0,589.0,589.0,589.0,75.0,
2025-12-22T13:01:00,591.55,591.55,591.55,591.55,75.0,285.0
2025-12-22T13:17:00,592.45,592.45,592.45,592.45,75.0,
2025-12-22T13:28:00,597.4,597.4,596.8,596.8,225.0,
2025-12-22T13:35:00,600.0,600.15,595.2,595.2,375.0,287.0
2025-12-22T13:42:00,593.0,593.0,593.0,593.0,150.0,285.0
2025-12-22T13:50:00,595.05,595.05,595.05,595.05,75.0,
2025-12-22T13:55:00,593.55,593.55,593.55,593.55,75.0,284.0
2025-12-22T13:56:00,593.25,593.25,593.25,593.25,150.0,
2025-12-22T13:57:00,592.35,592.35,592.35,592.35,75.0,285.0
2025-12-22T14:01:00,595.0,595.0,595.0,595.0,1800.0,284.0
2025-12-22T14:04:00,593.0,593.0,593.0,593.0,450.0,273.0
2025-12-22T14:10:00,587.05,587.05,587.05,587.05,225.0,268.0
2025-12-22T14:11:00,587.0,587.0,587.0,587.0,75.0,
2025-12-22T14:15:00,595.0,595.0,595.0,595.0,75.0,
2025-12-22T14:16:00,595.9,595.9,595.9,595.9,,
2025-12-22T14:17:00,595.9,595.9,595.9,595.9,900.0,
2025-12-22T14:20:00,590.15,590.15,590.15,590.15,75.0,278.0
2025-12-22T14:21:00,588.7,592.05,588.7,592.05,525.0,
2025-12-22T14:22:00,593.35,593.35,592.45,592.45,150.0,
2025-12-22T14:23:00,594.0,595.0,594.0,595.0,1500.0,267.0
2025-12-22T14:25:00,597.4,599.3,597.4,599.3,150.0,
2025-12-22T14:31:00,597.6,597.6,596.65,596.65,375.0,261.0
2025-12-22T14:34:00,604.65,612.0,604.65,612.0,225.0,
2025-12-22T14:41:00,605.45,605.45,605.45,605.45,75.0,
2025-12-22T14:44:00,603.95,603.95,603.95,603.95,75.0,
2025-12-22T14:51:00,605.45,605.45,605.45,605.45,,
2025-12-22T14:52:00,604.85,604.85,604.85,604.85,150.0,
2025-12-22T14:54:00,605.15,605.5,604.8,604.8,225.0,259.0
2025-12-22T15:00:00,608.7,608.7,607.55,607.55,375.0,258.0
2025-12-22T15:01:00,608.6,608.6,606.85,606.9,300.0,
2025-12-22T15:04:00,605.05,605.05,605.05,605.05,75.0,255.0
2025-12-22T15:07:00,606.5,606.5,605.0,605.0,150.0,255.0
2025-12-22T15:10:00,602.9,602.9,602.9,602.9,75.0,254.0
2025-12-22T15:12:00,602.8,602.85,602.8,602.85,225.0,
2025-12-22T15:13:00,602.4,602.4,602.2,602.3,450.0,
2025-12-22T15:14:00,604.0,604.1,603.9,604.1,225.0,
2025-12-22T15:17:00,602.95,602.95,602.95,602.95,150.0,248.0
2025-12-22T15:19:00,604.0,604.0,604.0,604.0,75.0,249.0
2025-12-22T15:21:00,602.7,602.7,602.65,602.65,150.0,248.0
2025-12-22T15:22:00,601.75,601.75,601.75,601.75,75.0,
2025-12-22T15:23:00,601.75,601.75,601.75,601.75,75.0,
2025-12-22T15:25:00,603.15,603.15,603.15,603.15,150.0,246.0
2025-12-22T15:26:00,603.6,603.85,603.6,603.85,300.0,
2025-12-23T09:16:00,605.05,613.95,605.05,613.95,450.0,244.0
2025-12-23T09:17:00,610.35,610.35,600.0,600.0,675.0,
2025-12-23T09:19:00,614.35,614.35,610.0,610.0,150.0,240.0
2025-12-23T09:20:00,611.8,611.8,611.8,611.8,75.0,
2025-12-23T09:21:00,612.1,618.55,612.1,618.55,150.0,
2025-12-23T09:22:00,620.5,620.5,603.15,603.15,900.0,240.0
2025-12-23T09:23:00,602.0,602.0,602.0,602.0,75.0,
2025-12-23T09:26:00,589.1,597.4,589.1,597.4,825.0,237.0
2025-12-23T09:27:00,595.65,595.65,595.65,595.65,150.0,
2025-12-23T09:28:00,592.9,592.9,592.9,592.9,450.0,240.0
2025-12-23T09:35:00,590.2,590.2,588.4,588.4,150.0,
2025-12-23T09:36:00,590.15,590.15,590.15,590.15,600.0,
2025-12-23T09:37:00,592.6,598.35,592.6,598.35,675.0,
2025-12-23T09:39:00,588.1,588.1,588.1,588.1,75.0,244.0
2025-12-23T09:40:00,585.0,585.0,585.0,585.0,75.0,
2025-12-23T09:43:00,577.0,577.0,577.0,577.0,375.0,246.0
2025-12-23T09:44:00,568.85,568.85,568.85,568.85,75.0,
2025-12-23T09:45:00,573.05,576.35,573.05,576.35,150.0,
2025-12-23T09:46:00,571.2,571.2,571.2,571.2,75.0,241.0
2025-12-23T09:50:00,585.45,586.45,585.45,586.45,75.0,
2025-12-23T09:51:00,586.45,586.45,586.45,586.45,225.0,
2025-12-23T09:54:00,590.0,590.0,589.6,589.6,150.0,240.0
2025-12-23T09:55:00,590.9,590.9,590.9,590.9,300.0,
2025-12-23T09:56:00,598.0,600.1,598.0,600.1,150.0,
2025-12-23T09:57:00,610.4,610.75,608.0,608.0,825.0,
2025-12-23T09:59:00,620.0,620.6,620.0,620.6,375.0,237.0
2025-12-23T10:00:00,622.05,622.05,622.05,622.05,,
2025-12-23T10:01:00,624.8,629.6,624.8,629.6,375.0,240.0
2025-12-23T10:02:00,634.55,634.55,634.55,634.55,600.0,
2025-12-23T10:03:00,633.8,633.8,633.8,633.8,300.0,
2025-12-23T10:04:00,628.95,628.95,628.95,628.95,150.0,240.0
2025-12-23T10:07:00,626.5,626.5,626.5,626.5,450.0,241.0
2025-12-23T10:08:00,632.5,632.5,632.5,632.5,450.0,
2025-12-23T10:11:00,641.65,641.65,641.35,641.35,150.0,249.0
2025-12-23T10:12:00,645.65,645.65,645.65,645.65,300.0,
2025-12-23T10:13:00,645.95,645.95,638.65,638.65,600.0,254.0
2025-12-23T10:21:00,617.55,617.55,617.55,617.55,150.0,253.0
2025-12-23T11:10:00,635.0,635.0,635.0,635.0,75.0,
2025-12-23T11:27:00,637.6,637.6,637.6,637.6,75.0,
2025-12-23T11:28:00,637.0,637.0,637.0,637.0,75.0,
2025-12-23T11:48:00,612.5,613.55,612.5,613.55,300.0,252.0
2025-12-23T11:49:00,611.55,611.7,611.55,611.7,525.0,
2025-12-23T11:51:00,619.25,619.25,619.25,619.25,75.0,258.0
2025-12-23T12:00:00,628.6,628.6,628.6,628.6,75.0,
2025-12-23T12:04:00,636.15,636.95,635.9,636.95,525.0,
2025-12-23T12:06:00,631.35,631.35,631.35,631.35,75.0,255.0
2025-12-23T12:40:00,631.45,631.45,631.45,631.45,75.0,255.0
2025-12-23T12:42:00,630.0,630.0,630.0,630.0,75.0,255.0
2025-12-23T12:46:00,631.7,631.7,631.7,631.7,75.0,
2025-12-23T12:51:00,632.7,632.7,632.7,632.7,75.0,255.0
2025-12-23T13:04:00,633.4,633.4,633.4,633.4,75.0,255.0
2025-12-23T13:16:00,632.2,632.2,632.2,632.2,75.0,
2025-12-23T13:22:00,638.45,638.45,638.45,638.45,75.0,255.0
2025-12-23T13:25:00,636.15,636.15,636.15,636.15,,254.0
2025-12-23T13:26:00,636.15,636.15,636.15,636.15,75.0,
2025-12-23T13:55:00,645.7,645.7,645.7,645.7,75.0,253.0
2025-12-23T13:56:00,644.2,644.2,644.2,644.2,600.0,
2025-12-23T14:07:00,643.5,643.5,643.5,643.5,75.0,250.0
2025-12-23T14:14:00,656.9,659.1,656.9,659.1,150.0,
2025-12-23T14:15:00,661.15,668.85,661.15,668.85,1050.0,
2025-12-23T14:16:00,667.85,667.85,667.85,667.85,75.0,
2025-12-23T14:18:00,676.05,676.05,675.15,675.15,375.0,258.0
2025-12-23T14:19:00,667.1,667.1,667.1,667.1,75.0,
2025-12-23T14:23:00,673.15,673.15,673.15,673.15,,259.0
2025-12-23T14:24:00,673.15,673.15,673.15,673.15,300.0,
2025-12-23T14:25:00,673.05,673.05,673.05,673.05,75.0,
2025-12-23T14:26:00,670.0,670.0,670.0,670.0,75.0,256.0
2025-12-23T14:29:00,666.15,666.15,666.15,666.15,75.0,255.0
2025-12-23T14:30:00,663.5,663.5,663.5,663.5,75.0,
2025-12-23T14:34:00,652.3,652.3,652.3,652.3,75.0,254.0
2025-12-23T14:45:00,613.55,617.1,613.55,617.1,150.0,
2025-12-23T14:49:00,628.0,628.0,628.0,628.0,375.0,255.0
2025-12-23T14:52:00,628.85,632.4,627.15,627.15,450.0,252.0
2025-12-23T14:53:00,626.75,626.75,626.75,626.75,75.0,
2025-12-23T14:54:00,627.0,627.0,627.0,627.0,75.0,251.0
2025-12-23T14:55:00,627.75,627.75,627.75,627.75,75.0,
2025-12-23T14:56:00,624.85,624.85,624.85,624.85,75.0,
2025-12-23T14:57:00,624.95,624.95,624.95,624.95,75.0,250.0
2025-12-23T15:02:00,636.25,636.25,636.25,636.25,75.0,249.0
2025-12-23T15:07:00,624.9,624.9,624.9,624.9,75.0,249.0
2025-12-23T15:08:00,622.5,622.5,622.35,622.35,150.0,
2025-12-23T15:15:00,627.9,628.4,626.8,626.8,900.0,249.0
2025-12-23T15:16:00,625.9,625.9,625.75,625.75,300.0,
2025-12-23T15:18:00,628.55,628.55,628.55,628.55,750.0,261.0
2025-12-23T15:19:00,627.95,627.95,627.7,627.7,525.0,
2025-12-23T15:26:00,628.4,628.4,628.05,628.05,150.0,250.0
2025-12-23T15:27:00,627.25,627.25,627.25,627.25,75.0,249.0
2025-12-23T15:29:00,626.25,626.25,626.25,626.25,150.0,
