Timestamp,Nifty_Price,RSI,Status,Strike_Selected,CE_Price,PE_Price,Reason
2025-12-17 09:30:00,25898.2,50.0,SCAN,25900,0.0,0,Wait
2025-12-17 09:31:00,25900.45,50.0,SCAN,25900,0.0,0,Wait
2025-12-17 09:32:00,25909.65,50.0,SCAN,25900,0.0,0,Wait
2025-12-17 09:33:00,25914.9,50.0,SCAN,25900,0.0,0,Wait
2025-12-17 09:34:00,25921.95,50.0,SCAN,25900,0.0,0,Wait
2025-12-17 09:35:00,25926.05,50.0,SCAN,25950,0.0,0,Wait
2025-12-17 09:36:00,25921.1,50.0,SCAN,25900,0.0,0,Wait
2025-12-17 09:37:00,25922.6,50.0,SCAN,25900,0.0,0,Wait
2025-12-17 09:38:00,25918.1,50.0,SCAN,25900,0.0,0,Wait
2025-12-17 09:39:00,25914.7,50.0,SCAN,25900,0.0,0,Wait
2025-12-17 09:40:00,25917.35,50.0,SCAN,25900,0.0,0,Wait
2025-12-17 09:41:00,25913.15,50.0,SCAN,25900,0.0,0,Wait
2025-12-17 09:42:00,25904.75,50.0,SCAN,25900,0.0,0,Wait
2025-12-17 09:43:00,25890.1,50.0,SCAN,25900,0.0,0,Wait
2025-12-17 09:44:00,25880.2,50.0,SCAN,25900,0.0,0,Wait
2025-12-17 09:45:00,25881.55,50.0,SCAN,25900,0.0,0,Wait
2025-12-17 09:46:00,25886.1,50.0,SCAN,25900,0.0,0,Wait
2025-12-17 09:47:00,25875.9,50.0,SCAN,25900,0.0,0,Wait
2025-12-17 09:48:00,25861.1,50.0,SCAN,25850,0.0,0,Wait
2025-12-17 09:49:00,25862.9,50.0,SCAN,25850,0.0,0,Wait
2025-12-17 09:50:00,25861.7,50.0,SCAN,25850,0.0,0,Wait
2025-12-17 09:51:00,25860.95,50.0,SCAN,25850,0.0,0,Wait
2025-12-17 09:52:00,25853.65,50.0,SCAN,25850,0.0,0,Wait
2025-12-17 09:53:00,25853.3,50.0,SCAN,25850,0.0,0,Wait
2025-12-17 09:54:00,25865.25,50.0,SCAN,25850,0.0,0,Wait
2025-12-17 09:55:00,25867.5,50.0,SCAN,25850,0.0,0,Wait
2025-12-17 09:56:00,25872.0,50.0,SCAN,25850,0.0,0,Wait
2025-12-17 09:57:00,25870.05,50.0,SCAN,25850,0.0,0,Wait
2025-12-17 09:58:00,25868.75,50.0,SCAN,25850,0.0,0,Wait
2025-12-17 09:59:00,25868.25,50.0,SCAN,25850,0.0,0,Wait
2025-12-17 10:00:00,25865.6,50.0,SCAN,25850,0.0,0,Wait
2025-12-17 10:01:00,25861.65,50.0,SCAN,25850,0.0,0,Wait
2025-12-17 10:02:00,25862.5,50.0,SCAN,25850,0.0,0,Wait
2025-12-17 10:03:00,25854.9,50.0,SCAN,25850,0.0,0,Wait
2025-12-17 10:04:00,25845.65,50.0,SCAN,25850,0.0,0,Wait
2025-12-17 10:05:00,25844.65,50.0,SCAN,25850,0.0,0,Wait
2025-12-17 10:06:00,25829.2,50.0,SCAN,25850,0.0,0,Wait
2025-12-17 10:07:00,25828.15,50.0,SCAN,25850,0.0,0,Wait
2025-12-17 10:08:00,25832.9,50.0,SCAN,25850,0.0,0,Wait
2025-12-17 10:09:00,25838.4,50.0,SCAN,25850,0.0,0,Wait
2025-12-17 10:10:00,25833.6,50.0,SCAN,25850,0.0,0,Wait
2025-12-17 10:11:00,25830.95,50.0,SCAN,25850,0.0,0,Wait
2025-12-17 10:12:00,25841.1,50.0,SCAN,25850,0.0,0,Wait
2025-12-17 10:13:00,25839.4,50.0,SCAN,25850,0.0,0,Wait
2025-12-17 10:14:00,25840.15,50.0,SCAN,25850,0.0,0,Wait
2025-12-17 10:15:00,25835.15,50.0,SCAN,25850,0.0,0,Wait
2025-12-17 10:16:00,25834.35,50.0,SCAN,25850,0.0,0,Wait
2025-12-17 10:17:00,25833.85,50.0,SCAN,25850,0.0,0,Wait
2025-12-17 10:18:00,25840.5,50.0,SCAN,25850,0.0,0,Wait
2025-12-17 10:19:00,25848.75,50.0,SCAN,25850,0.0,0,Wait
2025-12-17 10:20:00,25844.35,38.931480594154834,SCAN,25850,0.0,0,Wait
2025-12-17 10:21:00,25838.4,38.931480594154834,SCAN,25850,0.0,0,Wait
2025-12-17 10:22:00,25831.85,38.931480594154834,SCAN,25850,0.0,0,Wait
2025-12-17 10:23:00,25829.15,38.931480594154834,SCAN,25850,0.0,0,Wait
2025-12-17 10:24:00,25826.4,38.931480594154834,SCAN,25850,0.0,0,Wait
2025-12-17 10:25:00,25823.45,36.68999774215447,SCAN,25800,0.0,0,Wait
2025-12-17 10:26:00,25828.4,36.68999774215447,SCAN,25850,0.0,0,Wait
2025-12-17 10:27:00,25826.2,36.68999774215447,SCAN,25850,0.0,0,Wait
2025-12-17 10:28:00,25820.1,36.68999774215447,SCAN,25800,0.0,0,Wait
2025-12-17 10:29:00,25813.65,36.68999774215447,SCAN,25800,0.0,0,Wait
2025-12-17 10:30:00,25813.5,23.199123527798832,SCAN,25800,0.0,0,Wait
2025-12-17 10:31:00,25815.4,23.199123527798832,SCAN,25800,0.0,0,Wait
2025-12-17 10:32:00,25815.3,23.199123527798832,SCAN,25800,0.0,0,Wait
2025-12-17 10:33:00,25821.6,23.199123527798832,SCAN,25800,0.0,0,Wait
2025-12-17 10:34:00,25821.85,23.199123527798832,SCAN,25800,0.0,0,Wait
2025-12-17 10:35:00,25814.45,24.501012438528804,SCAN,25800,0.0,0,Wait
2025-12-17 10:36:00,25812.5,24.501012438528804,SCAN,25800,0.0,0,Wait
2025-12-17 10:37:00,25815.45,24.501012438528804,SCAN,25800,0.0,0,Wait
2025-12-17 10:38:00,25812.2,24.501012438528804,SCAN,25800,0.0,0,Wait
2025-12-17 10:39:00,25815.35,24.501012438528804,SCAN,25800,0.0,0,Wait
2025-12-17 10:40:00,25812.4,17.74346044752339,SCAN,25800,0.0,0,Wait
2025-12-17 10:41:00,25814.3,17.74346044752339,SCAN,25800,0.0,0,Wait
2025-12-17 10:42:00,25817.6,17.74346044752339,SCAN,25800,0.0,0,Wait
2025-12-17 10:43:00,25823.5,17.74346044752339,SCAN,25800,0.0,0,Wait
2025-12-17 10:44:00,25819.6,17.74346044752339,SCAN,25800,0.0,0,Wait
2025-12-17 10:45:00,25818.65,23.470971747902837,SCAN,25800,0.0,0,Wait
2025-12-17 10:46:00,25820.45,23.470971747902837,SCAN,25800,0.0,0,Wait
2025-12-17 10:47:00,25828.2,23.470971747902837,SCAN,25850,0.0,0,Wait
2025-12-17 10:48:00,25832.8,23.470971747902837,SCAN,25850,0.0,0,Wait
2025-12-17 10:49:00,25829.25,23.470971747902837,SCAN,25850,0.0,0,Wait
2025-12-17 10:50:00,25829.95,27.500909421605982,SCAN,25850,0.0,0,Wait
2025-12-17 10:51:00,25825.9,27.500909421605982,SCAN,25850,0.0,0,Wait
2025-12-17 10:52:00,25819.95,27.500909421605982,SCAN,25800,0.0,0,Wait
2025-12-17 10:53:00,25823.45,27.500909421605982,SCAN,25800,0.0,0,Wait
2025-12-17 10:54:00,25818.35,27.500909421605982,SCAN,25800,0.0,0,Wait
2025-12-17 10:55:00,25807.6,32.361396303900605,SCAN,25800,144.5,0,Wait
2025-12-17 10:56:00,25805.85,32.361396303900605,SCAN,25800,0.0,0,Wait
2025-12-17 10:57:00,25807.5,32.361396303900605,SCAN,25800,0.0,0,Wait
2025-12-17 10:58:00,25814.3,32.361396303900605,SCAN,25800,0.0,0,Wait
2025-12-17 10:59:00,25819.95,32.361396303900605,SCAN,25800,0.0,0,Wait
2025-12-17 11:00:00,25817.55,32.333607230895225,SCAN,25800,0.0,0,Wait
2025-12-17 11:01:00,25817.0,32.333607230895225,SCAN,25800,0.0,0,Wait
2025-12-17 11:02:00,25829.6,32.333607230895225,SCAN,25850,0.0,0,Wait
2025-12-17 11:03:00,25823.4,32.333607230895225,SCAN,25800,0.0,0,Wait
2025-12-17 11:04:00,25822.25,32.333607230895225,SCAN,25800,0.0,0,Wait
2025-12-17 11:05:00,25824.95,35.664062499999304,SCAN,25800,0.0,0,Wait
2025-12-17 11:06:00,25827.3,35.664062499999304,SCAN,25850,0.0,0,Wait
2025-12-17 11:07:00,25835.2,35.664062499999304,SCAN,25850,0.0,0,Wait
2025-12-17 11:08:00,25833.4,35.664062499999304,SCAN,25850,0.0,0,Wait
2025-12-17 11:09:00,25831.55,35.664062499999304,SCAN,25850,0.0,0,Wait
2025-12-17 11:10:00,25832.25,48.44693701466685,SCAN,25850,0.0,0,Wait
2025-12-17 11:11:00,25831.45,48.44693701466685,SCAN,25850,0.0,0,Wait
2025-12-17 11:12:00,25835.65,48.44693701466685,SCAN,25850,0.0,0,Wait
2025-12-17 11:13:00,25838.45,48.44693701466685,SCAN,25850,0.0,0,Wait
2025-12-17 11:14:00,25842.05,48.44693701466685,SCAN,25850,0.0,0,Wait
2025-12-17 11:15:00,25848.6,50.58558558558527,SCAN,25850,0.0,0,Wait
2025-12-17 11:16:00,25848.75,50.58558558558527,SCAN,25850,0.0,0,Wait
2025-12-17 11:17:00,25849.85,50.58558558558527,SCAN,25850,0.0,0,Wait
2025-12-17 11:18:00,25842.25,50.58558558558527,SCAN,25850,0.0,0,Wait
2025-12-17 11:19:00,25839.7,50.58558558558527,SCAN,25850,0.0,0,Wait
2025-12-17 11:20:00,25832.15,45.07042253521055,SCAN,25850,0.0,0,Wait
2025-12-17 11:21:00,25836.05,45.07042253521055,SCAN,25850,0.0,0,Wait
2025-12-17 11:22:00,25834.9,45.07042253521055,SCAN,25850,0.0,0,Wait
2025-12-17 11:23:00,25826.6,45.07042253521055,SCAN,25850,0.0,0,Wait
2025-12-17 11:24:00,25828.25,45.07042253521055,SCAN,25850,0.0,0,Wait
2025-12-17 11:25:00,25825.05,36.581469648562575,SCAN,25850,0.0,0,Wait
2025-12-17 11:26:00,25822.8,36.581469648562575,SCAN,25800,0.0,0,Wait
2025-12-17 11:27:00,25820.5,36.581469648562575,SCAN,25800,0.0,0,Wait
2025-12-17 11:28:00,25815.75,36.581469648562575,SCAN,25800,0.0,0,Wait
2025-12-17 11:29:00,25815.15,36.581469648562575,SCAN,25800,0.0,0,Wait
2025-12-17 11:30:00,25810.3,43.86973180076498,SCAN,25800,0.0,0,Wait
2025-12-17 11:31:00,25822.55,43.86973180076498,SCAN,25800,0.0,0,Wait
2025-12-17 11:32:00,25813.0,43.86973180076498,SCAN,25800,0.0,0,Wait
2025-12-17 11:33:00,25813.5,43.86973180076498,SCAN,25800,0.0,0,Wait
2025-12-17 11:34:00,25813.6,43.86973180076498,SCAN,25800,0.0,0,Wait
2025-12-17 11:35:00,25814.75,53.8732394366182,SCAN,25800,0.0,0,Wait
2025-12-17 11:36:00,25818.95,53.8732394366182,SCAN,25800,0.0,0,Wait
2025-12-17 11:37:00,25818.65,53.8732394366182,SCAN,25800,0.0,0,Wait
2025-12-17 11:38:00,25816.6,53.8732394366182,SCAN,25800,0.0,0,Wait
2025-12-17 11:39:00,25821.35,53.8732394366182,SCAN,25800,0.0,0,Wait
2025-12-17 11:40:00,25827.8,53.11860940695387,SCAN,25850,0.0,0,Wait
2025-12-17 11:41:00,25830.2,53.11860940695387,SCAN,25850,0.0,0,Wait
2025-12-17 11:42:00,25831.05,53.11860940695387,SCAN,25850,0.0,0,Wait
2025-12-17 11:43:00,25831.7,53.11860940695387,SCAN,25850,0.0,0,Wait
2025-12-17 11:44:00,25827.95,53.11860940695387,SCAN,25850,0.0,0,Wait
2025-12-17 11:45:00,25828.05,63.86593204774991,SCAN,25850,0.0,0,Wait
2025-12-17 11:46:00,25834.75,63.86593204774991,SCAN,25850,0.0,0,Wait
2025-12-17 11:47:00,25842.75,63.86593204774991,SCAN,25850,0.0,0,Wait
2025-12-17 11:48:00,25841.25,63.86593204774991,SCAN,25850,0.0,0,Wait
2025-12-17 11:49:00,25845.55,63.86593204774991,SCAN,25850,0.0,0,Wait
2025-12-17 11:50:00,25849.4,54.19087136929539,SCAN,25850,0.0,0,Wait
2025-12-17 11:51:00,25835.05,54.19087136929539,SCAN,25850,0.0,0,Wait
2025-12-17 11:52:00,25827.55,54.19087136929539,SCAN,25850,0.0,0,Wait
2025-12-17 11:53:00,25830.45,54.19087136929539,SCAN,25850,0.0,0,Wait
2025-12-17 11:54:00,25829.7,54.19087136929539,SCAN,25850,0.0,0,Wait
2025-12-17 11:55:00,25831.85,45.188794153472024,SCAN,25850,0.0,0,Wait
2025-12-17 11:56:00,25824.9,45.188794153472024,SCAN,25800,0.0,0,Wait
2025-12-17 11:57:00,25825.45,45.188794153472024,SCAN,25850,0.0,0,Wait
2025-12-17 11:58:00,25824.35,45.188794153472024,SCAN,25800,0.0,0,Wait
2025-12-17 11:59:00,25817.4,45.188794153472024,SCAN,25800,0.0,0,Wait
2025-12-17 12:00:00,25810.4,42.14312760318079,SCAN,25800,0.0,0,Wait
2025-12-17 12:01:00,25804.7,42.14312760318079,SCAN,25800,0.0,0,Wait
2025-12-17 12:02:00,25797.25,42.14312760318079,SCAN,25800,0.0,0,Wait
2025-12-17 12:03:00,25803.85,42.14312760318079,SCAN,25800,0.0,0,Wait
2025-12-17 12:04:00,25797.6,42.14312760318079,SCAN,25800,0.0,0,Wait
2025-12-17 12:05:00,25807.1,39.49579831932762,SCAN,25800,0.0,0,Wait
2025-12-17 12:06:00,25801.9,39.49579831932762,SCAN,25800,0.0,0,Wait
2025-12-17 12:07:00,25795.1,39.49579831932762,SCAN,25800,0.0,0,Wait
2025-12-17 12:08:00,25793.45,39.49579831932762,SCAN,25800,0.0,0,Wait
2025-12-17 12:09:00,25791.2,39.49579831932762,SCAN,25800,0.0,0,Wait
2025-12-17 12:10:00,25804.15,40.68767908309446,SCAN,25800,0.0,0,Wait
2025-12-17 12:11:00,25807.3,40.68767908309446,SCAN,25800,0.0,0,Wait
2025-12-17 12:12:00,25800.8,40.68767908309446,SCAN,25800,0.0,0,Wait
2025-12-17 12:13:00,25802.15,40.68767908309446,SCAN,25800,0.0,0,Wait
2025-12-17 12:14:00,25796.25,40.68767908309446,SCAN,25800,0.0,0,Wait
2025-12-17 12:15:00,25796.9,41.83350895679654,SCAN,25800,0.0,0,Wait
2025-12-17 12:16:00,25798.8,41.83350895679654,SCAN,25800,0.0,0,Wait
2025-12-17 12:17:00,25801.6,41.83350895679654,SCAN,25800,0.0,0,Wait
2025-12-17 12:18:00,25803.15,41.83350895679654,SCAN,25800,0.0,0,Wait
2025-12-17 12:19:00,25808.3,41.83350895679654,SCAN,25800,0.0,0,Wait
2025-12-17 12:20:00,25806.25,33.699759532806254,SCAN,25800,0.0,0,Wait
2025-12-17 12:21:00,25805.65,33.699759532806254,SCAN,25800,0.0,0,Wait
2025-12-17 12:22:00,25804.35,33.699759532806254,SCAN,25800,0.0,0,Wait
2025-12-17 12:23:00,25805.15,33.699759532806254,SCAN,25800,0.0,0,Wait
2025-12-17 12:24:00,25794.6,33.699759532806254,SCAN,25800,0.0,0,Wait
2025-12-17 12:25:00,25798.2,32.248520710059,SCAN,25800,0.0,0,Wait
2025-12-17 12:26:00,25791.0,32.248520710059,SCAN,25800,0.0,0,Wait
2025-12-17 12:27:00,25790.6,32.248520710059,SCAN,25800,0.0,0,Wait
2025-12-17 12:28:00,25787.0,32.248520710059,SCAN,25800,0.0,0,Wait
2025-12-17 12:29:00,25785.7,32.248520710059,SCAN,25800,0.0,0,Wait
2025-12-17 12:30:00,25791.5,38.544112713853586,SCAN,25800,0.0,0,Wait
2025-12-17 12:31:00,25793.7,38.544112713853586,SCAN,25800,0.0,0,Wait
2025-12-17 12:32:00,25790.5,38.544112713853586,SCAN,25800,0.0,0,Wait
2025-12-17 12:33:00,25791.35,38.544112713853586,SCAN,25800,0.0,0,Wait
2025-12-17 12:34:00,25794.1,38.544112713853586,SCAN,25800,0.0,0,Wait
2025-12-17 12:35:00,25791.45,40.301648544369584,SCAN,25800,0.0,0,Wait
2025-12-17 12:36:00,25790.95,40.301648544369584,SCAN,25800,0.0,0,Wait
2025-12-17 12:37:00,25787.75,40.301648544369584,SCAN,25800,0.0,0,Wait
2025-12-17 12:38:00,25787.05,40.301648544369584,SCAN,25800,0.0,0,Wait
2025-12-17 12:39:00,25787.5,40.301648544369584,SCAN,25800,0.0,0,Wait
2025-12-17 12:40:00,25787.9,43.850806451612826,SCAN,25800,0.0,0,Wait
2025-12-17 12:41:00,25787.1,43.850806451612826,SCAN,25800,0.0,0,Wait
2025-12-17 12:42:00,25786.95,43.850806451612826,SCAN,25800,0.0,0,Wait
2025-12-17 12:43:00,25789.2,43.850806451612826,SCAN,25800,0.0,0,Wait
2025-12-17 12:44:00,25795.3,43.850806451612826,SCAN,25800,0.0,0,Wait
2025-12-17 12:45:00,25795.85,42.25984796129965,SCAN,25800,0.0,0,Wait
2025-12-17 12:46:00,25799.4,42.25984796129965,SCAN,25800,0.0,0,Wait
2025-12-17 12:47:00,25801.5,42.25984796129965,SCAN,25800,0.0,0,Wait
2025-12-17 12:48:00,25792.95,42.25984796129965,SCAN,25800,0.0,0,Wait
2025-12-17 12:49:00,25798.95,42.25984796129965,SCAN,25800,0.0,0,Wait
2025-12-17 12:50:00,25809.4,36.561662198390096,SCAN,25800,0.0,0,Wait
2025-12-17 12:51:00,25808.55,36.561662198390096,SCAN,25800,0.0,0,Wait
2025-12-17 12:52:00,25810.8,36.561662198390096,SCAN,25800,0.0,0,Wait
2025-12-17 12:53:00,25800.65,36.561662198390096,SCAN,25800,0.0,0,Wait
2025-12-17 12:54:00,25787.85,36.561662198390096,SCAN,25800,0.0,0,Wait
2025-12-17 12:55:00,25782.95,27.119266055045188,SCAN,25800,0.0,0,Wait
2025-12-17 12:56:00,25785.1,27.119266055045188,SCAN,25800,0.0,0,Wait
2025-12-17 12:57:00,25785.15,27.119266055045188,SCAN,25800,0.0,0,Wait
2025-12-17 12:58:00,25782.1,27.119266055045188,SCAN,25800,0.0,0,Wait
2025-12-17 12:59:00,25783.2,27.119266055045188,SCAN,25800,0.0,0,Wait
2025-12-17 13:00:00,25781.65,36.828160484481224,SCAN,25800,130.3,0,Wait
2025-12-17 13:01:00,25785.75,36.828160484481224,HOLD,25800,132.7,0,PnL: 180
2025-12-17 13:02:00,25788.75,36.828160484481224,HOLD,25800,133.0,0,PnL: 202
2025-12-17 13:03:00,25789.5,36.828160484481224,HOLD,25800,133.85,0,PnL: 266
2025-12-17 13:04:00,25794.9,36.828160484481224,HOLD,25800,135.85,0,PnL: 416
2025-12-17 13:05:00,25802.5,40.28985507246317,HOLD,25800,137.65,0,PnL: 551
2025-12-17 13:06:00,25796.55,40.28985507246317,HOLD,25800,136.8,0,PnL: 488
2025-12-17 13:07:00,25799.35,40.28985507246317,HOLD,25800,136.9,0,PnL: 495
2025-12-17 13:08:00,25799.85,40.28985507246317,HOLD,25800,138.25,0,PnL: 596
2025-12-17 13:09:00,25793.95,40.28985507246317,HOLD,25800,135.35,0,PnL: 379
2025-12-17 13:10:00,25787.6,47.027549540841854,HOLD,25800,134.85,0,PnL: 341
2025-12-17 13:11:00,25797.5,47.027549540841854,HOLD,25800,138.45,0,PnL: 611
2025-12-17 13:12:00,25795.75,47.027549540841854,HOLD,25800,136.9,0,PnL: 495
2025-12-17 13:13:00,25792.25,47.027549540841854,HOLD,25800,135.0,0,PnL: 352
2025-12-17 13:14:00,25791.45,47.027549540841854,HOLD,25800,134.55,0,PnL: 319
2025-12-17 13:15:00,25790.25,55.67765567765502,HOLD,25800,134.25,0,PnL: 296
2025-12-17 13:16:00,25792.9,55.67765567765502,HOLD,25800,135.75,0,PnL: 409
2025-12-17 13:17:00,25791.9,55.67765567765502,HOLD,25800,136.25,0,PnL: 446
2025-12-17 13:18:00,25795.5,55.67765567765502,HOLD,25800,138.05,0,PnL: 581
2025-12-17 13:19:00,25803.6,55.67765567765502,HOLD,25800,140.15,0,PnL: 739
2025-12-17 13:20:00,25801.25,55.677655677656496,HOLD,25800,139.85,0,PnL: 716
2025-12-17 13:21:00,25799.95,55.677655677656496,HOLD,25800,139.5,0,PnL: 690
2025-12-17 13:22:00,25804.25,55.677655677656496,HOLD,25800,139.4,0,PnL: 682
2025-12-17 13:23:00,25804.4,55.677655677656496,HOLD,25800,141.0,0,PnL: 802
2025-12-17 13:24:00,25808.65,55.677655677656496,HOLD,25800,141.15,0,PnL: 814
2025-12-17 13:25:00,25813.55,51.57578789394775,HOLD,25800,144.5,0,PnL: 1065
2025-12-17 13:26:00,25818.75,51.57578789394775,HOLD,25800,144.35,0,PnL: 1054
2025-12-17 13:27:00,25819.95,51.57578789394775,HOLD,25800,144.0,0,PnL: 1027
2025-12-17 13:28:00,25819.35,51.57578789394775,HOLD,25800,142.25,0,PnL: 896
2025-12-17 13:29:00,25811.45,51.57578789394775,HOLD,25800,140.25,0,PnL: 746
2025-12-17 13:30:00,25807.5,52.79057859703064,HOLD,25800,139.7,0,PnL: 705
2025-12-17 13:31:00,25802.55,52.79057859703064,HOLD,25800,139.5,0,PnL: 690
2025-12-17 13:32:00,25800.5,52.79057859703064,HOLD,25800,138.75,0,PnL: 634
2025-12-17 13:33:00,25800.3,52.79057859703064,HOLD,25800,138.75,0,PnL: 634
2025-12-17 13:34:00,25800.05,52.79057859703064,HOLD,25800,138.2,0,PnL: 592
2025-12-17 13:35:00,25795.5,52.76356192425679,HOLD,25800,135.3,0,PnL: 375
2025-12-17 13:36:00,25789.55,52.76356192425679,SCAN,25800,0.0,0,Wait
2025-12-17 13:37:00,25794.1,52.76356192425679,SCAN,25800,0.0,0,Wait
2025-12-17 13:38:00,25790.25,52.76356192425679,SCAN,25800,0.0,0,Wait
2025-12-17 13:39:00,25791.1,52.76356192425679,SCAN,25800,0.0,0,Wait
2025-12-17 13:40:00,25793.25,45.953141640043434,SCAN,25800,0.0,0,Wait
2025-12-17 13:41:00,25789.15,45.953141640043434,SCAN,25800,0.0,0,Wait
2025-12-17 13:42:00,25784.95,45.953141640043434,SCAN,25800,0.0,0,Wait
2025-12-17 13:43:00,25782.45,45.953141640043434,SCAN,25800,0.0,0,Wait
2025-12-17 13:44:00,25786.5,45.953141640043434,SCAN,25800,0.0,0,Wait
2025-12-17 13:45:00,25788.35,51.82760501909357,SCAN,25800,0.0,0,Wait
2025-12-17 13:46:00,25793.75,51.82760501909357,SCAN,25800,0.0,0,Wait
2025-12-17 13:47:00,25792.75,51.82760501909357,SCAN,25800,0.0,0,Wait
2025-12-17 13:48:00,25794.3,51.82760501909357,SCAN,25800,0.0,0,Wait
2025-12-17 13:49:00,25790.85,51.82760501909357,SCAN,25800,0.0,0,Wait
2025-12-17 13:50:00,25790.0,49.018475750576975,SCAN,25800,0.0,0,Wait
2025-12-17 13:51:00,25788.15,49.018475750576975,SCAN,25800,0.0,0,Wait
2025-12-17 13:52:00,25790.25,49.018475750576975,SCAN,25800,0.0,0,Wait
2025-12-17 13:53:00,25793.65,49.018475750576975,SCAN,25800,0.0,0,Wait
2025-12-17 13:54:00,25793.6,49.018475750576975,SCAN,25800,0.0,0,Wait
2025-12-17 13:55:00,25783.9,47.93632075471705,SCAN,25800,0.0,0,Wait
2025-12-17 13:56:00,25782.4,47.93632075471705,SCAN,25800,0.0,0,Wait
2025-12-17 13:57:00,25787.75,47.93632075471705,SCAN,25800,0.0,0,Wait
2025-12-17 13:58:00,25793.2,47.93632075471705,SCAN,25800,0.0,0,Wait
2025-12-17 13:59:00,25795.45,47.93632075471705,SCAN,25800,0.0,0,Wait
2025-12-17 14:00:00,25794.95,53.62796833773073,SCAN,25800,0.0,0,Wait
2025-12-17 14:01:00,25793.35,53.62796833773073,SCAN,25800,0.0,0,Wait
2025-12-17 14:02:00,25788.7,53.62796833773073,SCAN,25800,0.0,0,Wait
2025-12-17 14:03:00,25787.65,53.62796833773073,SCAN,25800,0.0,0,Wait
2025-12-17 14:04:00,25793.35,53.62796833773073,SCAN,25800,0.0,0,Wait
2025-12-17 14:05:00,25796.2,55.608755129959285,SCAN,25800,0.0,0,Wait
2025-12-17 14:06:00,25795.45,55.608755129959285,SCAN,25800,0.0,0,Wait
2025-12-17 14:07:00,25795.7,55.608755129959285,SCAN,25800,0.0,0,Wait
2025-12-17 14:08:00,25795.5,55.608755129959285,SCAN,25800,0.0,0,Wait
2025-12-17 14:09:00,25791.4,55.608755129959285,SCAN,25800,0.0,0,Wait
2025-12-17 14:10:00,25791.95,52.62773722627632,SCAN,25800,0.0,0,Wait
2025-12-17 14:11:00,25789.2,52.62773722627632,SCAN,25800,0.0,0,Wait
2025-12-17 14:12:00,25788.9,52.62773722627632,SCAN,25800,0.0,0,Wait
2025-12-17 14:13:00,25792.8,52.62773722627632,SCAN,25800,0.0,0,Wait
2025-12-17 14:14:00,25798.5,52.62773722627632,SCAN,25800,0.0,0,Wait
2025-12-17 14:15:00,25797.95,67.42502585315432,SCAN,25800,0.0,0,Wait
2025-12-17 14:16:00,25814.45,67.42502585315432,SCAN,25800,0.0,0,Wait
2025-12-17 14:17:00,25816.75,67.42502585315432,SCAN,25800,0.0,0,Wait
2025-12-17 14:18:00,25824.25,67.42502585315432,SCAN,25800,0.0,0,Wait
2025-12-17 14:19:00,25827.65,67.42502585315432,SCAN,25850,0.0,0,Wait
2025-12-17 14:20:00,25813.0,52.45374094931553,SCAN,25800,0.0,0,Wait
2025-12-17 14:21:00,25811.2,52.45374094931553,SCAN,25800,0.0,0,Wait
2025-12-17 14:22:00,25805.3,52.45374094931553,SCAN,25800,0.0,0,Wait
2025-12-17 14:23:00,25806.35,52.45374094931553,SCAN,25800,0.0,0,Wait
2025-12-17 14:24:00,25797.55,52.45374094931553,SCAN,25800,0.0,0,Wait
2025-12-17 14:25:00,25795.55,44.93858534519407,SCAN,25800,0.0,0,Wait
2025-12-17 14:26:00,25797.1,44.93858534519407,SCAN,25800,0.0,0,Wait
2025-12-17 14:27:00,25794.25,44.93858534519407,SCAN,25800,0.0,0,Wait
2025-12-17 14:28:00,25795.85,44.93858534519407,SCAN,25800,0.0,0,Wait
2025-12-17 14:29:00,25791.65,44.93858534519407,SCAN,25800,0.0,0,Wait
2025-12-17 14:30:00,25794.8,50.924877312192194,SCAN,25800,0.0,0,Wait
2025-12-17 14:31:00,25793.3,50.924877312192194,SCAN,25800,0.0,0,Wait
2025-12-17 14:32:00,25796.85,50.924877312192194,SCAN,25800,0.0,0,Wait
2025-12-17 14:33:00,25801.45,50.924877312192194,SCAN,25800,0.0,0,Wait
2025-12-17 14:34:00,25811.1,50.924877312192194,SCAN,25800,0.0,0,Wait
2025-12-17 14:35:00,25812.75,39.27703523693791,SCAN,25800,0.0,0,Wait
2025-12-17 14:36:00,25790.4,39.27703523693791,SCAN,25800,0.0,0,Wait
2025-12-17 14:37:00,25783.6,39.27703523693791,SCAN,25800,0.0,0,Wait
2025-12-17 14:38:00,25779.95,39.27703523693791,SCAN,25800,0.0,0,Wait
2025-12-17 14:39:00,25776.15,39.27703523693791,SCAN,25800,0.0,0,Wait
2025-12-17 14:40:00,25781.2,48.003523194363005,SCAN,25800,0.0,0,Wait
2025-12-17 14:41:00,25789.9,48.003523194363005,SCAN,25800,0.0,0,Wait
2025-12-17 14:42:00,25786.6,48.003523194363005,SCAN,25800,0.0,0,Wait
2025-12-17 14:43:00,25787.5,48.003523194363005,SCAN,25800,0.0,0,Wait
2025-12-17 14:44:00,25793.25,48.003523194363005,SCAN,25800,0.0,0,Wait
2025-12-17 14:45:00,25798.0,54.60507556316004,SCAN,25800,0.0,0,Wait
2025-12-17 14:46:00,25794.15,54.60507556316004,SCAN,25800,0.0,0,Wait
2025-12-17 14:47:00,25791.7,54.60507556316004,SCAN,25800,0.0,0,Wait
2025-12-17 14:48:00,25792.1,54.60507556316004,SCAN,25800,0.0,0,Wait
2025-12-17 14:49:00,25807.25,54.60507556316004,SCAN,25800,0.0,0,Wait
2025-12-17 14:50:00,25806.35,57.26495726495757,SCAN,25800,0.0,0,Wait
2025-12-17 14:51:00,25805.45,57.26495726495757,SCAN,25800,0.0,0,Wait
2025-12-17 14:52:00,25814.25,57.26495726495757,SCAN,25800,0.0,0,Wait
2025-12-17 14:53:00,25811.55,57.26495726495757,SCAN,25800,0.0,0,Wait
2025-12-17 14:54:00,25812.0,57.26495726495757,SCAN,25800,0.0,0,Wait
2025-12-17 14:55:00,25807.1,56.63486556808372,SCAN,25800,0.0,0,Wait
2025-12-17 14:56:00,25807.35,56.63486556808372,SCAN,25800,0.0,0,Wait
2025-12-17 14:57:00,25812.8,56.63486556808372,SCAN,25800,0.0,0,Wait
2025-12-17 14:58:00,25811.7,56.63486556808372,SCAN,25800,0.0,0,Wait
2025-12-17 14:59:00,25813.8,56.63486556808372,SCAN,25800,0.0,0,Wait
2025-12-17 15:00:00,25825.5,58.654906284454924,SCAN,25850,0.0,0,Wait
2025-12-18 09:30:00,25790.55,50.0,SCAN,25800,0.0,0.0,Wait
2025-12-18 09:31:00,25793.05,50.0,SCAN,25800,0.0,0.0,Wait
2025-12-18 09:32:00,25786.2,50.0,SCAN,25800,0.0,0.0,Wait
2025-12-18 09:33:00,25782.85,50.0,SCAN,25800,0.0,0.0,Wait
2025-12-18 09:34:00,25785.3,50.0,SCAN,25800,0.0,0.0,Wait
2025-12-18 09:35:00,25771.65,50.0,SCAN,25750,0.0,0.0,Wait
2025-12-18 09:36:00,25780.15,50.0,SCAN,25800,0.0,0.0,Wait
2025-12-18 09:37:00,25781.3,50.0,SCAN,25800,0.0,0.0,Wait
2025-12-18 09:38:00,25778.2,50.0,SCAN,25800,0.0,0.0,Wait
2025-12-18 09:39:00,25774.55,50.0,SCAN,25750,0.0,0.0,Wait
2025-12-18 09:40:00,25773.15,50.0,SCAN,25750,0.0,0.0,Wait
2025-12-18 09:41:00,25765.6,50.0,SCAN,25750,0.0,0.0,Wait
2025-12-18 09:42:00,25752.9,50.0,SCAN,25750,0.0,0.0,Wait
2025-12-18 09:43:00,25756.9,50.0,SCAN,25750,0.0,0.0,Wait
2025-12-18 09:44:00,25745.1,50.0,SCAN,25750,0.0,0.0,Wait
2025-12-18 09:45:00,25745.2,50.0,SCAN,25750,0.0,0.0,Wait
2025-12-18 09:46:00,25731.2,50.0,SCAN,25750,0.0,0.0,Wait
2025-12-18 09:47:00,25733.0,50.0,SCAN,25750,0.0,0.0,Wait
2025-12-18 09:48:00,25737.15,50.0,SCAN,25750,0.0,0.0,Wait
2025-12-18 09:49:00,25740.75,50.0,SCAN,25750,0.0,0.0,Wait
2025-12-18 09:50:00,25740.65,50.0,SCAN,25750,0.0,0.0,Wait
2025-12-18 09:51:00,25743.15,50.0,SCAN,25750,0.0,0.0,Wait
2025-12-18 09:52:00,25749.8,50.0,SCAN,25750,0.0,0.0,Wait
2025-12-18 09:53:00,25747.3,50.0,SCAN,25750,0.0,0.0,Wait
2025-12-18 09:54:00,25750.25,50.0,SCAN,25750,0.0,0.0,Wait
2025-12-18 09:55:00,25755.35,50.0,SCAN,25750,0.0,0.0,Wait
2025-12-18 09:56:00,25748.15,50.0,SCAN,25750,0.0,0.0,Wait
2025-12-18 09:57:00,25745.05,50.0,SCAN,25750,0.0,0.0,Wait
2025-12-18 09:58:00,25747.95,50.0,SCAN,25750,0.0,0.0,Wait
2025-12-18 09:59:00,25748.75,50.0,SCAN,25750,0.0,0.0,Wait
2025-12-18 10:00:00,25736.8,50.0,SCAN,25750,0.0,0.0,Wait
2025-12-18 10:01:00,25742.1,50.0,SCAN,25750,0.0,0.0,Wait
2025-12-18 10:02:00,25746.8,50.0,SCAN,25750,0.0,0.0,Wait
2025-12-18 10:03:00,25740.65,50.0,SCAN,25750,0.0,0.0,Wait
2025-12-18 10:04:00,25745.65,50.0,SCAN,25750,0.0,0.0,Wait
2025-12-18 10:05:00,25750.95,50.0,SCAN,25750,0.0,0.0,Wait
2025-12-18 10:06:00,25755.0,50.0,SCAN,25750,0.0,0.0,Wait
2025-12-18 10:07:00,25759.65,50.0,SCAN,25750,0.0,0.0,Wait
2025-12-18 10:08:00,25767.8,50.0,SCAN,25750,0.0,0.0,Wait
2025-12-18 10:09:00,25774.55,50.0,SCAN,25750,0.0,0.0,Wait
2025-12-18 10:10:00,25769.25,50.0,SCAN,25750,0.0,0.0,Wait
2025-12-18 10:11:00,25782.4,50.0,SCAN,25800,0.0,0.0,Wait
2025-12-18 10:12:00,25792.0,50.0,SCAN,25800,0.0,0.0,Wait
2025-12-18 10:13:00,25796.4,50.0,SCAN,25800,0.0,0.0,Wait
2025-12-18 10:14:00,25791.15,50.0,SCAN,25800,0.0,0.0,Wait
2025-12-18 10:15:00,25788.6,50.0,SCAN,25800,0.0,0.0,Wait
2025-12-18 10:16:00,25788.75,50.0,SCAN,25800,0.0,0.0,Wait
2025-12-18 10:17:00,25811.75,50.0,SCAN,25800,0.0,0.0,Wait
2025-12-18 10:18:00,25813.2,50.0,SCAN,25800,0.0,0.0,Wait
2025-12-18 10:19:00,25823.4,50.0,SCAN,25800,0.0,0.0,Wait
2025-12-18 10:20:00,25819.9,65.07978723404304,SCAN,25800,0.0,0.0,Wait
2025-12-18 10:21:00,25822.3,65.07978723404304,SCAN,25800,0.0,0.0,Wait
2025-12-18 10:22:00,25826.95,65.07978723404304,SCAN,25850,0.0,0.0,Wait
2025-12-18 10:23:00,25837.1,65.07978723404304,SCAN,25850,0.0,0.0,Wait
2025-12-18 10:24:00,25834.45,65.07978723404304,SCAN,25850,0.0,0.0,Wait
2025-12-18 10:25:00,25831.0,63.49247535028562,SCAN,25850,0.0,0.0,Wait
2025-12-18 10:26:00,25825.05,63.49247535028562,SCAN,25850,0.0,0.0,Wait
2025-12-18 10:27:00,25823.4,63.49247535028562,SCAN,25800,0.0,0.0,Wait
2025-12-18 10:28:00,25830.65,63.49247535028562,SCAN,25850,0.0,0.0,Wait
2025-12-18 10:29:00,25829.75,63.49247535028562,SCAN,25850,0.0,0.0,Wait
2025-12-18 10:30:00,25828.45,64.74567777499433,SCAN,25850,0.0,0.0,Wait
2025-12-18 10:31:00,25836.15,64.74567777499433,SCAN,25850,0.0,0.0,Wait
2025-12-18 10:32:00,25839.05,64.74567777499433,SCAN,25850,0.0,0.0,Wait
2025-12-18 10:33:00,25842.95,64.74567777499433,SCAN,25850,0.0,0.0,Wait
2025-12-18 10:34:00,25855.4,64.74567777499433,SCAN,25850,0.0,0.0,Wait
2025-12-18 10:35:00,25848.9,66.22245002562752,SCAN,25850,0.0,0.0,Wait
2025-12-18 10:36:00,25842.5,66.22245002562752,SCAN,25850,0.0,0.0,Wait
2025-12-18 10:37:00,25844.25,66.22245002562752,SCAN,25850,0.0,0.0,Wait
2025-12-18 10:38:00,25840.9,66.22245002562752,SCAN,25850,0.0,0.0,Wait
2025-12-18 10:39:00,25843.35,66.22245002562752,SCAN,25850,0.0,0.0,Wait
2025-12-18 10:40:00,25846.1,66.86777275012581,SCAN,25850,0.0,0.0,Wait
2025-12-18 10:41:00,25851.1,66.86777275012581,SCAN,25850,0.0,0.0,Wait
2025-12-18 10:42:00,25859.8,66.86777275012581,SCAN,25850,0.0,0.0,Wait
2025-12-18 10:43:00,25859.55,66.86777275012581,SCAN,25850,0.0,0.0,Wait
2025-12-18 10:44:00,25852.4,66.86777275012581,SCAN,25850,0.0,0.0,Wait
2025-12-18 10:45:00,25857.4,68.36288871755289,SCAN,25850,0.0,0.0,Wait
2025-12-18 10:46:00,25856.35,68.36288871755289,SCAN,25850,0.0,0.0,Wait
2025-12-18 10:47:00,25858.15,68.36288871755289,SCAN,25850,0.0,0.0,Wait
2025-12-18 10:48:00,25850.6,68.36288871755289,SCAN,25850,0.0,0.0,Wait
2025-12-18 10:49:00,25846.0,68.36288871755289,SCAN,25850,0.0,0.0,Wait
2025-12-18 10:50:00,25841.15,80.09635651911978,SCAN,25850,0.0,0.0,Wait
2025-12-18 10:51:00,25841.7,80.09635651911978,SCAN,25850,0.0,0.0,Wait
2025-12-18 10:52:00,25839.05,80.09635651911978,SCAN,25850,0.0,0.0,Wait
2025-12-18 10:53:00,25843.4,80.09635651911978,SCAN,25850,0.0,0.0,Wait
2025-12-18 10:54:00,25845.05,80.09635651911978,SCAN,25850,0.0,0.0,Wait
2025-12-18 10:55:00,25841.8,82.78344331133593,SCAN,25850,0.0,0.0,Wait
2025-12-18 10:56:00,25844.05,82.78344331133593,SCAN,25850,0.0,0.0,Wait
2025-12-18 10:57:00,25848.65,82.78344331133593,SCAN,25850,0.0,0.0,Wait
2025-12-18 10:58:00,25845.35,82.78344331133593,SCAN,25850,0.0,0.0,Wait
2025-12-18 10:59:00,25850.05,82.78344331133593,SCAN,25850,0.0,0.0,Wait
2025-12-18 11:00:00,25845.8,71.4881780250339,SCAN,25850,0.0,0.0,Wait
2025-12-18 11:01:00,25847.05,71.4881780250339,SCAN,25850,0.0,0.0,Wait
2025-12-18 11:02:00,25838.75,71.4881780250339,SCAN,25850,0.0,0.0,Wait
2025-12-18 11:03:00,25835.05,71.4881780250339,SCAN,25850,0.0,0.0,Wait
2025-12-18 11:04:00,25827.5,71.4881780250339,SCAN,25850,0.0,0.0,Wait
2025-12-18 11:05:00,25833.9,73.35297268344857,SCAN,25850,0.0,0.0,Wait
2025-12-18 11:06:00,25834.75,73.35297268344857,SCAN,25850,0.0,0.0,Wait
2025-12-18 11:07:00,25829.25,73.35297268344857,SCAN,25850,0.0,0.0,Wait
2025-12-18 11:08:00,25835.45,73.35297268344857,SCAN,25850,0.0,0.0,Wait
2025-12-18 11:09:00,25835.95,73.35297268344857,SCAN,25850,0.0,0.0,Wait
2025-12-18 11:10:00,25830.95,72.90391269629889,SCAN,25850,0.0,0.0,Wait
2025-12-18 11:11:00,25834.3,72.90391269629889,SCAN,25850,0.0,0.0,Wait
2025-12-18 11:12:00,25832.45,72.90391269629889,SCAN,25850,0.0,0.0,Wait
2025-12-18 11:13:00,25831.95,72.90391269629889,SCAN,25850,0.0,0.0,Wait
2025-12-18 11:14:00,25831.7,72.90391269629889,SCAN,25850,0.0,0.0,Wait
2025-12-18 11:15:00,25830.3,65.18853695324249,SCAN,25850,0.0,97.95,Wait
2025-12-18 11:16:00,25824.45,65.18853695324249,HOLD,25800,98.65,0.0,PnL: 53
2025-12-18 11:17:00,25827.0,65.18853695324249,HOLD,25850,98.5,0.0,PnL: 41
2025-12-18 11:18:00,25827.85,65.18853695324249,HOLD,25850,96.9,0.0,PnL: -79
2025-12-18 11:19:00,25824.9,65.18853695324249,HOLD,25800,98.2,0.0,PnL: 19
2025-12-18 11:20:00,25835.4,67.2624113475166,HOLD,25850,93.65,0.0,PnL: -322
2025-12-18 11:21:00,25840.3,67.2624113475166,HOLD,25850,91.95,0.0,PnL: -450
2025-12-18 11:22:00,25843.85,67.2624113475166,HOLD,25850,87.1,0.0,PnL: -814
2025-12-18 11:23:00,25846.7,67.2624113475166,SCAN,25850,0.0,0.0,Wait
2025-12-18 11:24:00,25852.0,67.2624113475166,SCAN,25850,0.0,0.0,Wait
2025-12-18 11:25:00,25856.25,60.841533763147545,SCAN,25850,0.0,0.0,Wait
2025-12-18 11:26:00,25851.5,60.841533763147545,SCAN,25850,0.0,0.0,Wait
2025-12-18 11:27:00,25853.25,60.841533763147545,SCAN,25850,0.0,0.0,Wait
2025-12-18 11:28:00,25849.75,60.841533763147545,SCAN,25850,0.0,0.0,Wait
2025-12-18 11:29:00,25855.35,60.841533763147545,SCAN,25850,0.0,0.0,Wait
2025-12-18 11:30:00,25858.05,57.05989110707812,SCAN,25850,0.0,0.0,Wait
2025-12-18 11:31:00,25853.85,57.05989110707812,SCAN,25850,0.0,0.0,Wait
2025-12-18 11:32:00,25857.55,57.05989110707812,SCAN,25850,0.0,0.0,Wait
2025-12-18 11:33:00,25856.35,57.05989110707812,SCAN,25850,0.0,0.0,Wait
2025-12-18 11:34:00,25853.9,57.05989110707812,SCAN,25850,0.0,0.0,Wait
2025-12-18 11:35:00,25851.0,60.79913606911436,SCAN,25850,0.0,0.0,Wait
2025-12-18 11:36:00,25851.25,60.79913606911436,SCAN,25850,0.0,0.0,Wait
2025-12-18 11:37:00,25853.65,60.79913606911436,SCAN,25850,0.0,0.0,Wait
2025-12-18 11:38:00,25858.2,60.79913606911436,SCAN,25850,0.0,0.0,Wait
2025-12-18 11:39:00,25859.75,60.79913606911436,SCAN,25850,0.0,0.0,Wait
2025-12-18 11:40:00,25857.75,48.414985590777206,SCAN,25850,0.0,0.0,Wait
2025-12-18 11:41:00,25855.95,48.414985590777206,SCAN,25850,0.0,0.0,Wait
2025-12-18 11:42:00,25855.1,48.414985590777206,SCAN,25850,0.0,0.0,Wait
2025-12-18 11:43:00,25851.4,48.414985590777206,SCAN,25850,0.0,0.0,Wait
2025-12-18 11:44:00,25851.55,48.414985590777206,SCAN,25850,0.0,0.0,Wait
2025-12-18 11:45:00,25845.1,53.83211678832188,SCAN,25850,0.0,0.0,Wait
2025-12-18 11:46:00,25844.1,53.83211678832188,SCAN,25850,0.0,0.0,Wait
2025-12-18 11:47:00,25847.6,53.83211678832188,SCAN,25850,0.0,0.0,Wait
2025-12-18 11:48:00,25851.8,53.83211678832188,SCAN,25850,0.0,0.0,Wait
2025-12-18 11:49:00,25851.75,53.83211678832188,SCAN,25850,0.0,0.0,Wait
2025-12-18 11:50:00,25856.2,57.407407407407064,SCAN,25850,0.0,0.0,Wait
2025-12-18 11:51:00,25859.2,57.407407407407064,SCAN,25850,0.0,0.0,Wait
2025-12-18 11:52:00,25866.2,57.407407407407064,SCAN,25850,0.0,0.0,Wait
2025-12-18 11:53:00,25867.35,57.407407407407064,SCAN,25850,0.0,0.0,Wait
2025-12-18 11:54:00,25870.0,57.407407407407064,SCAN,25850,0.0,0.0,Wait
2025-12-18 11:55:00,25873.35,59.07319185794799,SCAN,25850,0.0,0.0,Wait
2025-12-18 11:56:00,25875.65,59.07319185794799,SCAN,25900,0.0,0.0,Wait
2025-12-18 11:57:00,25870.75,59.07319185794799,SCAN,25850,0.0,0.0,Wait
2025-12-18 11:58:00,25867.5,59.07319185794799,SCAN,25850,0.0,0.0,Wait
2025-12-18 11:59:00,25866.95,59.07319185794799,SCAN,25850,0.0,0.0,Wait
2025-12-18 12:00:00,25864.9,58.166311300640785,SCAN,25850,0.0,0.0,Wait
2025-12-18 12:01:00,25864.75,58.166311300640785,SCAN,25850,0.0,0.0,Wait
2025-12-18 12:02:00,25869.2,58.166311300640785,SCAN,25850,0.0,0.0,Wait
2025-12-18 12:03:00,25867.8,58.166311300640785,SCAN,25850,0.0,0.0,Wait
2025-12-18 12:04:00,25864.2,58.166311300640785,SCAN,25850,0.0,0.0,Wait
2025-12-18 12:05:00,25858.55,59.646236116825285,SCAN,25850,0.0,0.0,Wait
2025-12-18 12:06:00,25857.45,59.646236116825285,SCAN,25850,0.0,0.0,Wait
2025-12-18 12:07:00,25861.6,59.646236116825285,SCAN,25850,0.0,0.0,Wait
2025-12-18 12:08:00,25864.45,59.646236116825285,SCAN,25850,0.0,0.0,Wait
2025-12-18 12:09:00,25873.5,59.646236116825285,SCAN,25850,0.0,0.0,Wait
2025-12-18 12:10:00,25871.4,74.59252157238888,SCAN,25850,0.0,0.0,Wait
2025-12-18 12:11:00,25881.15,74.59252157238888,SCAN,25900,0.0,0.0,Wait
2025-12-18 12:12:00,25878.6,74.59252157238888,SCAN,25900,0.0,0.0,Wait
2025-12-18 12:13:00,25878.45,74.59252157238888,SCAN,25900,0.0,0.0,Wait
2025-12-18 12:14:00,25878.8,74.59252157238888,SCAN,25900,0.0,0.0,Wait
2025-12-18 12:15:00,25877.35,65.4554034922148,SCAN,25900,0.0,95.35,Wait
2025-12-18 12:16:00,25875.6,65.4554034922148,HOLD,25900,96.05,0.0,PnL: 53
2025-12-18 12:17:00,25881.4,65.4554034922148,HOLD,25900,93.4,0.0,PnL: -146
2025-12-18 12:18:00,25873.5,65.4554034922148,HOLD,25850,97.1,0.0,PnL: 131
2025-12-18 12:19:00,25868.7,65.4554034922148,HOLD,25850,97.3,0.0,PnL: 146
2025-12-18 12:20:00,25871.5,67.26479146459823,HOLD,25850,97.8,0.0,PnL: 184
2025-12-18 12:21:00,25873.85,67.26479146459823,HOLD,25850,95.7,0.0,PnL: 26
2025-12-18 12:22:00,25870.0,67.26479146459823,HOLD,25850,97.2,0.0,PnL: 139
2025-12-18 12:23:00,25872.5,67.26479146459823,HOLD,25850,94.95,0.0,PnL: -30
2025-12-18 12:24:00,25867.3,67.26479146459823,HOLD,25850,97.35,0.0,PnL: 150
2025-12-18 12:25:00,25866.65,75.24115755627079,HOLD,25850,97.15,0.0,PnL: 135
2025-12-18 12:26:00,25875.25,75.24115755627079,HOLD,25900,96.3,0.0,PnL: 71
2025-12-18 12:27:00,25876.5,75.24115755627079,HOLD,25900,96.6,0.0,PnL: 94
2025-12-18 12:28:00,25879.95,75.24115755627079,HOLD,25900,95.35,0.0,PnL: 0
2025-12-18 12:29:00,25879.85,75.24115755627079,HOLD,25900,94.2,0.0,PnL: -86
2025-12-18 12:30:00,25883.95,69.8545861297552,HOLD,25900,93.05,0.0,PnL: -172
2025-12-18 12:31:00,25882.3,69.8545861297552,HOLD,25900,94.05,0.0,PnL: -97
2025-12-18 12:32:00,25882.95,69.8545861297552,HOLD,25900,94.25,0.0,PnL: -82
2025-12-18 12:33:00,25887.0,69.8545861297552,HOLD,25900,92.15,0.0,PnL: -240
2025-12-18 12:34:00,25887.5,69.8545861297552,HOLD,25900,90.45,0.0,PnL: -367
2025-12-18 12:35:00,25887.8,70.49808429118929,HOLD,25900,93.05,0.0,PnL: -172
2025-12-18 12:36:00,25887.25,70.49808429118929,HOLD,25900,91.5,0.0,PnL: -289
2025-12-18 12:37:00,25894.25,70.49808429118929,HOLD,25900,87.0,0.0,PnL: -626
2025-12-18 12:38:00,25894.45,70.49808429118929,HOLD,25900,88.95,0.0,PnL: -480
2025-12-18 12:39:00,25892.8,70.49808429118929,HOLD,25900,90.1,0.0,PnL: -394
2025-12-18 12:40:00,25890.05,71.96261682242901,HOLD,25900,91.15,0.0,PnL: -315
2025-12-18 12:41:00,25892.55,71.96261682242901,HOLD,25900,90.25,0.0,PnL: -382
2025-12-18 12:42:00,25895.45,71.96261682242901,HOLD,25900,88.75,0.0,PnL: -495
2025-12-18 12:43:00,25892.05,71.96261682242901,HOLD,25900,90.15,0.0,PnL: -390
2025-12-18 12:44:00,25893.85,71.96261682242901,HOLD,25900,89.5,0.0,PnL: -439
2025-12-18 12:45:00,25897.7,66.5921787709508,HOLD,25900,88.5,0.0,PnL: -514
2025-12-18 12:46:00,25898.0,66.5921787709508,HOLD,25900,88.15,0.0,PnL: -540
2025-12-18 12:47:00,25897.4,66.5921787709508,HOLD,25900,89.2,0.0,PnL: -461
2025-12-18 12:48:00,25892.05,66.5921787709508,HOLD,25900,91.15,0.0,PnL: -315
2025-12-18 12:49:00,25889.45,66.5921787709508,HOLD,25900,91.55,0.0,PnL: -285
2025-12-18 12:50:00,25886.2,66.18545252637583,HOLD,25900,93.8,0.0,PnL: -116
2025-12-18 12:51:00,25886.65,66.18545252637583,HOLD,25900,91.9,0.0,PnL: -259
2025-12-18 12:52:00,25886.0,66.18545252637583,HOLD,25900,92.65,0.0,PnL: -202
2025-12-18 12:53:00,25876.85,66.18545252637583,HOLD,25900,96.3,0.0,PnL: 71
2025-12-18 12:54:00,25880.7,66.18545252637583,HOLD,25900,95.55,0.0,PnL: 15
2025-12-18 12:55:00,25883.25,66.52006597031415,HOLD,25900,95.25,0.0,PnL: -7
2025-12-18 12:56:00,25882.5,66.52006597031415,HOLD,25900,96.3,0.0,PnL: 71
2025-12-18 12:57:00,25876.95,66.52006597031415,HOLD,25900,98.85,0.0,PnL: 262
2025-12-18 12:58:00,25877.75,66.52006597031415,HOLD,25900,96.55,0.0,PnL: 90
2025-12-18 12:59:00,25881.8,66.52006597031415,HOLD,25900,95.95,0.0,PnL: 45
2025-12-18 13:00:00,25880.1,59.90783410138286,HOLD,25900,95.7,0.0,PnL: 26
2025-12-18 13:01:00,25880.75,59.90783410138286,SCAN,25900,0.0,0.0,Wait
2025-12-18 13:02:00,25881.65,59.90783410138286,SCAN,25900,0.0,0.0,Wait
2025-12-18 13:03:00,25884.5,59.90783410138286,SCAN,25900,0.0,0.0,Wait
2025-12-18 13:04:00,25885.05,59.90783410138286,SCAN,25900,0.0,0.0,Wait
2025-12-18 13:05:00,25881.55,59.94729907773367,SCAN,25900,0.0,0.0,Wait
2025-12-18 13:06:00,25881.2,59.94729907773367,SCAN,25900,0.0,0.0,Wait
2025-12-18 13:07:00,25884.1,59.94729907773367,SCAN,25900,0.0,0.0,Wait
2025-12-18 13:08:00,25885.3,59.94729907773367,SCAN,25900,0.0,0.0,Wait
2025-12-18 13:09:00,25882.05,59.94729907773367,SCAN,25900,0.0,0.0,Wait
2025-12-18 13:10:00,25884.6,60.34482758620673,SCAN,25900,0.0,0.0,Wait
2025-12-18 13:11:00,25874.1,60.34482758620673,SCAN,25850,0.0,0.0,Wait
2025-12-18 13:12:00,25878.1,60.34482758620673,SCAN,25900,0.0,0.0,Wait
2025-12-18 13:13:00,25883.35,60.34482758620673,SCAN,25900,0.0,0.0,Wait
2025-12-18 13:14:00,25879.8,60.34482758620673,SCAN,25900,0.0,0.0,Wait
2025-12-18 13:15:00,25872.5,46.410256410257006,SCAN,25850,0.0,0.0,Wait
2025-12-18 13:16:00,25871.25,46.410256410257006,SCAN,25850,0.0,0.0,Wait
2025-12-18 13:17:00,25875.65,46.410256410257006,SCAN,25900,0.0,0.0,Wait
2025-12-18 13:18:00,25866.5,46.410256410257006,SCAN,25850,0.0,0.0,Wait
2025-12-18 13:19:00,25867.9,46.410256410257006,SCAN,25850,0.0,0.0,Wait
2025-12-18 13:20:00,25867.7,44.7089947089941,SCAN,25850,0.0,0.0,Wait
2025-12-18 13:21:00,25864.1,44.7089947089941,SCAN,25850,0.0,0.0,Wait
2025-12-18 13:22:00,25868.35,44.7089947089941,SCAN,25850,0.0,0.0,Wait
2025-12-18 13:23:00,25864.45,44.7089947089941,SCAN,25850,0.0,0.0,Wait
2025-12-18 13:24:00,25870.8,44.7089947089941,SCAN,25850,0.0,0.0,Wait
2025-12-18 13:25:00,25867.75,48.87924801156943,SCAN,25850,0.0,0.0,Wait
2025-12-18 13:26:00,25878.1,48.87924801156943,SCAN,25900,0.0,0.0,Wait
2025-12-18 13:27:00,25877.4,48.87924801156943,SCAN,25900,0.0,0.0,Wait
2025-12-18 13:28:00,25873.3,48.87924801156943,SCAN,25850,0.0,0.0,Wait
2025-12-18 13:29:00,25867.15,48.87924801156943,SCAN,25850,0.0,0.0,Wait
2025-12-18 13:30:00,25866.65,39.1203703703696,SCAN,25850,0.0,0.0,Wait
2025-12-18 13:31:00,25863.35,39.1203703703696,SCAN,25850,0.0,0.0,Wait
2025-12-18 13:32:00,25855.85,39.1203703703696,SCAN,25850,0.0,0.0,Wait
2025-12-18 13:33:00,25850.15,39.1203703703696,SCAN,25850,0.0,0.0,Wait
2025-12-18 13:34:00,25848.5,39.1203703703696,SCAN,25850,0.0,0.0,Wait
2025-12-18 13:35:00,25847.25,36.20375985445554,SCAN,25850,0.0,0.0,Wait
2025-12-18 13:36:00,25846.35,36.20375985445554,SCAN,25850,0.0,0.0,Wait
2025-12-18 13:37:00,25854.7,36.20375985445554,SCAN,25850,0.0,0.0,Wait
2025-12-18 13:38:00,25860.25,36.20375985445554,SCAN,25850,0.0,0.0,Wait
2025-12-18 13:39:00,25857.1,36.20375985445554,SCAN,25850,0.0,0.0,Wait
2025-12-18 13:40:00,25849.95,25.414997137946884,SCAN,25850,0.0,0.0,Wait
2025-12-18 13:41:00,25850.75,25.414997137946884,SCAN,25850,0.0,0.0,Wait
2025-12-18 13:42:00,25852.8,25.414997137946884,SCAN,25850,0.0,0.0,Wait
2025-12-18 13:43:00,25852.55,25.414997137946884,SCAN,25850,0.0,0.0,Wait
2025-12-18 13:44:00,25844.55,25.414997137946884,SCAN,25850,0.0,0.0,Wait
2025-12-18 13:45:00,25844.4,23.978996499414322,SCAN,25850,0.0,0.0,Wait
2025-12-18 13:46:00,25843.2,23.978996499414322,SCAN,25850,0.0,0.0,Wait
2025-12-18 13:47:00,25842.8,23.978996499414322,SCAN,25850,0.0,0.0,Wait
2025-12-18 13:48:00,25848.0,23.978996499414322,SCAN,25850,0.0,0.0,Wait
2025-12-18 13:49:00,25848.2,23.978996499414322,SCAN,25850,0.0,0.0,Wait
2025-12-18 13:50:00,25852.25,29.453167298321233,SCAN,25850,0.0,0.0,Wait
2025-12-18 13:51:00,25852.9,29.453167298321233,SCAN,25850,0.0,0.0,Wait
2025-12-18 13:52:00,25852.6,29.453167298321233,SCAN,25850,0.0,0.0,Wait
2025-12-18 13:53:00,25857.85,29.453167298321233,SCAN,25850,0.0,0.0,Wait
2025-12-18 13:54:00,25855.9,29.453167298321233,SCAN,25850,0.0,0.0,Wait
2025-12-18 13:55:00,25854.2,27.078148332502607,SCAN,25850,0.0,0.0,Wait
2025-12-18 13:56:00,25851.8,27.078148332502607,SCAN,25850,0.0,0.0,Wait
2025-12-18 13:57:00,25844.05,27.078148332502607,SCAN,25850,0.0,0.0,Wait
2025-12-18 13:58:00,25847.1,27.078148332502607,SCAN,25850,0.0,0.0,Wait
2025-12-18 13:59:00,25843.4,27.078148332502607,SCAN,25850,0.0,0.0,Wait
2025-12-18 14:00:00,25837.25,25.991399904442048,SCAN,25850,0.0,0.0,Wait
2025-12-18 14:01:00,25836.85,25.991399904442048,SCAN,25850,0.0,0.0,Wait
2025-12-18 14:02:00,25826.05,25.991399904442048,SCAN,25850,0.0,0.0,Wait
2025-12-18 14:03:00,25826.75,25.991399904442048,SCAN,25850,0.0,0.0,Wait
2025-12-18 14:04:00,25830.45,25.991399904442048,SCAN,25850,0.0,0.0,Wait
2025-12-18 14:05:00,25828.25,22.03461376107994,SCAN,25850,0.0,0.0,Wait
2025-12-18 14:06:00,25828.75,22.03461376107994,SCAN,25850,0.0,0.0,Wait
2025-12-18 14:07:00,25819.5,22.03461376107994,SCAN,25800,0.0,0.0,Wait
2025-12-18 14:08:00,25821.25,22.03461376107994,SCAN,25800,0.0,0.0,Wait
2025-12-18 14:09:00,25815.55,22.03461376107994,SCAN,25800,0.0,0.0,Wait
2025-12-18 14:10:00,25809.7,18.207171314740407,SCAN,25800,0.0,0.0,Wait
2025-12-18 14:11:00,25806.05,18.207171314740407,SCAN,25800,0.0,0.0,Wait
2025-12-18 14:12:00,25806.3,18.207171314740407,SCAN,25800,0.0,0.0,Wait
2025-12-18 14:13:00,25808.3,18.207171314740407,SCAN,25800,0.0,0.0,Wait
2025-12-18 14:14:00,25805.25,18.207171314740407,SCAN,25800,0.0,0.0,Wait
2025-12-18 14:15:00,25802.15,20.97541633623962,SCAN,25800,0.0,0.0,Wait
2025-12-18 14:16:00,25798.5,20.97541633623962,SCAN,25800,0.0,0.0,Wait
2025-12-18 14:17:00,25809.95,20.97541633623962,SCAN,25800,0.0,0.0,Wait
2025-12-18 14:18:00,25812.25,20.97541633623962,SCAN,25800,0.0,0.0,Wait
2025-12-18 14:19:00,25808.85,20.97541633623962,SCAN,25800,0.0,0.0,Wait
2025-12-18 14:20:00,25811.45,17.470277410830988,SCAN,25800,0.0,0.0,Wait
2025-12-18 14:21:00,25798.5,17.470277410830988,SCAN,25800,0.0,0.0,Wait
2025-12-18 14:22:00,25792.4,17.470277410830988,SCAN,25800,0.0,0.0,Wait
2025-12-18 14:23:00,25785.95,17.470277410830988,SCAN,25800,0.0,0.0,Wait
2025-12-18 14:24:00,25781.3,17.470277410830988,SCAN,25800,0.0,0.0,Wait
2025-12-18 14:25:00,25786.35,23.485617597291338,SCAN,25800,0.0,0.0,Wait
2025-12-18 14:26:00,25784.95,23.485617597291338,SCAN,25800,0.0,0.0,Wait
2025-12-18 14:27:00,25786.75,23.485617597291338,SCAN,25800,0.0,0.0,Wait
2025-12-18 14:28:00,25785.55,23.485617597291338,SCAN,25800,0.0,0.0,Wait
2025-12-18 14:29:00,25789.55,23.485617597291338,SCAN,25800,0.0,0.0,Wait
2025-12-18 14:30:00,25806.15,31.151035322777844,SCAN,25800,115.1,0.0,Wait
2025-12-18 14:31:00,25818.85,31.151035322777844,HOLD,25800,120.45,0.0,PnL: 401
2025-12-18 14:32:00,25826.1,31.151035322777844,HOLD,25850,122.1,0.0,PnL: 525
2025-12-18 14:33:00,25829.65,31.151035322777844,HOLD,25850,123.45,0.0,PnL: 626
2025-12-18 14:34:00,25808.9,31.151035322777844,HOLD,25800,116.35,0.0,PnL: 94
2025-12-18 14:35:00,25804.8,28.865688487584762,SCAN,25800,0.0,0.0,Wait
2025-12-18 14:36:00,25807.05,28.865688487584762,SCAN,25800,0.0,0.0,Wait
2025-12-18 14:37:00,25803.75,28.865688487584762,SCAN,25800,0.0,0.0,Wait
2025-12-18 14:38:00,25796.8,28.865688487584762,SCAN,25800,0.0,0.0,Wait
2025-12-18 14:39:00,25792.25,28.865688487584762,SCAN,25800,0.0,0.0,Wait
2025-12-18 14:40:00,25793.15,32.38904627006612,SCAN,25800,112.75,0.0,Wait
2025-12-18 14:41:00,25791.45,32.38904627006612,HOLD,25800,114.9,0.0,PnL: 161
2025-12-18 14:42:00,25793.9,32.38904627006612,HOLD,25800,114.75,0.0,PnL: 150
2025-12-18 14:43:00,25789.65,32.38904627006612,HOLD,25800,110.75,0.0,PnL: -150
2025-12-18 14:44:00,25792.55,32.38904627006612,HOLD,25800,113.25,0.0,PnL: 38
2025-12-18 14:45:00,25795.85,29.504430587464824,HOLD,25800,115.4,0.0,PnL: 199
2025-12-18 14:46:00,25795.65,29.504430587464824,HOLD,25800,115.45,0.0,PnL: 203
2025-12-18 14:47:00,25796.75,29.504430587464824,HOLD,25800,116.25,0.0,PnL: 262
2025-12-18 14:48:00,25797.5,29.504430587464824,HOLD,25800,115.45,0.0,PnL: 203
2025-12-18 14:49:00,25794.65,29.504430587464824,HOLD,25800,113.35,0.0,PnL: 45
2025-12-18 14:50:00,25785.9,31.04281767955962,HOLD,25800,112.3,0.0,PnL: -34
2025-12-18 14:51:00,25785.45,31.04281767955962,HOLD,25800,110.25,0.0,PnL: -188
2025-12-18 14:52:00,25780.85,31.04281767955962,HOLD,25800,108.0,0.0,PnL: -356
2025-12-18 14:53:00,25771.35,31.04281767955962,HOLD,25750,103.45,0.0,PnL: -697
2025-12-18 14:54:00,25789.65,31.04281767955962,HOLD,25800,110.2,0.0,PnL: -191
2025-12-18 14:55:00,25791.0,28.53195164076051,HOLD,25800,113.4,0.0,PnL: 49
2025-12-18 14:56:00,25800.65,28.53195164076051,HOLD,25800,112.55,0.0,PnL: -15
2025-12-18 14:57:00,25789.1,28.53195164076051,HOLD,25800,110.0,0.0,PnL: -206
2025-12-18 14:58:00,25787.1,28.53195164076051,HOLD,25800,111.45,0.0,PnL: -97
2025-12-18 14:59:00,25786.05,28.53195164076051,HOLD,25800,111.2,0.0,PnL: -116
2025-12-18 15:00:00,25799.5,40.7672487832813,HOLD,25800,114.95,0.0,PnL: 165
2025-12-18 15:01:00,25805.4,40.7672487832813,HOLD,25800,116.3,0.0,PnL: 266
2025-12-18 15:02:00,25812.3,40.7672487832813,HOLD,25800,119.95,0.0,PnL: 540
2025-12-18 15:03:00,25819.8,40.7672487832813,HOLD,25800,123.1,0.0,PnL: 776
2025-12-18 15:04:00,25823.65,40.7672487832813,HOLD,25800,123.7,0.0,PnL: 821
2025-12-18 15:05:00,25824.75,41.85773074661987,HOLD,25800,124.4,0.0,PnL: 874
2025-12-18 15:06:00,25809.25,41.85773074661987,HOLD,25800,119.75,0.0,PnL: 525
2025-12-18 15:07:00,25815.7,41.85773074661987,HOLD,25800,121.05,0.0,PnL: 622
2025-12-18 15:08:00,25814.05,41.85773074661987,HOLD,25800,120.85,0.0,PnL: 607
2025-12-18 15:09:00,25815.7,41.85773074661987,HOLD,25800,123.4,0.0,PnL: 799
2025-12-18 15:10:00,25824.1,46.8952734012979,HOLD,25800,123.9,0.0,PnL: 836
2025-12-18 15:11:00,25822.25,46.8952734012979,HOLD,25800,124.95,0.0,PnL: 915
2025-12-18 15:12:00,25818.8,46.8952734012979,HOLD,25800,122.4,0.0,PnL: 724
2025-12-18 15:13:00,25814.65,46.8952734012979,HOLD,25800,120.75,0.0,PnL: 600
2025-12-18 15:14:00,25820.4,46.8952734012979,HOLD,25800,121.9,0.0,PnL: 686
2025-12-18 15:15:00,25816.35,50.973807924782164,HOLD,25800,121.15,0.0,PnL: 630
2025-12-18 15:16:00,25818.8,50.973807924782164,HOLD,25800,121.45,0.0,PnL: 653
2025-12-18 15:17:00,25813.7,50.973807924782164,HOLD,25800,120.35,0.0,PnL: 570
2025-12-18 15:18:00,25816.9,50.973807924782164,HOLD,25800,121.3,0.0,PnL: 641
2025-12-18 15:19:00,25818.45,50.973807924782164,HOLD,25800,120.65,0.0,PnL: 593
2025-12-18 15:20:00,25818.85,54.021352313166695,HOLD,25800,120.65,0.0,PnL: 593
2025-12-19 09:30:00,25967.1,50.0,SCAN,25950,0.0,0.0,Wait
2025-12-19 09:31:00,25965.7,50.0,SCAN,25950,0.0,0.0,Wait
2025-12-19 09:32:00,25961.5,50.0,SCAN,25950,0.0,0.0,Wait
2025-12-19 09:33:00,25959.4,50.0,SCAN,25950,0.0,0.0,Wait
2025-12-19 09:34:00,25963.5,50.0,SCAN,25950,0.0,0.0,Wait
2025-12-19 09:35:00,25959.8,50.0,SCAN,25950,0.0,0.0,Wait
2025-12-19 09:36:00,25958.65,50.0,SCAN,25950,0.0,0.0,Wait
2025-12-19 09:37:00,25962.15,50.0,SCAN,25950,0.0,0.0,Wait
2025-12-19 09:38:00,25960.0,50.0,SCAN,25950,0.0,0.0,Wait
2025-12-19 09:39:00,25966.75,50.0,SCAN,25950,0.0,0.0,Wait
2025-12-19 09:40:00,25959.1,50.0,SCAN,25950,0.0,0.0,Wait
2025-12-19 09:41:00,25965.4,50.0,SCAN,25950,0.0,0.0,Wait
2025-12-19 09:42:00,25962.0,50.0,SCAN,25950,0.0,0.0,Wait
2025-12-19 09:43:00,25960.3,50.0,SCAN,25950,0.0,0.0,Wait
2025-12-19 09:44:00,25956.4,50.0,SCAN,25950,0.0,0.0,Wait
2025-12-19 09:45:00,25967.95,50.0,SCAN,25950,0.0,0.0,Wait
2025-12-19 09:46:00,25960.65,50.0,SCAN,25950,0.0,0.0,Wait
2025-12-19 09:47:00,25962.95,50.0,SCAN,25950,0.0,0.0,Wait
2025-12-19 09:48:00,25949.75,50.0,SCAN,25950,0.0,0.0,Wait
2025-12-19 09:49:00,25943.85,50.0,SCAN,25950,0.0,0.0,Wait
2025-12-19 09:50:00,25947.6,50.0,SCAN,25950,0.0,0.0,Wait
2025-12-19 09:51:00,25941.7,50.0,SCAN,25950,0.0,0.0,Wait
2025-12-19 09:52:00,25946.25,50.0,SCAN,25950,0.0,0.0,Wait
2025-12-19 09:53:00,25946.1,50.0,SCAN,25950,0.0,0.0,Wait
2025-12-19 09:54:00,25953.55,50.0,SCAN,25950,0.0,0.0,Wait
2025-12-19 09:55:00,25950.95,50.0,SCAN,25950,0.0,0.0,Wait
2025-12-19 09:56:00,25948.0,50.0,SCAN,25950,0.0,0.0,Wait
2025-12-19 09:57:00,25952.5,50.0,SCAN,25950,0.0,0.0,Wait
2025-12-19 09:58:00,25956.25,50.0,SCAN,25950,0.0,0.0,Wait
2025-12-19 09:59:00,25958.85,50.0,SCAN,25950,0.0,0.0,Wait
2025-12-19 10:00:00,25961.3,50.0,SCAN,25950,0.0,0.0,Wait
2025-12-19 10:01:00,25962.15,50.0,SCAN,25950,0.0,0.0,Wait
2025-12-19 10:02:00,25963.55,50.0,SCAN,25950,0.0,0.0,Wait
2025-12-19 10:03:00,25961.55,50.0,SCAN,25950,0.0,0.0,Wait
2025-12-19 10:04:00,25957.7,50.0,SCAN,25950,0.0,0.0,Wait
2025-12-19 10:05:00,25942.7,50.0,SCAN,25950,0.0,0.0,Wait
2025-12-19 10:06:00,25934.6,50.0,SCAN,25950,0.0,0.0,Wait
2025-12-19 10:07:00,25941.55,50.0,SCAN,25950,0.0,0.0,Wait
2025-12-19 10:08:00,25942.75,50.0,SCAN,25950,0.0,0.0,Wait
2025-12-19 10:09:00,25951.55,50.0,SCAN,25950,0.0,0.0,Wait
2025-12-19 10:10:00,25948.35,50.0,SCAN,25950,0.0,0.0,Wait
2025-12-19 10:11:00,25944.45,50.0,SCAN,25950,0.0,0.0,Wait
2025-12-19 10:12:00,25936.85,50.0,SCAN,25950,0.0,0.0,Wait
2025-12-19 10:13:00,25934.7,50.0,SCAN,25950,0.0,0.0,Wait
2025-12-19 10:14:00,25935.6,50.0,SCAN,25950,0.0,0.0,Wait
2025-12-19 10:15:00,25933.25,50.0,SCAN,25950,0.0,0.0,Wait
2025-12-19 10:16:00,25937.15,50.0,SCAN,25950,0.0,0.0,Wait
2025-12-19 10:17:00,25946.6,50.0,SCAN,25950,0.0,0.0,Wait
2025-12-19 10:18:00,25944.4,50.0,SCAN,25950,0.0,0.0,Wait
2025-12-19 10:19:00,25946.7,50.0,SCAN,25950,0.0,0.0,Wait
2025-12-19 10:20:00,25942.05,60.488013698629885,SCAN,25950,0.0,0.0,Wait
2025-12-19 10:21:00,25947.7,60.488013698629885,SCAN,25950,0.0,0.0,Wait
2025-12-19 10:22:00,25946.35,60.488013698629885,SCAN,25950,0.0,0.0,Wait
2025-12-19 10:23:00,25950.4,60.488013698629885,SCAN,25950,0.0,0.0,Wait
2025-12-19 10:24:00,25949.6,60.488013698629885,SCAN,25950,0.0,0.0,Wait
2025-12-19 10:25:00,25948.6,63.69000786782114,SCAN,25950,0.0,0.0,Wait
2025-12-19 10:26:00,25953.25,63.69000786782114,SCAN,25950,0.0,0.0,Wait
2025-12-19 10:27:00,25963.35,63.69000786782114,SCAN,25950,0.0,0.0,Wait
2025-12-19 10:28:00,25962.6,63.69000786782114,SCAN,25950,0.0,0.0,Wait
2025-12-19 10:29:00,25959.9,63.69000786782114,SCAN,25950,0.0,0.0,Wait
2025-12-19 10:30:00,25956.85,54.88888888888857,SCAN,25950,0.0,0.0,Wait
2025-12-19 10:31:00,25959.95,54.88888888888857,SCAN,25950,0.0,0.0,Wait
2025-12-19 10:32:00,25959.25,54.88888888888857,SCAN,25950,0.0,0.0,Wait
2025-12-19 10:33:00,25956.25,54.88888888888857,SCAN,25950,0.0,0.0,Wait
2025-12-19 10:34:00,25955.3,54.88888888888857,SCAN,25950,0.0,0.0,Wait
2025-12-19 10:35:00,25959.15,55.4629223343571,SCAN,25950,0.0,0.0,Wait
2025-12-19 10:36:00,25957.9,55.4629223343571,SCAN,25950,0.0,0.0,Wait
2025-12-19 10:37:00,25955.85,55.4629223343571,SCAN,25950,0.0,0.0,Wait
2025-12-19 10:38:00,25958.8,55.4629223343571,SCAN,25950,0.0,0.0,Wait
2025-12-19 10:39:00,25962.75,55.4629223343571,SCAN,25950,0.0,0.0,Wait
2025-12-19 10:40:00,25965.75,55.02879929109348,SCAN,25950,0.0,0.0,Wait
2025-12-19 10:41:00,25961.85,55.02879929109348,SCAN,25950,0.0,0.0,Wait
2025-12-19 10:42:00,25973.35,55.02879929109348,SCAN,25950,0.0,0.0,Wait
2025-12-19 10:43:00,25971.25,55.02879929109348,SCAN,25950,0.0,0.0,Wait
2025-12-19 10:44:00,25974.85,55.02879929109348,SCAN,25950,0.0,0.0,Wait
2025-12-19 10:45:00,25976.5,50.12776831345795,SCAN,26000,0.0,0.0,Wait
2025-12-19 10:46:00,25973.6,50.12776831345795,SCAN,25950,0.0,0.0,Wait
2025-12-19 10:47:00,25971.75,50.12776831345795,SCAN,25950,0.0,0.0,Wait
2025-12-19 10:48:00,25967.0,50.12776831345795,SCAN,25950,0.0,0.0,Wait
2025-12-19 10:49:00,25967.05,50.12776831345795,SCAN,25950,0.0,0.0,Wait
2025-12-19 10:50:00,25968.65,57.002676181978714,SCAN,25950,0.0,0.0,Wait
2025-12-19 10:51:00,25974.1,57.002676181978714,SCAN,25950,0.0,0.0,Wait
2025-12-19 10:52:00,25976.05,57.002676181978714,SCAN,26000,0.0,0.0,Wait
2025-12-19 10:53:00,25975.0,57.002676181978714,SCAN,26000,0.0,0.0,Wait
2025-12-19 10:54:00,25972.1,57.002676181978714,SCAN,25950,0.0,0.0,Wait
2025-12-19 10:55:00,25972.8,58.4897025171638,SCAN,25950,0.0,0.0,Wait
2025-12-19 10:56:00,25970.2,58.4897025171638,SCAN,25950,0.0,0.0,Wait
2025-12-19 10:57:00,25961.8,58.4897025171638,SCAN,25950,0.0,0.0,Wait
2025-12-19 10:58:00,25965.9,58.4897025171638,SCAN,25950,0.0,0.0,Wait
2025-12-19 10:59:00,25962.4,58.4897025171638,SCAN,25950,0.0,0.0,Wait
2025-12-19 11:00:00,25967.65,48.87285843101895,SCAN,25950,0.0,0.0,Wait
2025-12-19 11:01:00,25966.85,48.87285843101895,SCAN,25950,0.0,0.0,Wait
2025-12-19 11:02:00,25958.05,48.87285843101895,SCAN,25950,0.0,0.0,Wait
2025-12-19 11:03:00,25956.35,48.87285843101895,SCAN,25950,0.0,0.0,Wait
2025-12-19 11:04:00,25951.05,48.87285843101895,SCAN,25950,0.0,0.0,Wait
2025-12-19 11:05:00,25952.0,44.494995450410194,SCAN,25950,0.0,0.0,Wait
2025-12-19 11:06:00,25946.2,44.494995450410194,SCAN,25950,0.0,0.0,Wait
2025-12-19 11:07:00,25946.2,44.494995450410194,SCAN,25950,0.0,0.0,Wait
2025-12-19 11:08:00,25949.65,44.494995450410194,SCAN,25950,0.0,0.0,Wait
2025-12-19 11:09:00,25946.75,44.494995450410194,SCAN,25950,0.0,0.0,Wait
2025-12-19 11:10:00,25949.35,48.736616702355185,SCAN,25950,0.0,0.0,Wait
2025-12-19 11:11:00,25951.15,48.736616702355185,SCAN,25950,0.0,0.0,Wait
2025-12-19 11:12:00,25951.8,48.736616702355185,SCAN,25950,0.0,0.0,Wait
2025-12-19 11:13:00,25950.1,48.736616702355185,SCAN,25950,0.0,0.0,Wait
2025-12-19 11:14:00,25954.75,48.736616702355185,SCAN,25950,0.0,0.0,Wait
2025-12-19 11:15:00,25953.35,50.55530875166591,SCAN,25950,0.0,0.0,Wait
2025-12-19 11:16:00,25956.0,50.55530875166591,SCAN,25950,0.0,0.0,Wait
2025-12-19 11:17:00,25953.55,50.55530875166591,SCAN,25950,0.0,0.0,Wait
2025-12-19 11:18:00,25952.05,50.55530875166591,SCAN,25950,0.0,0.0,Wait
2025-12-19 11:19:00,25952.8,50.55530875166591,SCAN,25950,0.0,0.0,Wait
2025-12-19 11:20:00,25951.25,55.40408958130579,SCAN,25950,0.0,0.0,Wait
2025-12-19 11:21:00,25956.05,55.40408958130579,SCAN,25950,0.0,0.0,Wait
2025-12-19 11:22:00,25956.5,55.40408958130579,SCAN,25950,0.0,0.0,Wait
2025-12-19 11:23:00,25953.95,55.40408958130579,SCAN,25950,0.0,0.0,Wait
2025-12-19 11:24:00,25946.7,55.40408958130579,SCAN,25950,0.0,0.0,Wait
2025-12-19 11:25:00,25944.85,42.90398126463633,SCAN,25950,0.0,0.0,Wait
2025-12-19 11:26:00,25945.15,42.90398126463633,SCAN,25950,0.0,0.0,Wait
2025-12-19 11:27:00,25941.6,42.90398126463633,SCAN,25950,0.0,0.0,Wait
2025-12-19 11:28:00,25941.1,42.90398126463633,SCAN,25950,0.0,0.0,Wait
2025-12-19 11:29:00,25931.55,42.90398126463633,SCAN,25950,0.0,0.0,Wait
2025-12-19 11:30:00,25928.2,40.60577378135435,SCAN,25950,0.0,0.0,Wait
2025-12-19 11:31:00,25928.85,40.60577378135435,SCAN,25950,0.0,0.0,Wait
2025-12-19 11:32:00,25931.25,40.60577378135435,SCAN,25950,0.0,0.0,Wait
2025-12-19 11:33:00,25928.65,40.60577378135435,SCAN,25950,0.0,0.0,Wait
2025-12-19 11:34:00,25929.75,40.60577378135435,SCAN,25950,0.0,0.0,Wait
2025-12-19 11:35:00,25933.55,37.25,SCAN,25950,0.0,0.0,Wait
2025-12-19 11:36:00,25937.95,37.25,SCAN,25950,0.0,0.0,Wait
2025-12-19 11:37:00,25935.2,37.25,SCAN,25950,0.0,0.0,Wait
2025-12-19 11:38:00,25935.85,37.25,SCAN,25950,0.0,0.0,Wait
2025-12-19 11:39:00,25934.4,37.25,SCAN,25950,0.0,0.0,Wait
2025-12-19 11:40:00,25933.8,32.00171821305902,SCAN,25950,0.0,0.0,Wait
2025-12-19 11:41:00,25932.5,32.00171821305902,SCAN,25950,0.0,0.0,Wait
2025-12-19 11:42:00,25928.45,32.00171821305902,SCAN,25950,0.0,0.0,Wait
2025-12-19 11:43:00,25916.7,32.00171821305902,SCAN,25900,0.0,0.0,Wait
2025-12-19 11:44:00,25913.4,32.00171821305902,SCAN,25900,0.0,0.0,Wait
2025-12-19 11:45:00,25907.9,29.800443458979714,SCAN,25900,0.0,0.0,Wait
2025-12-19 11:46:00,25910.85,29.800443458979714,SCAN,25900,0.0,0.0,Wait
2025-12-19 11:47:00,25918.3,29.800443458979714,SCAN,25900,0.0,0.0,Wait
2025-12-19 11:48:00,25920.5,29.800443458979714,SCAN,25900,0.0,0.0,Wait
2025-12-19 11:49:00,25917.2,29.800443458979714,SCAN,25900,0.0,0.0,Wait
2025-12-19 11:50:00,25924.15,24.475190839693596,SCAN,25900,0.0,0.0,Wait
2025-12-19 11:51:00,25924.7,24.475190839693596,SCAN,25900,0.0,0.0,Wait
2025-12-19 11:52:00,25925.6,24.475190839693596,SCAN,25950,0.0,0.0,Wait
2025-12-19 11:53:00,25923.3,24.475190839693596,SCAN,25900,0.0,0.0,Wait
2025-12-19 11:54:00,25921.35,24.475190839693596,SCAN,25900,0.0,0.0,Wait
2025-12-19 11:55:00,25922.1,25.233644859812387,SCAN,25900,0.0,0.0,Wait
2025-12-19 11:56:00,25918.5,25.233644859812387,SCAN,25900,0.0,0.0,Wait
2025-12-19 11:57:00,25915.0,25.233644859812387,SCAN,25900,0.0,0.0,Wait
2025-12-19 11:58:00,25908.55,25.233644859812387,SCAN,25900,0.0,0.0,Wait
2025-12-19 11:59:00,25916.7,25.233644859812387,SCAN,25900,0.0,0.0,Wait
2025-12-19 12:00:00,25924.35,33.595456531235726,SCAN,25900,104.9,0.0,Wait
2025-12-19 12:01:00,25940.5,33.595456531235726,HOLD,25950,110.1,0.0,PnL: 390
2025-12-19 12:02:00,25941.35,33.595456531235726,HOLD,25950,109.8,0.0,PnL: 367
2025-12-19 12:03:00,25935.0,33.595456531235726,HOLD,25950,108.05,0.0,PnL: 236
2025-12-19 12:04:00,25934.55,33.595456531235726,HOLD,25950,108.2,0.0,PnL: 247
2025-12-19 12:05:00,25935.65,45.31958762886494,HOLD,25950,107.7,0.0,PnL: 210
2025-12-19 12:06:00,25939.25,45.31958762886494,HOLD,25950,109.75,0.0,PnL: 364
2025-12-19 12:07:00,25944.95,45.31958762886494,HOLD,25950,111.3,0.0,PnL: 480
2025-12-19 12:08:00,25949.7,45.31958762886494,HOLD,25950,113.45,0.0,PnL: 641
2025-12-19 12:09:00,25951.05,45.31958762886494,HOLD,25950,114.0,0.0,PnL: 682
2025-12-19 12:10:00,25949.55,46.9658119658124,HOLD,25950,113.15,0.0,PnL: 619
2025-12-19 12:11:00,25941.95,46.9658119658124,HOLD,25950,112.2,0.0,PnL: 547
2025-12-19 12:12:00,25943.85,46.9658119658124,HOLD,25950,111.3,0.0,PnL: 480
2025-12-19 12:13:00,25944.5,46.9658119658124,SCAN,25950,0.0,0.0,Wait
2025-12-19 12:14:00,25943.95,46.9658119658124,SCAN,25950,0.0,0.0,Wait
2025-12-19 12:15:00,25948.15,46.2736842105267,SCAN,25950,0.0,0.0,Wait
2025-12-19 12:16:00,25943.65,46.2736842105267,SCAN,25950,0.0,0.0,Wait
2025-12-19 12:17:00,25941.25,46.2736842105267,SCAN,25950,0.0,0.0,Wait
2025-12-19 12:18:00,25942.4,46.2736842105267,SCAN,25950,0.0,0.0,Wait
2025-12-19 12:19:00,25937.9,46.2736842105267,SCAN,25950,0.0,0.0,Wait
2025-12-19 12:20:00,25932.65,40.35238504512174,SCAN,25950,0.0,0.0,Wait
2025-12-19 12:21:00,25938.45,40.35238504512174,SCAN,25950,0.0,0.0,Wait
2025-12-19 12:22:00,25939.85,40.35238504512174,SCAN,25950,0.0,0.0,Wait
2025-12-19 12:23:00,25941.15,40.35238504512174,SCAN,25950,0.0,0.0,Wait
2025-12-19 12:24:00,25932.3,40.35238504512174,SCAN,25950,0.0,0.0,Wait
2025-12-19 12:25:00,25941.5,42.741935483871316,SCAN,25950,0.0,0.0,Wait
2025-12-19 12:26:00,25937.9,42.741935483871316,SCAN,25950,0.0,0.0,Wait
2025-12-19 12:27:00,25933.4,42.741935483871316,SCAN,25950,0.0,0.0,Wait
2025-12-19 12:28:00,25934.5,42.741935483871316,SCAN,25950,0.0,0.0,Wait
2025-12-19 12:29:00,25935.7,42.741935483871316,SCAN,25950,0.0,0.0,Wait
2025-12-19 12:30:00,25934.15,51.90121520972117,SCAN,25950,0.0,0.0,Wait
2025-12-19 12:31:00,25940.95,51.90121520972117,SCAN,25950,0.0,0.0,Wait
2025-12-19 12:32:00,25947.8,51.90121520972117,SCAN,25950,0.0,0.0,Wait
2025-12-19 12:33:00,25947.1,51.90121520972117,SCAN,25950,0.0,0.0,Wait
2025-12-19 12:34:00,25951.55,51.90121520972117,SCAN,25950,0.0,0.0,Wait
2025-12-19 12:35:00,25952.25,61.659751037345664,SCAN,25950,0.0,0.0,Wait
2025-12-19 12:36:00,25950.45,61.659751037345664,SCAN,25950,0.0,0.0,Wait
2025-12-19 12:37:00,25952.6,61.659751037345664,SCAN,25950,0.0,0.0,Wait
2025-12-19 12:38:00,25951.9,61.659751037345664,SCAN,25950,0.0,0.0,Wait
2025-12-19 12:39:00,25959.65,61.659751037345664,SCAN,25950,0.0,0.0,Wait
2025-12-19 12:40:00,25958.95,59.58299919807619,SCAN,25950,0.0,0.0,Wait
2025-12-19 12:41:00,25959.45,59.58299919807619,SCAN,25950,0.0,0.0,Wait
2025-12-19 12:42:00,25958.0,59.58299919807619,SCAN,25950,0.0,0.0,Wait
2025-12-19 12:43:00,25958.2,59.58299919807619,SCAN,25950,0.0,0.0,Wait
2025-12-19 12:44:00,25953.65,59.58299919807619,SCAN,25950,0.0,0.0,Wait
2025-12-19 12:45:00,25956.0,56.92684920310474,SCAN,25950,0.0,0.0,Wait
2025-12-19 12:46:00,25957.6,56.92684920310474,SCAN,25950,0.0,0.0,Wait
2025-12-19 12:47:00,25957.15,56.92684920310474,SCAN,25950,0.0,0.0,Wait
2025-12-19 12:48:00,25951.65,56.92684920310474,SCAN,25950,0.0,0.0,Wait
2025-12-19 12:49:00,25951.35,56.92684920310474,SCAN,25950,0.0,0.0,Wait
2025-12-19 12:50:00,25949.8,66.93897164824675,SCAN,25950,0.0,0.0,Wait
2025-12-19 12:51:00,25954.8,66.93897164824675,SCAN,25950,0.0,0.0,Wait
2025-12-19 12:52:00,25950.7,66.93897164824675,SCAN,25950,0.0,0.0,Wait
2025-12-19 12:53:00,25949.5,66.93897164824675,SCAN,25950,0.0,0.0,Wait
2025-12-19 12:54:00,25948.65,66.93897164824675,SCAN,25950,0.0,0.0,Wait
2025-12-19 12:55:00,25948.15,67.06558161799907,SCAN,25950,0.0,0.0,Wait
2025-12-19 12:56:00,25954.05,67.06558161799907,SCAN,25950,0.0,0.0,Wait
2025-12-19 12:57:00,25952.15,67.06558161799907,SCAN,25950,0.0,0.0,Wait
2025-12-19 12:58:00,25955.6,67.06558161799907,SCAN,25950,0.0,0.0,Wait
2025-12-19 12:59:00,25952.85,67.06558161799907,SCAN,25950,0.0,0.0,Wait
2025-12-19 13:00:00,25950.4,65.15076618883006,SCAN,25950,0.0,0.0,Wait
2025-12-19 13:01:00,25951.65,65.15076618883006,SCAN,25950,0.0,0.0,Wait
2025-12-19 13:02:00,25953.2,65.15076618883006,SCAN,25950,0.0,0.0,Wait
2025-12-19 13:03:00,25952.35,65.15076618883006,SCAN,25950,0.0,0.0,Wait
2025-12-19 13:04:00,25952.0,65.15076618883006,SCAN,25950,0.0,0.0,Wait
2025-12-19 13:05:00,25949.7,61.13172541744015,SCAN,25950,0.0,0.0,Wait
2025-12-19 13:06:00,25944.85,61.13172541744015,SCAN,25950,0.0,0.0,Wait
2025-12-19 13:07:00,25949.25,61.13172541744015,SCAN,25950,0.0,0.0,Wait
2025-12-19 13:08:00,25944.95,61.13172541744015,SCAN,25950,0.0,0.0,Wait
2025-12-19 13:09:00,25940.7,61.13172541744015,SCAN,25950,0.0,0.0,Wait
2025-12-19 13:10:00,25941.15,47.83474365355964,SCAN,25950,0.0,0.0,Wait
2025-12-19 13:11:00,25939.2,47.83474365355964,SCAN,25950,0.0,0.0,Wait
2025-12-19 13:12:00,25926.45,47.83474365355964,SCAN,25950,0.0,0.0,Wait
2025-12-19 13:13:00,25923.0,47.83474365355964,SCAN,25900,0.0,0.0,Wait
2025-12-19 13:14:00,25930.2,47.83474365355964,SCAN,25950,0.0,0.0,Wait
2025-12-19 13:15:00,25931.05,51.66051660516709,SCAN,25950,0.0,0.0,Wait
2025-12-19 13:16:00,25931.0,51.66051660516709,SCAN,25950,0.0,0.0,Wait
2025-12-19 13:17:00,25938.3,51.66051660516709,SCAN,25950,0.0,0.0,Wait
2025-12-19 13:18:00,25945.05,51.66051660516709,SCAN,25950,0.0,0.0,Wait
2025-12-19 13:19:00,25954.65,51.66051660516709,SCAN,25950,0.0,0.0,Wait
2025-12-19 13:20:00,25957.0,56.42135642135591,SCAN,25950,0.0,0.0,Wait
2025-12-19 13:21:00,25959.4,56.42135642135591,SCAN,25950,0.0,0.0,Wait
2025-12-19 13:22:00,25960.05,56.42135642135591,SCAN,25950,0.0,0.0,Wait
2025-12-19 13:23:00,25954.5,56.42135642135591,SCAN,25950,0.0,0.0,Wait
2025-12-19 13:24:00,25957.3,56.42135642135591,SCAN,25950,0.0,0.0,Wait
2025-12-19 13:25:00,25954.7,59.24242424242422,SCAN,25950,0.0,0.0,Wait
2025-12-19 13:26:00,25955.1,59.24242424242422,SCAN,25950,0.0,0.0,Wait
2025-12-19 13:27:00,25957.55,59.24242424242422,SCAN,25950,0.0,0.0,Wait
2025-12-19 13:28:00,25954.05,59.24242424242422,SCAN,25950,0.0,0.0,Wait
2025-12-19 13:29:00,25956.2,59.24242424242422,SCAN,25950,0.0,0.0,Wait
2025-12-19 13:30:00,25958.15,66.93625118934534,SCAN,25950,0.0,0.0,Wait
2025-12-19 13:31:00,25965.8,66.93625118934534,SCAN,25950,0.0,0.0,Wait
2025-12-19 13:32:00,25967.2,66.93625118934534,SCAN,25950,0.0,0.0,Wait
2025-12-19 13:33:00,25971.3,66.93625118934534,SCAN,25950,0.0,0.0,Wait
2025-12-19 13:34:00,25967.9,66.93625118934534,SCAN,25950,0.0,0.0,Wait
2025-12-19 13:35:00,25972.8,66.39264990328866,SCAN,25950,0.0,0.0,Wait
2025-12-19 13:36:00,25975.6,66.39264990328866,SCAN,26000,0.0,0.0,Wait
2025-12-19 13:37:00,25971.2,66.39264990328866,SCAN,25950,0.0,0.0,Wait
2025-12-19 13:38:00,25968.0,66.39264990328866,SCAN,25950,0.0,0.0,Wait
2025-12-19 13:39:00,25969.6,66.39264990328866,SCAN,25950,0.0,0.0,Wait
2025-12-19 13:40:00,25974.7,63.650627615064636,SCAN,25950,0.0,0.0,Wait
2025-12-19 13:41:00,25975.3,63.650627615064636,SCAN,26000,0.0,0.0,Wait
2025-12-19 13:42:00,25971.45,63.650627615064636,SCAN,25950,0.0,0.0,Wait
2025-12-19 13:43:00,25975.35,63.650627615064636,SCAN,26000,0.0,0.0,Wait
2025-12-19 13:44:00,25977.65,63.650627615064636,SCAN,26000,0.0,0.0,Wait
2025-12-19 13:45:00,25975.65,59.943181818182644,SCAN,26000,0.0,0.0,Wait
2025-12-19 13:46:00,25979.4,59.943181818182644,SCAN,26000,0.0,0.0,Wait
2025-12-19 13:47:00,25981.3,59.943181818182644,SCAN,26000,0.0,0.0,Wait
2025-12-19 13:48:00,25981.4,59.943181818182644,SCAN,26000,0.0,0.0,Wait
2025-12-19 13:49:00,25977.15,59.943181818182644,SCAN,26000,0.0,0.0,Wait
2025-12-19 13:50:00,25976.1,61.40861466821879,SCAN,26000,0.0,0.0,Wait
2025-12-19 13:51:00,25978.75,61.40861466821879,SCAN,26000,0.0,0.0,Wait
2025-12-19 13:52:00,25980.7,61.40861466821879,SCAN,26000,0.0,0.0,Wait
2025-12-19 13:53:00,25976.45,61.40861466821879,SCAN,26000,0.0,0.0,Wait
2025-12-19 13:54:00,25973.25,61.40861466821879,SCAN,25950,0.0,0.0,Wait
2025-12-19 13:55:00,25972.05,64.21113689095296,SCAN,25950,0.0,0.0,Wait
2025-12-19 13:56:00,25974.1,64.21113689095296,SCAN,25950,0.0,0.0,Wait
2025-12-19 13:57:00,25977.45,64.21113689095296,SCAN,26000,0.0,0.0,Wait
2025-12-19 13:58:00,25974.9,64.21113689095296,SCAN,25950,0.0,0.0,Wait
2025-12-19 13:59:00,25975.85,64.21113689095296,SCAN,26000,0.0,0.0,Wait
2025-12-19 14:00:00,25980.55,61.22787610619545,SCAN,26000,0.0,0.0,Wait
2025-12-19 14:01:00,25982.5,61.22787610619545,SCAN,26000,0.0,0.0,Wait
2025-12-19 14:02:00,25977.55,61.22787610619545,SCAN,26000,0.0,0.0,Wait
2025-12-19 14:03:00,25974.55,61.22787610619545,SCAN,25950,0.0,0.0,Wait
2025-12-19 14:04:00,25968.95,61.22787610619545,SCAN,25950,0.0,0.0,Wait
2025-12-19 14:05:00,25971.2,58.191126279864854,SCAN,25950,0.0,0.0,Wait
2025-12-19 14:06:00,25966.35,58.191126279864854,SCAN,25950,0.0,0.0,Wait
2025-12-19 14:07:00,25962.85,58.191126279864854,SCAN,25950,0.0,0.0,Wait
2025-12-19 14:08:00,25968.6,58.191126279864854,SCAN,25950,0.0,0.0,Wait
2025-12-19 14:09:00,25967.25,58.191126279864854,SCAN,25950,0.0,0.0,Wait
2025-12-19 14:10:00,25966.6,58.87743413516654,SCAN,25950,0.0,0.0,Wait
2025-12-19 14:11:00,25964.85,58.87743413516654,SCAN,25950,0.0,0.0,Wait
2025-12-19 14:12:00,25972.25,58.87743413516654,SCAN,25950,0.0,0.0,Wait
2025-12-19 14:13:00,25967.8,58.87743413516654,SCAN,25950,0.0,0.0,Wait
2025-12-19 14:14:00,25967.5,58.87743413516654,SCAN,25950,0.0,0.0,Wait
2025-12-19 14:15:00,25967.35,71.67530224525045,SCAN,25950,0.0,0.0,Wait
2025-12-19 14:16:00,25971.1,71.67530224525045,SCAN,25950,0.0,0.0,Wait
2025-12-19 14:17:00,25972.1,71.67530224525045,SCAN,25950,0.0,0.0,Wait
2025-12-19 14:18:00,25976.1,71.67530224525045,SCAN,26000,0.0,0.0,Wait
2025-12-19 14:19:00,25978.35,71.67530224525045,SCAN,26000,0.0,0.0,Wait
2025-12-19 14:20:00,25979.0,83.80241240666369,SCAN,26000,0.0,0.0,Wait
2025-12-19 14:21:00,25980.05,83.80241240666369,SCAN,26000,0.0,0.0,Wait
2025-12-19 14:22:00,25977.9,83.80241240666369,SCAN,26000,0.0,0.0,Wait
2025-12-19 14:23:00,25982.35,83.80241240666369,SCAN,26000,0.0,0.0,Wait
2025-12-19 14:24:00,25989.05,83.80241240666369,SCAN,26000,0.0,0.0,Wait
2025-12-19 14:25:00,25983.15,60.173697270470754,SCAN,26000,0.0,86.1,Wait
2025-12-19 14:26:00,25979.25,60.173697270470754,HOLD,26000,87.45,0.0,PnL: 101
2025-12-19 14:27:00,25971.65,60.173697270470754,HOLD,25950,91.05,0.0,PnL: 371
2025-12-19 14:28:00,25973.2,60.173697270470754,HOLD,25950,90.95,0.0,PnL: 364
2025-12-19 14:29:00,25971.05,60.173697270470754,HOLD,25950,90.85,0.0,PnL: 356
2025-12-19 14:30:00,25972.45,56.25766871165717,HOLD,25950,90.25,0.0,PnL: 311
2025-12-19 14:31:00,25973.95,56.25766871165717,HOLD,25950,90.95,0.0,PnL: 364
2025-12-19 14:32:00,25973.05,56.25766871165717,HOLD,25950,90.5,0.0,PnL: 330
2025-12-19 14:33:00,25969.5,56.25766871165717,HOLD,25950,92.75,0.0,PnL: 499
2025-12-19 14:34:00,25967.5,56.25766871165717,HOLD,25950,92.85,0.0,PnL: 506
2025-12-19 14:35:00,25968.35,60.58185966913847,HOLD,25950,92.35,0.0,PnL: 469
2025-12-19 14:36:00,25965.85,60.58185966913847,HOLD,25950,93.0,0.0,PnL: 518
2025-12-19 14:37:00,25971.15,60.58185966913847,HOLD,25950,90.3,0.0,PnL: 315
2025-12-19 14:38:00,25975.2,60.58185966913847,HOLD,26000,87.65,0.0,PnL: 116
2025-12-19 14:39:00,25974.75,60.58185966913847,HOLD,25950,88.75,0.0,PnL: 199
2025-12-19 14:40:00,25971.2,54.11764705882325,HOLD,25950,91.0,0.0,PnL: 368
2025-12-19 14:41:00,25969.95,54.11764705882325,HOLD,25950,92.6,0.0,PnL: 488
2025-12-19 14:42:00,25972.95,54.11764705882325,HOLD,25950,89.6,0.0,PnL: 262
2025-12-19 14:43:00,25974.05,54.11764705882325,HOLD,25950,90.05,0.0,PnL: 296
2025-12-19 14:44:00,25974.2,54.11764705882325,HOLD,25950,90.5,0.0,PnL: 330
2025-12-19 14:45:00,25975.7,56.09756097560998,HOLD,26000,90.35,0.0,PnL: 319
2025-12-19 14:46:00,25978.2,56.09756097560998,HOLD,26000,89.15,0.0,PnL: 229
2025-12-19 14:47:00,25978.2,56.09756097560998,HOLD,26000,88.65,0.0,PnL: 191
2025-12-19 14:48:00,25980.85,56.09756097560998,HOLD,26000,86.1,0.0,PnL: 0
2025-12-19 14:49:00,25979.35,56.09756097560998,HOLD,26000,88.1,0.0,PnL: 150
2025-12-19 14:50:00,25972.95,42.51877527440674,HOLD,25950,90.25,0.0,PnL: 311
2025-12-19 14:51:00,25967.4,42.51877527440674,HOLD,25950,91.8,0.0,PnL: 428
2025-12-19 14:52:00,25972.65,42.51877527440674,HOLD,25950,89.75,0.0,PnL: 274
2025-12-19 14:53:00,25969.15,42.51877527440674,HOLD,25950,91.3,0.0,PnL: 390
2025-12-19 14:54:00,25964.7,42.51877527440674,HOLD,25950,91.9,0.0,PnL: 435
2025-12-19 14:55:00,25968.6,39.99999999999842,HOLD,25950,90.25,0.0,PnL: 311
2025-12-19 14:56:00,25962.3,39.99999999999842,HOLD,25950,93.35,0.0,PnL: 544
2025-12-19 14:57:00,25962.45,39.99999999999842,HOLD,25950,92.35,0.0,PnL: 469
2025-12-19 14:58:00,25961.85,39.99999999999842,HOLD,25950,93.0,0.0,PnL: 518
2025-12-19 14:59:00,25958.75,39.99999999999842,HOLD,25950,93.35,0.0,PnL: 544
2025-12-19 15:00:00,25955.45,45.48352816152987,HOLD,25950,93.5,0.0,PnL: 555
2025-12-19 15:01:00,25961.65,45.48352816152987,HOLD,25950,89.3,0.0,PnL: 240
2025-12-19 15:02:00,25962.1,45.48352816152987,HOLD,25950,89.8,0.0,PnL: 278
2025-12-19 15:03:00,25960.6,45.48352816152987,HOLD,25950,90.25,0.0,PnL: 311
2025-12-19 15:04:00,25964.75,45.48352816152987,HOLD,25950,89.85,0.0,PnL: 281
2025-12-19 15:05:00,25968.3,47.9716024340769,HOLD,25950,87.0,0.0,PnL: 68
2025-12-19 15:06:00,25969.3,47.9716024340769,HOLD,25950,86.45,0.0,PnL: 26
2025-12-19 15:07:00,25972.15,47.9716024340769,HOLD,25950,85.5,0.0,PnL: -45
2025-12-19 15:08:00,25970.2,47.9716024340769,HOLD,25950,85.9,0.0,PnL: -15
2025-12-19 15:09:00,25971.85,47.9716024340769,HOLD,25950,85.0,0.0,PnL: -82
2025-12-19 15:10:00,25969.3,50.48025613660506,HOLD,25950,85.55,0.0,PnL: -41
