Timestamp,Fut_Price,Fut_VWAP,Fut_Vol,Vol_Ratio,Trend,Strike,Opt_Symbol,Opt_LTP,Opt_OI,OI_Chg,Spread,Signal,Position,PnL,Balance
13:07:44,25993.7,26003.23,2100,1.02,BEARISH,26000,NIFTY25D2326000PE,104.3,143898.0,252.12,0.0,WAIT,None,0.0,10000.0
13:07:46,25993.7,26003.23,2100,1.02,BEARISH,26000,NIFTY25D2326000PE,104.35,143898.0,252.12,0.0,WAIT,None,0.0,10000.0
13:07:48,25993.7,26003.23,2100,1.02,BEARISH,26000,NIFTY25D2326000PE,104.15,143898.0,252.12,0.0,WAIT,None,0.0,10000.0
13:07:51,25993.7,26003.23,2100,1.02,BEARISH,26000,NIFTY25D2326000PE,104.05,143898.0,252.12,0.0,WAIT,None,0.0,10000.0
13:07:53,25993.7,26003.23,2100,1.02,BEARISH,26000,NIFTY25D2326000PE,103.7,143898.0,252.12,0.0,WAIT,None,0.0,10000.0
13:07:55,25993.7,26003.23,2100,1.02,BEARISH,26000,NIFTY25D2326000PE,103.7,143898.0,252.12,0.0,WAIT,None,0.0,10000.0
13:07:58,25993.7,26003.23,2100,1.02,BEARISH,26000,NIFTY25D2326000PE,104.3,143898.0,252.12,0.0,WAIT,None,0.0,10000.0
13:08:00,25993.7,26003.23,2100,1.02,BEARISH,26000,NIFTY25D2326000PE,104.55,143898.0,252.12,0.0,WAIT,None,0.0,10000.0
13:08:02,25993.9,26003.07,300,0.15,BEARISH,26000,NIFTY25D2326000PE,104.75,143898.0,252.12,0.0,WAIT,None,0.0,10000.0
13:08:05,25993.9,26003.07,300,0.15,BEARISH,26000,NIFTY25D2326000PE,105.0,143898.0,252.12,0.0,WAIT,None,0.0,10000.0
13:08:07,25993.9,26003.06,375,0.19,BEARISH,26000,NIFTY25D2326000PE,105.85,146721.0,259.03,0.0,WAIT,None,0.0,10000.0
13:08:09,25993.9,26003.06,375,0.19,BEARISH,26000,NIFTY25D2326000PE,105.8,146721.0,259.03,0.0,WAIT,None,0.0,10000.0
13:08:12,25993.9,26003.06,375,0.19,BEARISH,26000,NIFTY25D2326000PE,106.0,146721.0,259.03,0.0,WAIT,None,0.0,10000.0
13:08:14,25993.0,26003.05,450,0.23,BEARISH,26000,NIFTY25D2326000PE,105.65,146721.0,259.03,0.0,WAIT,None,0.0,10000.0
13:08:17,25993.0,26003.05,450,0.23,BEARISH,26000,NIFTY25D2326000PE,105.7,146721.0,259.03,0.0,WAIT,None,0.0,10000.0
13:08:20,25993.0,26003.05,450,0.23,BEARISH,26000,NIFTY25D2326000PE,105.9,146721.0,259.03,0.0,WAIT,None,0.0,10000.0
13:08:23,25993.0,26003.05,450,0.23,BEARISH,26000,NIFTY25D2326000PE,106.5,146721.0,259.03,0.0,WAIT,None,0.0,10000.0
13:08:25,25996.9,26003.05,525,0.27,BEARISH,26000,NIFTY25D2326000PE,106.65,146721.0,259.03,0.0,WAIT,None,0.0,10000.0
13:08:28,25996.9,26003.05,525,0.27,BEARISH,26000,NIFTY25D2326000PE,106.6,146721.0,259.03,0.0,WAIT,None,0.0,10000.0
13:08:31,25996.9,26003.05,525,0.27,BEARISH,26000,NIFTY25D2326000PE,106.65,146721.0,259.03,0.0,WAIT,None,0.0,10000.0
13:08:33,25996.9,26003.05,525,0.27,BEARISH,26000,NIFTY25D2326000PE,105.6,146721.0,259.03,0.0,WAIT,None,0.0,10000.0
13:08:36,25996.9,26003.05,525,0.27,BEARISH,26000,NIFTY25D2326000PE,105.55,146721.0,259.03,0.0,WAIT,None,0.0,10000.0
13:08:39,25996.9,26003.05,525,0.27,BEARISH,26000,NIFTY25D2326000PE,105.85,146721.0,259.03,0.0,WAIT,None,0.0,10000.0
13:08:42,25996.9,26003.05,525,0.27,BEARISH,26000,NIFTY25D2326000PE,106.2,146721.0,259.03,0.0,WAIT,None,0.0,10000.0
13:08:45,25996.9,26003.05,525,0.27,BEARISH,26000,NIFTY25D2326000PE,106.2,146721.0,259.03,0.0,WAIT,None,0.0,10000.0
13:08:47,25991.0,26003.03,525,0.27,BEARISH,26000,NIFTY25D2326000PE,106.1,146721.0,259.03,0.0,WAIT,None,0.0,10000.0
13:08:50,25991.1,26003.02,600,0.31,BEARISH,26000,NIFTY25D2326000PE,105.85,146721.0,259.03,0.0,WAIT,None,0.0,10000.0
13:08:53,25991.1,26003.01,675,0.34,BEARISH,26000,NIFTY25D2326000PE,105.9,146721.0,259.03,0.0,WAIT,None,0.0,10000.0
13:08:56,25991.1,26003.01,675,0.34,BEARISH,26000,NIFTY25D2326000PE,105.95,146721.0,259.03,0.0,WAIT,None,0.0,10000.0
13:08:58,25991.1,26003.01,675,0.34,BEARISH,26000,NIFTY25D2326000PE,105.7,146721.0,259.03,0.0,WAIT,None,0.0,10000.0
13:09:01,25991.1,26003.01,675,0.34,BEARISH,26000,NIFTY25D2326000PE,105.95,146721.0,259.03,0.0,WAIT,None,0.0,10000.0
13:09:04,25992.0,26002.61,75,0.04,BEARISH,26000,NIFTY25D2326000PE,105.9,146721.0,259.03,0.0,WAIT,None,0.0,10000.0
13:09:07,25992.2,26002.6,150,0.08,BEARISH,26000,NIFTY25D2326000PE,106.2,146721.0,259.03,0.0,WAIT,None,0.0,10000.0
13:09:10,25992.2,26002.6,150,0.08,BEARISH,26000,NIFTY25D2326000PE,106.45,146721.0,259.03,0.0,WAIT,None,0.0,10000.0
13:09:12,25992.2,26002.6,150,0.08,BEARISH,26000,NIFTY25D2326000PE,107.0,146721.0,259.03,0.0,WAIT,None,0.0,10000.0
13:09:15,25992.2,26002.6,150,0.08,BEARISH,26000,NIFTY25D2326000PE,107.35,146721.0,259.03,0.0,WAIT,None,0.0,10000.0
13:09:18,25996.8,26002.57,450,0.23,BEARISH,26000,NIFTY25D2326000PE,107.95,146721.0,259.03,0.0,WAIT,None,0.0,10000.0
13:09:21,25992.1,26002.55,525,0.27,BEARISH,26000,NIFTY25D2326000PE,107.5,146721.0,259.03,0.0,WAIT,None,0.0,10000.0
13:09:23,25992.1,26002.55,525,0.27,BEARISH,26000,NIFTY25D2326000PE,108.2,146721.0,259.03,0.0,WAIT,None,0.0,10000.0
13:09:26,25992.1,26002.55,525,0.27,BEARISH,26000,NIFTY25D2326000PE,108.4,146721.0,259.03,0.0,WAIT,None,0.0,10000.0
13:09:29,25992.1,26002.55,525,0.27,BEARISH,26000,NIFTY25D2326000PE,108.5,146721.0,259.03,0.0,WAIT,None,0.0,10000.0
13:09:32,25992.1,26002.55,525,0.27,BEARISH,26000,NIFTY25D2326000PE,108.7,146721.0,259.03,0.0,WAIT,None,0.0,10000.0
13:09:35,25992.1,26002.55,525,0.27,BEARISH,26000,NIFTY25D2326000PE,108.35,146721.0,259.03,0.0,WAIT,None,0.0,10000.0
13:09:37,25992.1,26002.55,525,0.27,BEARISH,26000,NIFTY25D2326000PE,108.25,146721.0,259.03,0.0,WAIT,None,0.0,10000.0
13:09:40,25992.1,26002.54,600,0.31,BEARISH,26000,NIFTY25D2326000PE,108.45,146721.0,259.03,0.0,WAIT,None,0.0,10000.0
13:09:43,25994.3,26002.54,675,0.34,BEARISH,26000,NIFTY25D2326000PE,108.45,146721.0,259.03,0.0,WAIT,None,0.0,10000.0
13:09:46,25994.3,26002.54,675,0.34,BEARISH,26000,NIFTY25D2326000PE,108.25,146721.0,259.03,0.0,WAIT,None,0.0,10000.0
13:09:48,25994.3,26002.54,675,0.34,BEARISH,26000,NIFTY25D2326000PE,108.15,146721.0,259.03,0.0,WAIT,None,0.0,10000.0
13:09:51,25994.3,26002.54,675,0.34,BEARISH,26000,NIFTY25D2326000PE,107.3,146721.0,259.03,0.0,WAIT,None,0.0,10000.0
13:09:54,25990.3,26002.5,750,0.38,BEARISH,26000,NIFTY25D2326000PE,107.25,146721.0,259.03,0.0,WAIT,None,0.0,10000.0
13:09:57,25990.3,26002.5,750,0.38,BEARISH,26000,NIFTY25D2326000PE,107.75,146721.0,259.03,0.0,WAIT,None,0.0,10000.0
13:09:59,25990.3,26002.5,750,0.38,BEARISH,26000,NIFTY25D2326000PE,107.2,146721.0,259.03,0.0,WAIT,None,0.0,10000.0
13:10:02,25990.2,26002.36,750,0.41,BEARISH,26000,NIFTY25D2326000PE,107.15,146721.0,259.03,0.0,WAIT,None,0.0,10000.0
13:10:05,25990.2,26001.49,750,0.41,BEARISH,26000,NIFTY25D2326000PE,106.4,146721.0,259.03,0.0,WAIT,None,0.0,10000.0
13:10:08,25990.2,26001.46,900,0.49,BEARISH,26000,NIFTY25D2326000PE,107.4,146721.0,259.03,0.0,WAIT,None,0.0,10000.0
13:10:10,25990.2,26001.46,900,0.49,BEARISH,26000,NIFTY25D2326000PE,107.35,146721.0,259.03,0.0,WAIT,None,0.0,10000.0
13:10:13,25992.0,26001.45,1050,0.57,BEARISH,26000,NIFTY25D2326000PE,107.15,146721.0,259.03,0.0,WAIT,None,0.0,10000.0
13:10:16,25992.0,26001.44,1125,0.61,BEARISH,26000,NIFTY25D2326000PE,107.0,146721.0,259.03,0.0,WAIT,None,0.0,10000.0
13:10:18,25992.0,26001.38,1500,0.8,BEARISH,26000,NIFTY25D2326000PE,106.5,146721.0,259.03,0.0,WAIT,None,0.0,10000.0
13:10:21,25992.0,26001.36,1575,0.84,BEARISH,26000,NIFTY25D2326000PE,105.65,146721.0,259.03,0.0,WAIT,None,0.0,10000.0
13:10:24,25995.0,26001.39,1800,0.95,BEARISH,26000,NIFTY25D2326000PE,105.65,146721.0,259.03,0.0,WAIT,None,0.0,10000.0
13:10:26,25995.0,26001.39,1800,0.95,BEARISH,26000,NIFTY25D2326000PE,105.8,146721.0,259.03,0.0,WAIT,None,0.0,10000.0
13:10:29,25995.0,26001.39,1800,0.95,BEARISH,26000,NIFTY25D2326000PE,105.9,146721.0,259.03,0.0,WAIT,None,0.0,10000.0
13:10:32,25995.0,26001.39,1800,0.95,BEARISH,26000,NIFTY25D2326000PE,106.5,146721.0,259.03,0.0,WAIT,None,0.0,10000.0
13:10:35,25991.5,26001.34,1875,0.99,BEARISH,26000,NIFTY25D2326000PE,107.1,146721.0,259.03,0.0,WAIT,None,0.0,10000.0
13:10:37,25991.5,26001.34,1875,0.99,BEARISH,26000,NIFTY25D2326000PE,106.8,146721.0,259.03,0.0,WAIT,None,0.0,10000.0
13:10:40,25989.9,26001.12,3150,1.61,BEARISH,26000,NIFTY25D2326000PE,106.8,146721.0,259.03,0.0,WAIT,None,0.0,10000.0
13:10:42,25990.6,26001.12,3225,1.64,BEARISH,26000,NIFTY25D2326000PE,106.2,146721.0,259.03,0.0,WAIT,None,0.0,10000.0
13:10:45,25990.6,26001.11,3300,1.68,BEARISH,26000,NIFTY25D2326000PE,106.8,146721.0,259.03,0.0,WAIT,None,0.0,10000.0
13:10:47,25994.9,26001.18,3375,1.71,BEARISH,26000,NIFTY25D2326000PE,106.85,146721.0,259.03,0.0,WAIT,None,0.0,10000.0
13:10:50,25994.9,26001.18,3375,1.71,BEARISH,26000,NIFTY25D2326000PE,106.8,146721.0,259.03,0.0,WAIT,None,0.0,10000.0
13:10:52,25994.9,26001.18,3375,1.71,BEARISH,26000,NIFTY25D2326000PE,106.95,146721.0,259.03,0.0,WAIT,None,0.0,10000.0
13:10:55,25994.9,26001.18,3375,1.71,BEARISH,26000,NIFTY25D2326000PE,107.5,146721.0,259.03,0.0,WAIT,None,0.0,10000.0
13:10:58,25994.9,26001.18,3375,1.71,BEARISH,26000,NIFTY25D2326000PE,108.35,146721.0,259.03,0.0,WAIT,None,0.0,10000.0
13:11:01,25994.9,26001.18,3375,1.71,BEARISH,26000,NIFTY25D2326000PE,107.9,146721.0,259.03,0.0,WAIT,None,0.0,10000.0
13:11:04,25991.6,26000.92,75,0.04,BEARISH,26000,NIFTY25D2326000PE,108.4,146721.0,259.03,0.0,WAIT,None,0.0,10000.0
13:11:06,25991.6,26000.92,75,0.04,BEARISH,26000,NIFTY25D2326000PE,108.1,146721.0,259.03,0.0,WAIT,None,0.0,10000.0
13:11:09,25991.6,26000.91,150,0.08,BEARISH,26000,NIFTY25D2326000PE,108.6,145743.0,256.64,0.0,WAIT,None,0.0,10000.0
13:11:12,25991.6,26000.91,150,0.08,BEARISH,26000,NIFTY25D2326000PE,109.0,145743.0,256.64,0.0,WAIT,None,0.0,10000.0
13:11:15,25991.5,26000.9,225,0.12,BEARISH,26000,NIFTY25D2326000PE,108.95,145743.0,256.64,0.0,WAIT,None,0.0,10000.0
13:11:18,25991.5,26000.9,225,0.12,BEARISH,26000,NIFTY25D2326000PE,108.2,145743.0,256.64,0.0,WAIT,None,0.0,10000.0
13:11:21,25991.5,26000.9,225,0.12,BEARISH,26000,NIFTY25D2326000PE,108.6,145743.0,256.64,0.0,WAIT,None,0.0,10000.0
13:11:23,25989.9,26000.9,225,0.12,BEARISH,26000,NIFTY25D2326000PE,108.5,145743.0,256.64,0.0,WAIT,None,0.0,10000.0
13:11:26,25991.5,26000.88,375,0.19,BEARISH,26000,NIFTY25D2326000PE,108.3,145743.0,256.64,0.0,WAIT,None,0.0,10000.0
13:11:29,25990.0,26000.85,525,0.27,BEARISH,26000,NIFTY25D2326000PE,108.55,145743.0,256.64,0.0,WAIT,None,0.0,10000.0
13:11:32,25990.0,26000.85,525,0.27,BEARISH,26000,NIFTY25D2326000PE,108.15,145743.0,256.64,0.0,WAIT,None,0.0,10000.0
13:11:35,25989.9,26000.8,825,0.42,BEARISH,26000,NIFTY25D2326000PE,107.75,145743.0,256.64,0.0,WAIT,None,0.0,10000.0
13:11:37,25989.9,26000.8,825,0.42,BEARISH,26000,NIFTY25D2326000PE,108.15,145743.0,256.64,0.0,WAIT,None,0.0,10000.0
13:11:40,25989.9,26000.8,825,0.42,BEARISH,26000,NIFTY25D2326000PE,107.8,145743.0,256.64,0.0,WAIT,None,0.0,10000.0
13:11:42,25990.0,26000.8,825,0.42,BEARISH,26000,NIFTY25D2326000PE,108.0,145743.0,256.64,0.0,WAIT,None,0.0,10000.0
13:11:44,25990.0,26000.78,900,0.46,BEARISH,26000,NIFTY25D2326000PE,108.0,145743.0,256.64,0.0,WAIT,None,0.0,10000.0
13:11:47,25989.9,26000.77,975,0.5,BEARISH,26000,NIFTY25D2326000PE,108.1,145743.0,256.64,0.0,WAIT,None,0.0,10000.0
13:11:49,25989.9,26000.68,1500,0.76,BEARISH,26000,NIFTY25D2326000PE,107.9,145743.0,256.64,0.0,WAIT,None,0.0,10000.0
13:11:51,25990.0,26000.67,1575,0.79,BEARISH,26000,NIFTY25D2326000PE,107.45,145743.0,256.64,0.0,WAIT,None,0.0,10000.0
13:11:53,25990.0,26000.65,1650,0.83,BEARISH,26000,NIFTY25D2326000PE,107.9,145743.0,256.64,0.0,WAIT,None,0.0,10000.0
13:11:56,25990.0,26000.65,1650,0.83,BEARISH,26000,NIFTY25D2326000PE,108.85,145743.0,256.64,0.0,WAIT,None,0.0,10000.0
13:11:59,25990.0,26000.65,1650,0.83,BEARISH,26000,NIFTY25D2326000PE,109.3,145743.0,256.64,0.0,WAIT,None,0.0,10000.0
13:12:02,25990.0,26000.65,1650,0.83,BEARISH,26000,NIFTY25D2326000PE,108.45,145743.0,256.64,0.0,WAIT,None,0.0,10000.0
13:12:05,25991.0,26000.14,225,0.12,BEARISH,26000,NIFTY25D2326000PE,108.4,145743.0,256.64,0.0,WAIT,None,0.0,10000.0
13:12:08,25986.4,26000.13,225,0.12,BEARISH,26000,NIFTY25D2326000PE,108.95,145743.0,256.64,0.0,WAIT,None,0.0,10000.0
13:12:11,25986.1,26000.01,825,0.42,BEARISH,26000,NIFTY25D2326000PE,109.1,145743.0,256.64,0.0,WAIT,None,0.0,10000.0
13:12:14,25985.8,25999.99,900,0.46,BEARISH,26000,NIFTY25D2326000PE,109.35,145743.0,256.64,0.0,WAIT,None,0.0,10000.0
13:12:16,25985.8,25999.93,1200,0.6,BEARISH,26000,NIFTY25D2326000PE,109.85,145743.0,256.64,0.0,WAIT,None,0.0,10000.0
13:12:19,25990.0,25999.94,1275,0.64,BEARISH,26000,NIFTY25D2326000PE,109.5,145743.0,256.64,0.0,WAIT,None,0.0,10000.0
13:12:22,25990.0,25999.94,1275,0.64,BEARISH,26000,NIFTY25D2326000PE,109.6,145743.0,256.64,0.0,WAIT,None,0.0,10000.0
13:12:25,25990.0,25999.94,1275,0.64,BEARISH,26000,NIFTY25D2326000PE,110.0,145743.0,256.64,0.0,WAIT,None,0.0,10000.0
13:12:28,25985.4,25999.89,1350,0.68,BEARISH,26000,NIFTY25D2326000PE,110.25,145743.0,256.64,0.0,WAIT,None,0.0,10000.0
13:12:31,25985.4,25999.89,1350,0.68,BEARISH,26000,NIFTY25D2326000PE,110.15,145743.0,256.64,0.0,WAIT,None,0.0,10000.0
13:12:34,25985.1,25999.87,1425,0.71,BEARISH,26000,NIFTY25D2326000PE,110.1,145743.0,256.64,0.0,WAIT,None,0.0,10000.0
13:12:37,25985.1,25999.86,1500,0.75,BEARISH,26000,NIFTY25D2326000PE,110.0,145743.0,256.64,0.0,WAIT,None,0.0,10000.0
13:12:40,25985.1,25999.86,1500,0.75,BEARISH,26000,NIFTY25D2326000PE,110.6,145743.0,256.64,0.0,WAIT,None,0.0,10000.0
13:12:43,25986.0,25999.82,1725,0.86,BEARISH,26000,NIFTY25D2326000PE,111.3,145743.0,256.64,0.0,WAIT,None,0.0,10000.0
13:12:46,25986.0,25999.79,1875,0.93,BEARISH,26000,NIFTY25D2326000PE,111.45,145743.0,256.64,0.0,WAIT,None,0.0,10000.0
13:12:48,25982.0,25999.72,1875,0.93,BEARISH,26000,NIFTY25D2326000PE,111.9,145743.0,256.64,0.0,WAIT,None,0.0,10000.0
13:12:51,25986.0,25999.11,4950,2.28,BEARISH,26000,NIFTY25D2326000PE,112.85,145743.0,256.64,0.0,WAIT,None,0.0,10000.0
13:12:54,25985.0,25999.07,5025,2.31,BEARISH,26000,NIFTY25D2326000PE,112.8,145743.0,256.64,0.0,WAIT,None,0.0,10000.0
13:12:57,25985.0,25999.07,5025,2.31,BEARISH,26000,NIFTY25D2326000PE,112.65,145743.0,256.64,0.0,WAIT,None,0.0,10000.0
13:13:00,25985.0,25999.07,5025,2.31,BEARISH,26000,NIFTY25D2326000PE,112.95,145743.0,256.64,0.0,WAIT,None,0.0,10000.0
13:13:03,25979.9,25998.22,1425,0.71,BEARISH,26000,NIFTY25D2326000PE,112.8,145743.0,256.64,0.0,WAIT,None,0.0,10000.0
13:13:05,25980.0,25998.16,1650,0.81,BEARISH,26000,NIFTY25D2326000PE,113.2,145743.0,256.64,0.0,WAIT,None,0.0,10000.0
13:13:08,25982.0,25998.17,1725,0.85,BEARISH,26000,NIFTY25D2326000PE,113.1,145743.0,256.64,0.0,WAIT,None,0.0,10000.0
13:13:11,25982.0,25998.15,1800,0.89,BEARISH,26000,NIFTY25D2326000PE,113.75,145743.0,256.64,0.0,WAIT,None,0.0,10000.0
13:13:14,25980.0,25997.99,2325,1.13,BEARISH,26000,NIFTY25D2326000PE,113.6,145743.0,256.64,0.0,WAIT,None,0.0,10000.0
13:13:17,25980.0,25997.99,2325,1.13,BEARISH,26000,NIFTY25D2326000PE,113.3,145743.0,256.64,0.0,WAIT,None,0.0,10000.0
13:13:19,25980.0,25997.46,4350,2.01,BEARISH,26000,NIFTY25D2326000PE,113.2,145743.0,256.64,0.0,WAIT,None,0.0,10000.0
13:13:22,25982.0,25997.24,5475,2.47,BEARISH,26000,NIFTY25D2326000PE,113.15,145743.0,256.64,0.0,WAIT,None,0.0,10000.0
13:13:25,25982.0,25997.1,6075,2.7,BEARISH,26000,NIFTY25D2326000PE,113.5,145743.0,256.64,0.0,WAIT,None,0.0,10000.0
13:13:28,25980.0,25997.02,6150,2.73,BEARISH,26000,NIFTY25D2326000PE,114.85,145743.0,256.64,0.0,WAIT,None,0.0,10000.0
13:13:31,25980.0,25997.02,6150,2.73,BEARISH,26000,NIFTY25D2326000PE,115.2,145743.0,256.64,0.0,WAIT,None,0.0,10000.0
13:13:36,25980.0,25996.93,6525,2.88,BEARISH,26000,NIFTY25D2326000PE,116.95,145743.0,256.64,0.0,WAIT,None,0.0,10000.0
13:13:39,25979.1,25995.22,14025,5.3,BEARISH,26000,NIFTY25D2326000PE,116.65,145743.0,256.64,0.0,WAIT,None,0.0,10000.0
13:13:42,25979.1,25995.21,14100,5.33,BEARISH,26000,NIFTY25D2326000PE,116.95,145743.0,256.64,0.0,WAIT,None,0.0,10000.0
13:13:45,25979.1,25995.21,14100,5.33,BEARISH,26000,NIFTY25D2326000PE,117.4,145743.0,256.64,0.0,WAIT,None,0.0,10000.0
13:13:48,25979.1,25995.21,14100,5.33,BEARISH,26000,NIFTY25D2326000PE,115.45,145743.0,256.64,0.0,WAIT,None,0.0,10000.0
13:13:51,25979.1,25995.21,14100,5.33,BEARISH,26000,NIFTY25D2326000PE,115.1,145743.0,256.64,0.0,WAIT,None,0.0,10000.0
13:13:54,25979.1,25995.21,14100,5.33,BEARISH,26000,NIFTY25D2326000PE,114.75,145743.0,256.64,0.0,WAIT,None,0.0,10000.0
13:13:57,25979.1,25995.21,14100,5.33,BEARISH,26000,NIFTY25D2326000PE,115.0,145743.0,256.64,0.0,WAIT,None,0.0,10000.0
13:14:00,25979.1,25995.21,14100,5.33,BEARISH,26000,NIFTY25D2326000PE,115.2,145743.0,256.64,0.0,WAIT,None,0.0,10000.0
13:14:02,25978.2,25994.61,375,0.15,BEARISH,26000,NIFTY25D2326000PE,114.6,145743.0,256.64,0.0,WAIT,None,0.0,10000.0
13:14:05,25980.2,25994.23,2250,0.88,BEARISH,26000,NIFTY25D2326000PE,112.9,145743.0,256.64,0.0,WAIT,None,0.0,10000.0
13:14:08,25982.0,25994.2,2625,1.02,BEARISH,26000,NIFTY25D2326000PE,112.7,140226.0,243.14,0.0,WAIT,None,0.0,10000.0
13:14:10,25980.4,25994.18,2625,1.02,BEARISH,26000,NIFTY25D2326000PE,112.8,140226.0,243.14,0.0,WAIT,None,0.0,10000.0
13:14:13,25980.4,25994.11,3000,1.16,BEARISH,26000,NIFTY25D2326000PE,112.75,140226.0,243.14,0.0,WAIT,None,0.0,10000.0
13:14:15,25982.0,25994.0,3750,1.42,BEARISH,26000,NIFTY25D2326000PE,113.05,140226.0,243.14,0.0,WAIT,None,0.0,10000.0
13:14:18,25982.0,25993.97,3975,1.5,BEARISH,26000,NIFTY25D2326000PE,113.9,140226.0,243.14,0.0,WAIT,None,0.0,10000.0
13:14:21,25982.0,25993.85,4650,1.74,BEARISH,26000,NIFTY25D2326000PE,114.1,140226.0,243.14,0.0,WAIT,None,0.0,10000.0
13:14:24,25982.0,25993.85,4650,1.74,BEARISH,26000,NIFTY25D2326000PE,114.6,140226.0,243.14,0.0,WAIT,None,0.0,10000.0
13:14:27,25981.0,25993.8,4800,1.79,BEARISH,26000,NIFTY25D2326000PE,114.95,140226.0,243.14,0.0,WAIT,None,0.0,10000.0
13:14:30,25981.0,25993.79,4875,1.81,BEARISH,26000,NIFTY25D2326000PE,114.0,140226.0,243.14,0.0,WAIT,None,0.0,10000.0
13:14:33,25980.0,25993.66,5475,2.01,BEARISH,26000,NIFTY25D2326000PE,114.15,140226.0,243.14,0.0,WAIT,None,0.0,10000.0
13:14:36,25981.0,25993.68,5550,2.04,BEARISH,26000,NIFTY25D2326000PE,114.1,140226.0,243.14,0.0,WAIT,None,0.0,10000.0
13:14:39,25981.0,25993.68,5550,2.04,BEARISH,26000,NIFTY25D2326000PE,113.6,140226.0,243.14,0.0,WAIT,None,0.0,10000.0
13:14:42,25981.0,25993.6,6000,2.19,BEARISH,26000,NIFTY25D2326000PE,113.25,140226.0,243.14,0.0,WAIT,None,0.0,10000.0
13:14:45,25981.0,25993.59,6075,2.21,BEARISH,26000,NIFTY25D2326000PE,113.2,140226.0,243.14,0.0,WAIT,None,0.0,10000.0
13:14:48,25981.0,25993.59,6075,2.21,BEARISH,26000,NIFTY25D2326000PE,113.1,140226.0,243.14,0.0,WAIT,None,0.0,10000.0
13:14:50,25982.0,25993.6,6150,2.23,BEARISH,26000,NIFTY25D2326000PE,113.4,140226.0,243.14,0.0,WAIT,None,0.0,10000.0
13:14:53,25982.0,25993.6,6150,2.23,BEARISH,26000,NIFTY25D2326000PE,113.1,140226.0,243.14,0.0,WAIT,None,0.0,10000.0
13:14:56,25982.0,25993.6,6150,2.23,BEARISH,26000,NIFTY25D2326000PE,114.1,140226.0,243.14,0.0,WAIT,None,0.0,10000.0
13:14:59,25982.0,25993.6,6150,2.23,BEARISH,26000,NIFTY25D2326000PE,113.7,140226.0,243.14,0.0,WAIT,None,0.0,10000.0
13:15:01,25980.2,25993.11,3075,1.1,BEARISH,26000,NIFTY25D2326000PE,113.45,140226.0,243.14,0.0,WAIT,None,0.0,10000.0
13:15:04,25980.0,25992.69,3300,1.18,BEARISH,26000,NIFTY25D2326000PE,112.8,140226.0,243.14,0.0,WAIT,None,0.0,10000.0
13:15:07,25980.2,25992.28,6075,2.07,BEARISH,26000,NIFTY25D2326000PE,113.5,140226.0,243.14,0.0,WAIT,None,0.0,10000.0
13:15:10,25980.2,25992.28,6075,2.07,BEARISH,26000,NIFTY25D2326000PE,113.0,140226.0,243.14,0.0,WAIT,None,0.0,10000.0
13:15:13,25980.2,25992.09,7425,2.47,BEARISH,26000,NIFTY25D2326000PE,112.65,140226.0,243.14,0.0,WAIT,None,0.0,10000.0
13:15:16,25982.0,25992.16,7575,2.51,BEARISH,26000,NIFTY25D2326000PE,112.0,140226.0,243.14,0.0,WAIT,None,0.0,10000.0
13:15:19,25982.0,25992.0,8850,2.87,BEARISH,26000,NIFTY25D2326000PE,111.5,140226.0,243.14,0.0,WAIT,None,0.0,10000.0
13:15:22,25985.1,25992.2,8925,2.9,BEARISH,26000,NIFTY25D2326000PE,111.15,140226.0,243.14,0.0,WAIT,None,0.0,10000.0
13:15:25,25983.0,25992.11,9075,2.94,BEARISH,26000,NIFTY25D2326000PE,112.6,140226.0,243.14,0.0,WAIT,None,0.0,10000.0
13:15:28,25987.2,25992.33,9075,2.94,BEARISH,26000,NIFTY25D2326000PE,112.1,140226.0,243.14,0.0,WAIT,None,0.0,10000.0
13:15:30,25981.3,25991.98,10425,3.3,BEARISH,26000,NIFTY25D2326000PE,112.45,140226.0,243.14,0.0,WAIT,None,0.0,10000.0
13:15:33,25981.6,25991.99,10425,3.3,BEARISH,26000,NIFTY25D2326000PE,112.2,140226.0,243.14,0.0,WAIT,None,0.0,10000.0
13:15:36,25982.0,25991.97,10800,3.4,BEARISH,26000,NIFTY25D2326000PE,113.2,140226.0,243.14,0.0,WAIT,None,0.0,10000.0
13:15:38,25982.0,25991.96,10875,3.42,BEARISH,26000,NIFTY25D2326000PE,113.65,140226.0,243.14,0.0,WAIT,None,0.0,10000.0
13:15:41,25982.0,25991.96,10875,3.42,BEARISH,26000,NIFTY25D2326000PE,113.75,140226.0,243.14,0.0,WAIT,None,0.0,10000.0
13:15:44,25982.0,25991.96,10875,3.42,BEARISH,26000,NIFTY25D2326000PE,113.85,140226.0,243.14,0.0,WAIT,None,0.0,10000.0
13:15:48,25985.6,25992.1,11025,3.46,BEARISH,26000,NIFTY25D2326000PE,114.3,140226.0,243.14,0.0,WAIT,None,0.0,10000.0
13:15:50,25985.6,25992.1,11025,3.46,BEARISH,26000,NIFTY25D2326000PE,113.95,140226.0,243.14,0.0,WAIT,None,0.0,10000.0
13:15:53,25982.0,25991.94,11100,3.48,BEARISH,26000,NIFTY25D2326000PE,114.1,140226.0,243.14,0.0,WAIT,None,0.0,10000.0
13:15:56,25982.0,25991.94,11100,3.48,BEARISH,26000,NIFTY25D2326000PE,114.1,140226.0,243.14,0.0,WAIT,None,0.0,10000.0
13:15:59,25982.0,25991.94,11100,3.48,BEARISH,26000,NIFTY25D2326000PE,114.45,140226.0,243.14,0.0,WAIT,None,0.0,10000.0
13:16:02,25985.8,25991.94,75,0.02,BEARISH,26000,NIFTY25D2326000PE,115.15,140226.0,243.14,0.0,WAIT,None,0.0,10000.0
13:16:05,25982.1,25991.76,150,0.05,BEARISH,26000,NIFTY25D2326000PE,114.65,140226.0,243.14,0.0,WAIT,None,0.0,10000.0
13:16:07,25985.1,25991.76,150,0.05,BEARISH,26000,NIFTY25D2326000PE,114.5,140226.0,243.14,0.0,WAIT,None,0.0,10000.0
13:16:10,25985.2,25991.74,450,0.15,BEARISH,26000,NIFTY25D2326000PE,114.35,140226.0,243.14,0.0,WAIT,None,0.0,10000.0
13:16:13,25982.1,25991.7,750,0.24,BEARISH,26000,NIFTY25D2326000PE,114.75,140226.0,243.14,0.0,WAIT,None,0.0,10000.0
13:16:16,25984.9,25991.7,825,0.27,BEARISH,26000,NIFTY25D2326000PE,114.4,140226.0,243.14,0.0,WAIT,None,0.0,10000.0
13:16:18,25984.9,25991.7,900,0.29,BEARISH,26000,NIFTY25D2326000PE,113.65,140226.0,243.14,0.0,WAIT,None,0.0,10000.0
13:16:21,25982.1,25991.67,1050,0.34,BEARISH,26000,NIFTY25D2326000PE,113.75,140226.0,243.14,0.0,WAIT,None,0.0,10000.0
13:16:24,25982.1,25991.65,1275,0.41,BEARISH,26000,NIFTY25D2326000PE,113.95,140226.0,243.14,0.0,WAIT,None,0.0,10000.0
13:16:27,25982.1,25991.64,1425,0.45,BEARISH,26000,NIFTY25D2326000PE,114.0,140226.0,243.14,0.0,WAIT,None,0.0,10000.0
13:16:30,25986.8,25991.66,1575,0.5,BEARISH,26000,NIFTY25D2326000PE,113.25,140226.0,243.14,0.0,WAIT,None,0.0,10000.0
13:16:32,25982.1,25991.63,1575,0.5,BEARISH,26000,NIFTY25D2326000PE,113.1,140226.0,243.14,0.0,WAIT,None,0.0,10000.0
13:16:35,25982.1,25991.62,1725,0.55,BEARISH,26000,NIFTY25D2326000PE,113.0,140226.0,243.14,0.0,WAIT,None,0.0,10000.0
13:16:38,25982.1,25991.62,1725,0.55,BEARISH,26000,NIFTY25D2326000PE,113.3,140226.0,243.14,0.0,WAIT,None,0.0,10000.0
13:16:41,25982.5,25991.61,1800,0.57,BEARISH,26000,NIFTY25D2326000PE,113.05,140226.0,243.14,0.0,WAIT,None,0.0,10000.0
13:16:44,25982.5,25991.61,1800,0.57,BEARISH,26000,NIFTY25D2326000PE,113.7,140226.0,243.14,0.0,WAIT,None,0.0,10000.0
13:16:47,25982.5,25991.61,1875,0.59,BEARISH,26000,NIFTY25D2326000PE,113.2,140226.0,243.14,0.0,WAIT,None,0.0,10000.0
13:16:49,25982.1,25991.6,1950,0.62,BEARISH,26000,NIFTY25D2326000PE,112.55,140226.0,243.14,0.0,WAIT,None,0.0,10000.0
13:16:52,25982.1,25991.6,1950,0.62,BEARISH,26000,NIFTY25D2326000PE,111.5,140226.0,243.14,0.0,WAIT,None,0.0,10000.0
13:16:55,25982.1,25991.6,1950,0.62,BEARISH,26000,NIFTY25D2326000PE,111.6,140226.0,243.14,0.0,WAIT,None,0.0,10000.0
13:16:58,25982.1,25991.6,1950,0.62,BEARISH,26000,NIFTY25D2326000PE,110.95,140226.0,243.14,0.0,WAIT,None,0.0,10000.0
13:17:01,25982.1,25991.6,1950,0.62,BEARISH,26000,NIFTY25D2326000PE,110.3,140226.0,243.14,0.0,WAIT,None,0.0,10000.0
13:17:04,25983.5,25990.91,1275,0.4,BEARISH,26000,NIFTY25D2326000PE,110.4,140226.0,243.14,0.0,WAIT,None,0.0,10000.0
13:17:07,25986.0,25990.89,1800,0.56,BEARISH,26000,NIFTY25D2326000PE,109.6,140226.0,243.14,0.0,WAIT,None,0.0,10000.0
13:17:10,25988.7,25990.92,1950,0.61,BEARISH,26000,NIFTY25D2326000PE,110.1,139133.0,240.46,0.0,WAIT,None,0.0,10000.0
13:17:12,25988.7,25990.92,1950,0.61,BEARISH,26000,NIFTY25D2326000PE,110.95,139133.0,240.46,0.0,WAIT,None,0.0,10000.0
13:17:15,25988.7,25990.92,1950,0.61,BEARISH,26000,NIFTY25D2326000PE,110.6,139133.0,240.46,0.0,WAIT,None,0.0,10000.0
13:17:18,25983.8,25990.82,2850,0.88,BEARISH,26000,NIFTY25D2326000PE,110.65,139133.0,240.46,0.0,WAIT,None,0.0,10000.0
13:17:21,25983.8,25990.82,2850,0.88,BEARISH,26000,NIFTY25D2326000PE,110.35,139133.0,240.46,0.0,WAIT,None,0.0,10000.0
13:17:23,25984.9,25990.83,2925,0.9,BEARISH,26000,NIFTY25D2326000PE,109.5,139133.0,240.46,0.0,WAIT,None,0.0,10000.0
13:17:26,25984.9,25990.82,3075,0.94,BEARISH,26000,NIFTY25D2326000PE,109.4,139133.0,240.46,0.0,WAIT,None,0.0,10000.0
13:17:29,25984.9,25990.82,3075,0.94,BEARISH,26000,NIFTY25D2326000PE,110.05,139133.0,240.46,0.0,WAIT,None,0.0,10000.0
13:17:32,25988.0,25990.86,3075,0.94,BEARISH,26000,NIFTY25D2326000PE,110.0,139133.0,240.46,0.0,WAIT,None,0.0,10000.0
13:17:35,25984.7,25990.81,3225,0.99,BEARISH,26000,NIFTY25D2326000PE,109.9,139133.0,240.46,0.0,WAIT,None,0.0,10000.0
13:17:38,25984.7,25990.81,3225,0.99,BEARISH,26000,NIFTY25D2326000PE,110.6,139133.0,240.46,0.0,WAIT,None,0.0,10000.0
13:17:41,25984.1,25990.84,3225,0.99,BEARISH,26000,NIFTY25D2326000PE,110.25,139133.0,240.46,0.0,WAIT,None,0.0,10000.0
13:17:43,25986.0,25990.55,10200,2.82,BEARISH,26000,NIFTY25D2326000PE,109.5,139133.0,240.46,0.0,WAIT,None,0.0,10000.0
13:17:46,25993.3,25990.86,10725,2.95,BULLISH,26000,NIFTY25D2326000CE,55.15,307657.0,80.57,0.0,WAIT,None,0.0,10000.0
13:17:49,25993.3,25990.86,10725,2.95,BULLISH,26000,NIFTY25D2326000CE,55.25,307657.0,80.57,0.0,WAIT,None,0.0,10000.0
13:17:52,25993.0,25990.85,10800,2.97,BULLISH,26000,NIFTY25D2326000CE,54.75,307657.0,80.57,0.0,WAIT,None,0.0,10000.0
13:17:55,25993.0,25990.85,10800,2.97,BULLISH,26000,NIFTY25D2326000CE,54.5,307657.0,80.57,0.0,WAIT,None,0.0,10000.0
13:17:58,25993.0,25990.85,10800,2.97,BULLISH,26000,NIFTY25D2326000CE,54.55,307657.0,80.57,0.0,WAIT,None,0.0,10000.0
13:18:01,25993.0,25990.85,10800,2.97,BULLISH,26000,NIFTY25D2326000CE,54.6,307657.0,80.57,0.0,WAIT,None,0.0,10000.0
13:18:04,25993.1,25990.42,375,0.11,BULLISH,26000,NIFTY25D2326000CE,54.95,307657.0,80.57,0.0,WAIT,None,0.0,10000.0
13:18:06,25993.1,25990.54,7125,1.87,BULLISH,26000,NIFTY25D2326000CE,54.6,307657.0,80.57,0.0,WAIT,None,0.0,10000.0
13:18:09,25993.1,25990.54,7125,1.87,BULLISH,26000,NIFTY25D2326000CE,54.65,307657.0,80.57,0.0,WAIT,None,0.0,10000.0
13:18:12,25992.3,25990.52,7200,1.89,BULLISH,26000,NIFTY25D2326000CE,54.6,307657.0,80.57,0.0,WAIT,None,0.0,10000.0
13:18:15,25985.7,25990.25,7350,1.92,BEARISH,26000,NIFTY25D2326000PE,109.95,139133.0,240.46,0.0,WAIT,None,0.0,10000.0
13:18:18,25985.7,25990.25,7350,1.92,BEARISH,26000,NIFTY25D2326000PE,109.3,139133.0,240.46,0.0,WAIT,None,0.0,10000.0
13:18:20,25985.7,25990.25,7350,1.92,BEARISH,26000,NIFTY25D2326000PE,109.0,139133.0,240.46,0.0,WAIT,None,0.0,10000.0
13:18:23,25995.0,25990.52,7350,1.92,BULLISH,26000,NIFTY25D2326000CE,55.45,307657.0,80.57,0.0,WAIT,None,0.0,10000.0
13:18:25,25995.0,25990.6,13650,3.3,BULLISH,26000,NIFTY25D2326000CE,55.7,307657.0,80.57,0.0,WAIT,None,0.0,10000.0
13:18:28,25995.0,25990.6,13650,3.3,BULLISH,26000,NIFTY25D2326000CE,55.75,307657.0,80.57,0.0,WAIT,None,0.0,10000.0
13:18:31,25995.0,25990.6,13650,3.3,BULLISH,26000,NIFTY25D2326000CE,56.0,307657.0,80.57,0.0,WAIT,None,0.0,10000.0
13:18:34,25995.0,25990.6,13650,3.3,BULLISH,26000,NIFTY25D2326000CE,55.9,307657.0,80.57,0.0,WAIT,None,0.0,10000.0
13:18:37,25995.5,25990.64,13950,3.36,BULLISH,26000,NIFTY25D2326000CE,56.1,307657.0,80.57,0.0,WAIT,None,0.0,10000.0
13:18:39,25990.5,25990.43,14025,3.38,BULLISH,26000,NIFTY25D2326000CE,56.1,307657.0,80.57,0.0,WAIT,None,0.0,10000.0
13:18:42,25990.5,25990.43,14025,3.38,BULLISH,26000,NIFTY25D2326000CE,56.2,307657.0,80.57,0.0,WAIT,None,0.0,10000.0
13:18:45,25990.5,25990.43,14025,3.38,BULLISH,26000,NIFTY25D2326000CE,56.3,307657.0,80.57,0.0,WAIT,None,0.0,10000.0
13:18:48,25997.9,25990.86,14100,3.39,BULLISH,26000,NIFTY25D2326000CE,56.5,307657.0,80.57,0.0,WAIT,None,0.0,10000.0
13:18:51,25997.9,25990.89,15300,3.63,BULLISH,26000,NIFTY25D2326000CE,56.25,307657.0,80.57,0.0,WAIT,None,0.0,10000.0
13:18:54,25997.9,25990.89,15300,3.63,BULLISH,26000,NIFTY25D2326000CE,56.15,307657.0,80.57,0.0,WAIT,None,0.0,10000.0
13:18:57,25997.9,25990.89,15300,3.63,BULLISH,26000,NIFTY25D2326000CE,56.2,307657.0,80.57,0.0,WAIT,None,0.0,10000.0
13:18:59,25997.9,25990.89,15300,3.63,BULLISH,26000,NIFTY25D2326000CE,56.2,307657.0,80.57,0.0,WAIT,None,0.0,10000.0
13:19:02,25996.9,25990.99,1725,0.4,BULLISH,26000,NIFTY25D2326000CE,55.95,307657.0,80.57,0.0,WAIT,None,0.0,10000.0
13:19:05,25996.6,25990.93,2100,0.49,BULLISH,26000,NIFTY25D2326000CE,56.05,307657.0,80.57,0.0,WAIT,None,0.0,10000.0
13:19:08,25997.6,25990.95,3375,0.78,BULLISH,26000,NIFTY25D2326000CE,56.25,307657.0,80.57,0.0,WAIT,None,0.0,10000.0
13:19:11,25997.5,25990.95,3450,0.79,BULLISH,26000,NIFTY25D2326000CE,55.95,307657.0,80.57,0.0,WAIT,None,0.0,10000.0
13:19:14,25997.5,25990.95,3525,0.81,BULLISH,26000,NIFTY25D2326000CE,55.85,307657.0,80.57,0.0,WAIT,None,0.0,10000.0
13:19:17,25997.5,25990.95,3525,0.81,BULLISH,26000,NIFTY25D2326000CE,56.2,307657.0,80.57,0.0,WAIT,None,0.0,10000.0
13:19:20,25997.5,25990.95,3525,0.81,BULLISH,26000,NIFTY25D2326000CE,57.35,307657.0,80.57,0.0,WAIT,None,0.0,10000.0
13:19:23,25997.5,25990.95,3525,0.81,BULLISH,26000,NIFTY25D2326000CE,56.9,307657.0,80.57,0.0,WAIT,None,0.0,10000.0
13:19:26,25997.5,25990.95,3525,0.81,BULLISH,26000,NIFTY25D2326000CE,57.1,307657.0,80.57,0.0,WAIT,None,0.0,10000.0
13:19:29,25998.5,25990.98,3600,0.83,BULLISH,26000,NIFTY25D2326000CE,57.15,307657.0,80.57,0.0,WAIT,None,0.0,10000.0
13:19:32,25997.0,25991.01,5025,1.13,BULLISH,26000,NIFTY25D2326000CE,57.05,307657.0,80.57,0.0,WAIT,None,0.0,10000.0
13:19:35,25997.0,25991.01,5100,1.15,BULLISH,26000,NIFTY25D2326000CE,57.25,307657.0,80.57,0.0,WAIT,None,0.0,10000.0
13:19:38,25997.0,25991.01,5100,1.15,BULLISH,26000,NIFTY25D2326000CE,57.4,307657.0,80.57,0.0,WAIT,None,0.0,10000.0
13:19:41,25996.8,25991.01,5175,1.17,BULLISH,26000,NIFTY25D2326000CE,57.25,307657.0,80.57,0.0,WAIT,None,0.0,10000.0
13:19:43,25996.8,25991.01,5175,1.17,BULLISH,26000,NIFTY25D2326000CE,57.2,307657.0,80.57,0.0,WAIT,None,0.0,10000.0
13:19:46,25996.8,25991.01,5175,1.17,BULLISH,26000,NIFTY25D2326000CE,57.65,307657.0,80.57,0.0,WAIT,None,0.0,10000.0
13:19:50,25997.0,25991.02,5175,1.17,BULLISH,26000,NIFTY25D2326000CE,58.2,307657.0,80.57,0.0,WAIT,None,0.0,10000.0
13:19:54,25998.0,25991.04,5325,1.2,BULLISH,26000,NIFTY25D2326000CE,58.2,307657.0,80.57,0.0,WAIT,None,0.0,10000.0
13:19:57,25998.0,25991.04,5325,1.2,BULLISH,26000,NIFTY25D2326000CE,58.25,307657.0,80.57,0.0,WAIT,None,0.0,10000.0
13:20:00,25998.0,25991.04,5325,1.2,BULLISH,26000,NIFTY25D2326000CE,57.9,307657.0,80.57,0.0,WAIT,None,0.0,10000.0
13:20:03,25999.0,25990.78,525,0.12,BULLISH,26000,NIFTY25D2326000CE,58.05,307657.0,80.57,0.0,WAIT,None,0.0,10000.0
13:20:06,25996.0,25990.77,525,0.12,BULLISH,26000,NIFTY25D2326000CE,57.8,307657.0,80.57,0.0,WAIT,None,0.0,10000.0
13:20:08,25996.0,25990.78,675,0.15,BULLISH,26000,NIFTY25D2326000CE,57.8,307657.0,80.57,0.0,WAIT,None,0.0,10000.0
13:20:11,26000.0,25990.79,675,0.15,BULLISH,26000,NIFTY25D2326000CE,58.1,310520.0,82.25,0.0,WAIT,None,0.0,10000.0
13:20:15,25995.3,25990.84,1725,0.39,BULLISH,26000,NIFTY25D2326000CE,58.8,310520.0,82.25,0.0,WAIT,None,0.0,10000.0
13:20:18,25995.3,25990.84,1800,0.4,BULLISH,26000,NIFTY25D2326000CE,58.9,310520.0,82.25,0.0,WAIT,None,0.0,10000.0
13:20:21,25995.3,25990.84,1800,0.4,BULLISH,26000,NIFTY25D2326000CE,58.6,310520.0,82.25,0.0,WAIT,None,0.0,10000.0
13:20:24,25996.0,25990.84,1800,0.4,BULLISH,26000,NIFTY25D2326000CE,58.35,310520.0,82.25,0.0,WAIT,None,0.0,10000.0
13:20:27,26000.0,25990.87,1875,0.42,BULLISH,26000,NIFTY25D2326000CE,58.65,310520.0,82.25,0.0,WAIT,None,0.0,10000.0
13:20:30,25996.0,25990.92,3000,0.67,BULLISH,26000,NIFTY25D2326000CE,58.6,310520.0,82.25,0.0,WAIT,None,0.0,10000.0
13:20:33,25996.0,25990.92,3000,0.67,BULLISH,26000,NIFTY25D2326000CE,58.6,310520.0,82.25,0.0,WAIT,None,0.0,10000.0
13:20:35,26002.8,25991.09,4200,0.92,BULLISH,26000,NIFTY25D2326000CE,58.35,310520.0,82.25,0.0,WAIT,None,0.0,10000.0
13:20:37,26002.8,25991.09,4200,0.92,BULLISH,26000,NIFTY25D2326000CE,58.65,310520.0,82.25,0.0,WAIT,None,0.0,10000.0
13:20:40,26002.8,25991.09,4200,0.92,BULLISH,26000,NIFTY25D2326000CE,58.8,310520.0,82.25,0.0,WAIT,None,0.0,10000.0
13:20:42,26002.8,25991.09,4200,0.92,BULLISH,26000,NIFTY25D2326000CE,58.5,310520.0,82.25,0.0,WAIT,None,0.0,10000.0
13:20:44,26002.8,25991.09,4200,0.92,BULLISH,26000,NIFTY25D2326000CE,58.35,310520.0,82.25,0.0,WAIT,None,0.0,10000.0
13:20:47,26002.8,25991.09,4200,0.92,BULLISH,26000,NIFTY25D2326000CE,58.55,310520.0,82.25,0.0,WAIT,None,0.0,10000.0
13:20:49,25995.9,25991.01,4275,0.93,BULLISH,26000,NIFTY25D2326000CE,59.15,310520.0,82.25,0.0,WAIT,None,0.0,10000.0
13:20:52,25996.7,25991.03,4350,0.95,BULLISH,26000,NIFTY25D2326000CE,58.95,310520.0,82.25,0.0,WAIT,None,0.0,10000.0
13:20:54,25996.7,25991.03,4350,0.95,BULLISH,26000,NIFTY25D2326000CE,59.1,310520.0,82.25,0.0,WAIT,None,0.0,10000.0
13:20:56,25996.7,25991.03,4350,0.95,BULLISH,26000,NIFTY25D2326000CE,59.2,310520.0,82.25,0.0,WAIT,None,0.0,10000.0
13:20:59,25996.7,25991.03,4350,0.95,BULLISH,26000,NIFTY25D2326000CE,59.4,310520.0,82.25,0.0,WAIT,None,0.0,10000.0
13:21:01,26005.0,25991.13,1050,0.23,BULLISH,26000,NIFTY25D2326000CE,59.3,310520.0,82.25,0.0,WAIT,None,0.0,10000.0
13:21:04,25999.3,25991.04,1650,0.36,BULLISH,26000,NIFTY25D2326000CE,59.25,310520.0,82.25,0.0,WAIT,None,0.0,10000.0
13:21:07,25999.3,25991.04,1650,0.36,BULLISH,26000,NIFTY25D2326000CE,58.95,310520.0,82.25,0.0,WAIT,None,0.0,10000.0
13:21:09,25998.0,25991.04,1725,0.37,BULLISH,26000,NIFTY25D2326000CE,59.0,310520.0,82.25,0.0,WAIT,None,0.0,10000.0
13:21:12,26005.0,25991.18,2700,0.58,BULLISH,26000,NIFTY25D2326000CE,58.9,310520.0,82.25,0.0,WAIT,None,0.0,10000.0
13:21:16,26005.0,25991.18,2700,0.58,BULLISH,26000,NIFTY25D2326000CE,59.0,310520.0,82.25,0.0,WAIT,None,0.0,10000.0
13:21:18,26004.4,25991.24,3450,0.73,BULLISH,26000,NIFTY25D2326000CE,58.25,310520.0,82.25,0.0,WAIT,None,0.0,10000.0
13:21:21,25998.0,25991.28,4725,0.99,BULLISH,26000,NIFTY25D2326000CE,58.4,310520.0,82.25,0.0,WAIT,None,0.0,10000.0
13:21:24,25996.7,25991.29,5325,1.11,BULLISH,26000,NIFTY25D2326000CE,58.3,310520.0,82.25,0.0,WAIT,None,0.0,10000.0
13:21:28,25996.7,25991.29,5400,1.12,BULLISH,26000,NIFTY25D2326000CE,58.45,310520.0,82.25,0.0,WAIT,None,0.0,10000.0
13:21:30,25996.1,25991.28,5475,1.14,BULLISH,26000,NIFTY25D2326000CE,58.8,310520.0,82.25,0.0,WAIT,None,0.0,10000.0
13:21:32,25996.1,25991.28,5475,1.14,BULLISH,26000,NIFTY25D2326000CE,58.85,310520.0,82.25,0.0,WAIT,None,0.0,10000.0
13:21:35,25996.1,25991.28,5475,1.14,BULLISH,26000,NIFTY25D2326000CE,59.1,310520.0,82.25,0.0,WAIT,None,0.0,10000.0
13:21:37,25998.2,25991.36,6225,1.28,BULLISH,26000,NIFTY25D2326000CE,59.05,310520.0,82.25,0.0,WAIT,None,0.0,10000.0
13:21:40,25998.3,25991.38,6375,1.31,BULLISH,26000,NIFTY25D2326000CE,58.9,310520.0,82.25,0.0,WAIT,None,0.0,10000.0
13:21:42,25998.3,25991.38,6375,1.31,BULLISH,26000,NIFTY25D2326000CE,59.0,310520.0,82.25,0.0,WAIT,None,0.0,10000.0
13:21:45,25998.3,25991.38,6375,1.31,BULLISH,26000,NIFTY25D2326000CE,59.1,310520.0,82.25,0.0,WAIT,None,0.0,10000.0
13:21:47,26004.0,25991.48,6450,1.33,BULLISH,26000,NIFTY25D2326000CE,59.25,310520.0,82.25,0.0,WAIT,None,0.0,10000.0
13:21:50,26004.0,25991.48,6450,1.33,BULLISH,26000,NIFTY25D2326000CE,59.15,310520.0,82.25,0.0,WAIT,None,0.0,10000.0
13:21:53,26004.0,25991.48,6450,1.33,BULLISH,26000,NIFTY25D2326000CE,59.35,310520.0,82.25,0.0,WAIT,None,0.0,10000.0
13:21:56,26004.0,25991.48,6450,1.33,BULLISH,26000,NIFTY25D2326000CE,59.35,310520.0,82.25,0.0,WAIT,None,0.0,10000.0
13:21:58,26004.0,25991.48,6450,1.33,BULLISH,26000,NIFTY25D2326000CE,59.4,310520.0,82.25,0.0,WAIT,None,0.0,10000.0
13:22:00,26004.0,25991.48,6450,1.33,BULLISH,26000,NIFTY25D2326000CE,59.3,310520.0,82.25,0.0,WAIT,None,0.0,10000.0
13:22:03,26005.0,25991.49,1200,0.25,BULLISH,26000,NIFTY25D2326000CE,59.3,310520.0,82.25,0.0,WAIT,None,0.0,10000.0
13:22:05,26005.0,25991.49,1200,0.25,BULLISH,26000,NIFTY25D2326000CE,59.25,310520.0,82.25,0.0,WAIT,None,0.0,10000.0
13:22:07,26005.3,25991.5,1275,0.26,BULLISH,26000,NIFTY25D2326000CE,58.95,310520.0,82.25,0.0,WAIT,None,0.0,10000.0
13:22:09,25999.1,25991.5,1575,0.33,BULLISH,26000,NIFTY25D2326000CE,59.15,310520.0,82.25,0.0,WAIT,None,0.0,10000.0
13:22:12,25999.1,25991.5,1575,0.33,BULLISH,26000,NIFTY25D2326000CE,59.7,310520.0,82.25,0.0,WAIT,None,0.0,10000.0
13:22:14,25999.7,25991.52,1725,0.36,BULLISH,26000,NIFTY25D2326000CE,59.9,310520.0,82.25,0.0,WAIT,None,0.0,10000.0
13:22:17,26000.2,25991.53,1800,0.37,BULLISH,26000,NIFTY25D2326000CE,60.45,310520.0,82.25,0.0,WAIT,None,0.0,10000.0
13:22:20,26000.2,25991.53,1875,0.39,BULLISH,26000,NIFTY25D2326000CE,60.25,310520.0,82.25,0.0,WAIT,None,0.0,10000.0
13:22:22,26006.9,25991.57,1875,0.39,BULLISH,26000,NIFTY25D2326000CE,59.95,310520.0,82.25,0.0,WAIT,None,0.0,10000.0
13:22:25,25999.7,25991.64,3150,0.64,BULLISH,26000,NIFTY25D2326000CE,59.8,310520.0,82.25,0.0,WAIT,None,0.0,10000.0
13:22:27,26006.1,25991.7,3225,0.65,BULLISH,26000,NIFTY25D2326000CE,59.8,310520.0,82.25,0.0,WAIT,None,0.0,10000.0
13:22:30,25999.1,25991.65,3300,0.67,BULLISH,26000,NIFTY25D2326000CE,59.55,310520.0,82.25,0.0,WAIT,None,0.0,10000.0
13:22:32,25999.1,25991.65,3375,0.68,BULLISH,26000,NIFTY25D2326000CE,59.2,310520.0,82.25,0.0,WAIT,None,0.0,10000.0
13:22:34,25999.1,25991.65,3375,0.68,BULLISH,26000,NIFTY25D2326000CE,59.2,310520.0,82.25,0.0,WAIT,None,0.0,10000.0
13:22:37,25999.1,25991.65,3375,0.68,BULLISH,26000,NIFTY25D2326000CE,59.5,310520.0,82.25,0.0,WAIT,None,0.0,10000.0
13:22:39,25999.1,25991.65,3375,0.68,BULLISH,26000,NIFTY25D2326000CE,59.1,310520.0,82.25,0.0,WAIT,None,0.0,10000.0
13:22:42,25999.1,25991.65,3375,0.68,BULLISH,26000,NIFTY25D2326000CE,59.0,310520.0,82.25,0.0,WAIT,None,0.0,10000.0
13:22:44,26004.6,25991.9,5475,1.09,BULLISH,26000,NIFTY25D2326000CE,59.1,310520.0,82.25,0.0,WAIT,None,0.0,10000.0
13:22:46,25997.8,25991.79,5775,1.14,BULLISH,26000,NIFTY25D2326000CE,59.4,310520.0,82.25,0.0,WAIT,None,0.0,10000.0
13:22:49,25999.0,25991.95,7650,1.49,BULLISH,26000,NIFTY25D2326000CE,59.35,310520.0,82.25,0.0,WAIT,None,0.0,10000.0
13:22:51,25999.0,25991.97,8025,1.55,BULLISH,26000,NIFTY25D2326000CE,59.6,310520.0,82.25,0.0,WAIT,None,0.0,10000.0
13:22:54,25999.0,25991.97,8025,1.55,BULLISH,26000,NIFTY25D2326000CE,59.4,310520.0,82.25,0.0,WAIT,None,0.0,10000.0
13:22:56,25999.0,25991.97,8025,1.55,BULLISH,26000,NIFTY25D2326000CE,59.45,310520.0,82.25,0.0,WAIT,None,0.0,10000.0
13:22:58,25999.0,25991.97,8025,1.55,BULLISH,26000,NIFTY25D2326000CE,59.3,310520.0,82.25,0.0,WAIT,None,0.0,10000.0
