commission_profile,target_min,threshold,sl_frac,tp_frac,trades,wins,precision,trades_per_day,avg_pnl,total_pnl
current_broker,1,0.5,,,218641,9119,0.04170763946377852,100.98891454965359,-80697.33489635527,-2222888787.055002
current_broker,1,0.5,,0.0006,218641,9119,0.04170763946377852,100.98891454965359,-92317.53697360793,-2542978873.475004
current_broker,1,0.5,,0.001,218641,9119,0.04170763946377852,100.98891454965359,-84494.78563330437,-2327493365.055002
current_broker,1,0.5,0.0003,,218641,9119,0.04170763946377852,100.98891454965359,-47800.15433837948,-1316703051.4050012
current_broker,1,0.5,0.0003,0.0006,218641,9119,0.04170763946377852,100.98891454965359,-59420.356415632144,-1636793137.8250031
current_broker,1,0.5,0.0003,0.001,218641,9119,0.04170763946377852,100.98891454965359,-51597.60507532858,-1421307629.4050012
current_broker,1,0.5,0.0005,,218641,9119,0.04170763946377852,100.98891454965359,-63458.1666849998,-1748018659.5050044
current_broker,1,0.5,0.0005,0.0006,218641,9119,0.04170763946377852,100.98891454965359,-75078.36876225246,-2068108745.9250064
current_broker,1,0.5,0.0005,0.001,218641,9119,0.04170763946377852,100.98891454965359,-67255.6174219489,-1852623237.5050046
current_broker,1,0.52,,,118927,5254,0.044178361515887894,54.93163972286374,-80065.17197353784,-1294974091.500001
current_broker,1,0.52,,0.0006,118927,5254,0.044178361515887894,54.93163972286374,-90747.91668480283,-1467756804.460001
current_broker,1,0.52,,0.001,118927,5254,0.044178361515887894,54.93163972286374,-83655.6251267467,-1353046080.8000011
current_broker,1,0.52,0.0003,,118927,5254,0.044178361515887894,54.93163972286374,-50127.628200198,-810764258.5100025
current_broker,1,0.52,0.0003,0.0006,118927,5254,0.044178361515887894,54.93163972286374,-60810.37291146299,-983546971.4700024
current_broker,1,0.52,0.0003,0.001,118927,5254,0.044178361515887894,54.93163972286374,-53718.08135340687,-868836247.8100028
current_broker,1,0.52,0.0005,,118927,5254,0.044178361515887894,54.93163972286374,-65112.36524669239,-1053127395.5000027
current_broker,1,0.52,0.0005,0.0006,118927,5254,0.044178361515887894,54.93163972286374,-75795.1099579574,-1225910108.460003
current_broker,1,0.52,0.0005,0.001,118927,5254,0.044178361515887894,54.93163972286374,-68702.81839990127,-1111199384.800003
current_broker,1,0.54,,,57818,2939,0.05083192085509703,26.70577367205543,-78638.4173420094,-713014530.0399992
current_broker,1,0.54,,0.0006,57818,2939,0.05083192085509703,26.70577367205543,-88387.26418881657,-801407324.3999999
current_broker,1,0.54,,0.001,57818,2939,0.05083192085509703,26.70577367205543,-81761.66196536888,-741332989.0399996
current_broker,1,0.54,0.0003,,57818,2939,0.05083192085509703,26.70577367205543,-50418.32375317094,-457142941.4700009
current_broker,1,0.54,0.0003,0.0006,57818,2939,0.05083192085509703,26.70577367205543,-60167.170599978104,-545535735.8300015
current_broker,1,0.54,0.0003,0.001,57818,2939,0.05083192085509703,26.70577367205543,-53541.568376530406,-485461400.47000116
current_broker,1,0.54,0.0005,,57818,2939,0.05083192085509703,26.70577367205543,-64587.29773243633,-585613028.5400002
current_broker,1,0.54,0.0005,0.0006,57818,2939,0.05083192085509703,26.70577367205543,-74336.1445792435,-674005822.9000008
current_broker,1,0.54,0.0005,0.001,57818,2939,0.05083192085509703,26.70577367205543,-67710.5423557958,-613931487.5400004
current_broker,1,0.56,,,24095,1616,0.0670678564017431,11.129330254041571,-75063.35419491479,-372013983.3899977
current_broker,1,0.56,,0.0006,24095,1616,0.0670678564017431,11.129330254041571,-83370.7750948342,-413185561.3699983
current_broker,1,0.56,,0.001,24095,1616,0.0670678564017431,11.129330254041571,-77250.30149112146,-382852494.189998
current_broker,1,0.56,0.0003,,24095,1616,0.0670678564017431,11.129330254041571,-49947.727039951315,-247540935.20999873
current_broker,1,0.56,0.0003,0.0006,24095,1616,0.0670678564017431,11.129330254041571,-58255.147939870716,-288712513.1899993
current_broker,1,0.56,0.0003,0.001,24095,1616,0.0670678564017431,11.129330254041571,-52134.67433615798,-258379446.00999895
current_broker,1,0.56,0.0005,,24095,1616,0.0670678564017431,11.129330254041571,-62863.23257465652,-311550180.6399977
current_broker,1,0.56,0.0005,0.0006,24095,1616,0.0670678564017431,11.129330254041571,-71170.65347457593,-352721758.6199983
current_broker,1,0.56,0.0005,0.001,24095,1616,0.0670678564017431,11.129330254041571,-65050.179870863176,-322388691.4399979
current_broker,1,0.58,,,8843,882,0.09973990727128802,4.084526558891455,-73633.95189903847,-199106205.935
current_broker,1,0.58,,0.0006,8843,882,0.09973990727128802,4.084526558891455,-80441.57997596145,-217514032.25499976
current_broker,1,0.58,,0.001,8843,882,0.09973990727128802,4.084526558891455,-75037.21007211537,-202900616.03499997
current_broker,1,0.58,0.0003,,8843,882,0.09973990727128802,4.084526558891455,-49303.195312500065,-133315840.12500018
current_broker,1,0.58,0.0003,0.0006,8843,882,0.09973990727128802,4.084526558891455,-56110.82338942305,-151723666.44499993
current_broker,1,0.58,0.0003,0.001,8843,882,0.09973990727128802,4.084526558891455,-50706.453485576974,-137110250.22500014
current_broker,1,0.58,0.0005,,8843,882,0.09973990727128802,4.084526558891455,-61515.70286057688,-166338460.53499988
current_broker,1,0.58,0.0005,0.0006,8843,882,0.09973990727128802,4.084526558891455,-68323.33093749986,-184746286.85499963
current_broker,1,0.58,0.0005,0.001,8843,882,0.09973990727128802,4.084526558891455,-62918.96103365377,-170132870.6349998
current_broker,1,0.6,,,3311,528,0.15946843853820597,1.5293302540415705,-72729.01507807606,-116439153.13999976
current_broker,1,0.6,,0.0006,3311,528,0.15946843853820597,1.5293302540415705,-79718.86888194876,-127629909.07999997
current_broker,1,0.6,,0.001,3311,528,0.15946843853820597,1.5293302540415705,-74064.96036227344,-118578001.53999978
current_broker,1,0.6,0.0003,,3311,528,0.15946843853820597,1.5293302540415705,-47853.44264834468,-76613361.67999983
current_broker,1,0.6,0.0003,0.0006,3311,528,0.15946843853820597,1.5293302540415705,-54843.296452217386,-87804117.62000003
current_broker,1,0.6,0.0003,0.001,3311,528,0.15946843853820597,1.5293302540415705,-49189.387932542064,-78752210.07999985
current_broker,1,0.6,0.0005,,3311,528,0.15946843853820597,1.5293302540415705,-60134.024353528854,-96274572.9899997
current_broker,1,0.6,0.0005,0.0006,3311,528,0.15946843853820597,1.5293302540415705,-67123.87815740156,-107465328.92999989
current_broker,1,0.6,0.0005,0.001,3311,528,0.15946843853820597,1.5293302540415705,-61469.969637726244,-98413421.38999972
current_broker,1,0.62,,,1373,316,0.23015294974508377,0.6341801385681294,-72338.96488210048,-67492254.23499975
current_broker,1,0.62,,0.0006,1373,316,0.23015294974508377,0.6341801385681294,-77671.56321007483,-72467568.47499982
current_broker,1,0.62,,0.001,1373,316,0.23015294974508377,0.6341801385681294,-72750.74441050342,-67876444.5349997
current_broker,1,0.62,0.0003,,1373,316,0.23015294974508377,0.6341801385681294,-46581.91913719161,-43460930.55499977
current_broker,1,0.62,0.0003,0.0006,1373,316,0.23015294974508377,0.6341801385681294,-51914.517465165976,-48436244.79499985
current_broker,1,0.62,0.0003,0.001,1373,316,0.23015294974508377,0.6341801385681294,-46993.698665594566,-43845120.85499973
current_broker,1,0.62,0.0005,,1373,316,0.23015294974508377,0.6341801385681294,-58774.89098070716,-54836973.28499978
current_broker,1,0.62,0.0005,0.0006,1373,316,0.23015294974508377,0.6341801385681294,-64107.48930868153,-59812287.524999864
current_broker,1,0.62,0.0005,0.001,1373,316,0.23015294974508377,0.6341801385681294,-59186.67050911012,-55221163.58499974
current_broker,1,0.64,,,664,185,0.2786144578313253,0.3066974595842956,-74059.43331541073,-41325163.78999919
current_broker,1,0.64,,0.0006,664,185,0.2786144578313253,0.3066974595842956,-78632.51786738214,-43876944.96999923
current_broker,1,0.64,,0.001,664,185,0.2786144578313253,0.3066974595842956,-74178.52310035683,-41391615.889999114
current_broker,1,0.64,0.0003,,664,185,0.2786144578313253,0.3066974595842956,-48255.05489247144,-26926320.629999064
current_broker,1,0.64,0.0003,0.0006,664,185,0.2786144578313253,0.3066974595842956,-52828.13944444283,-29478101.8099991
current_broker,1,0.64,0.0003,0.001,664,185,0.2786144578313253,0.3066974595842956,-48374.14467741754,-26992772.729998987
current_broker,1,0.64,0.0005,,664,185,0.2786144578313253,0.3066974595842956,-60547.67829748959,-33785604.48999919
current_broker,1,0.64,0.0005,0.0006,664,185,0.2786144578313253,0.3066974595842956,-65120.76284946098,-36337385.66999923
current_broker,1,0.64,0.0005,0.001,664,185,0.2786144578313253,0.3066974595842956,-60666.76808243568,-33852056.58999911
current_broker,1,0.66,,,346,99,0.2861271676300578,0.15981524249422632,-79049.10383720865,-23793780.2549998
current_broker,1,0.66,,0.0006,346,99,0.2861271676300578,0.15981524249422632,-82352.28377076393,-24788037.414999943
current_broker,1,0.66,,0.001,346,99,0.2861271676300578,0.15981524249422632,-79088.35865448439,-23805595.9549998
current_broker,1,0.66,0.0003,,346,99,0.2861271676300578,0.15981524249422632,-49199.31795680993,-14808994.70499979
current_broker,1,0.66,0.0003,0.0006,346,99,0.2861271676300578,0.15981524249422632,-52502.49789036523,-15803251.864999933
current_broker,1,0.66,0.0003,0.001,346,99,0.2861271676300578,0.15981524249422632,-49238.572774085675,-14820810.404999789
current_broker,1,0.66,0.0005,,346,99,0.2861271676300578,0.15981524249422632,-62047.16612956694,-18676197.00499965
current_broker,1,0.66,0.0005,0.0006,346,99,0.2861271676300578,0.15981524249422632,-65350.346063122226,-19670454.16499979
current_broker,1,0.66,0.0005,0.001,346,99,0.2861271676300578,0.15981524249422632,-62086.420946842685,-18688012.704999648
current_broker,1,0.68,,,184,51,0.27717391304347827,0.08498845265588914,-76317.24657738055,-12821297.424999932
current_broker,1,0.68,,0.0006,184,51,0.27717391304347827,0.08498845265588914,-80431.22348214278,-13512445.544999989
current_broker,1,0.68,,0.001,184,51,0.27717391304347827,0.08498845265588914,-76387.5781249996,-12833113.124999933
current_broker,1,0.68,0.0003,,184,51,0.27717391304347827,0.08498845265588914,-51571.310922617915,-8663980.23499981
current_broker,1,0.68,0.0003,0.0006,184,51,0.27717391304347827,0.08498845265588914,-55685.287827380154,-9355128.354999866
current_broker,1,0.68,0.0003,0.001,184,51,0.27717391304347827,0.08498845265588914,-51641.642470236955,-8675795.934999809
current_broker,1,0.68,0.0005,,184,51,0.27717391304347827,0.08498845265588914,-63608.651636903625,-10686253.47499981
current_broker,1,0.68,0.0005,0.0006,184,51,0.27717391304347827,0.08498845265588914,-67722.62854166588,-11377401.594999867
current_broker,1,0.68,0.0005,0.001,184,51,0.27717391304347827,0.08498845265588914,-63678.98318452268,-10698069.17499981
current_broker,1,0.7,,,88,22,0.25,0.040646651270207855,-95950.47890244052,-7867939.2700001225
current_broker,1,0.7,,0.0006,88,22,0.25,0.040646651270207855,-97457.43256097734,-7991509.470000141
current_broker,1,0.7,,0.001,88,22,0.25,0.040646651270207855,-95950.47890244052,-7867939.2700001225
current_broker,1,0.7,0.0003,,88,22,0.25,0.040646651270207855,-67099.42987804876,-5502153.249999998
current_broker,1,0.7,0.0003,0.0006,88,22,0.25,0.040646651270207855,-68606.38353658558,-5625723.450000018
current_broker,1,0.7,0.0003,0.001,88,22,0.25,0.040646651270207855,-67099.42987804876,-5502153.249999998
current_broker,1,0.7,0.0005,,88,22,0.25,0.040646651270207855,-82291.99719512207,-6747943.770000009
current_broker,1,0.7,0.0005,0.0006,88,22,0.25,0.040646651270207855,-83798.95085365888,-6871513.970000029
current_broker,1,0.7,0.0005,0.001,88,22,0.25,0.040646651270207855,-82291.99719512207,-6747943.770000009
current_broker,1,0.72,,,32,9,0.28125,0.014780600461893764,-90115.30775861547,-2613343.9249998485
current_broker,1,0.72,,0.0006,32,9,0.28125,0.014780600461893764,-94376.34913792647,-2736914.1249998678
current_broker,1,0.72,,0.001,32,9,0.28125,0.014780600461893764,-90115.30775861547,-2613343.9249998485
current_broker,1,0.72,0.0003,,32,9,0.28125,0.014780600461893764,-54466.349137925805,-1579524.1249998484
current_broker,1,0.72,0.0003,0.0006,32,9,0.28125,0.014780600461893764,-58727.39051723681,-1703094.3249998675
current_broker,1,0.72,0.0003,0.001,32,9,0.28125,0.014780600461893764,-54466.349137925805,-1579524.1249998484
current_broker,1,0.72,0.0005,,32,9,0.28125,0.014780600461893764,-72689.00948275275,-2107981.27499983
current_broker,1,0.72,0.0005,0.0006,32,9,0.28125,0.014780600461893764,-76950.05086206376,-2231551.4749998488
current_broker,1,0.72,0.0005,0.001,32,9,0.28125,0.014780600461893764,-72689.00948275275,-2107981.27499983
current_broker,1,0.74,,,11,3,0.2727272727272727,0.005080831408775982,-86923.60777776518,-782312.4699998866
current_broker,1,0.74,,0.0006,11,3,0.2727272727272727,0.005080831408775982,-86923.60777776518,-782312.4699998866
current_broker,1,0.74,,0.001,11,3,0.2727272727272727,0.005080831408775982,-86923.60777776518,-782312.4699998866
current_broker,1,0.74,0.0003,,11,3,0.2727272727272727,0.005080831408775982,-65303.27888887943,-587729.5099999149
current_broker,1,0.74,0.0003,0.0006,11,3,0.2727272727272727,0.005080831408775982,-65303.27888887943,-587729.5099999149
current_broker,1,0.74,0.0003,0.001,11,3,0.2727272727272727,0.005080831408775982,-65303.27888887943,-587729.5099999149
current_broker,1,0.74,0.0005,,11,3,0.2727272727272727,0.005080831408775982,-77616.69111109851,-698550.2199998866
current_broker,1,0.74,0.0005,0.0006,11,3,0.2727272727272727,0.005080831408775982,-77616.69111109851,-698550.2199998866
current_broker,1,0.74,0.0005,0.001,11,3,0.2727272727272727,0.005080831408775982,-77616.69111109851,-698550.2199998866
current_broker,1,0.76,,,3,1,0.3333333333333333,0.0013856812933025404,-92930.43833331756,-278791.3149999527
current_broker,1,0.76,,0.0006,3,1,0.3333333333333333,0.0013856812933025404,-92930.43833331756,-278791.3149999527
current_broker,1,0.76,,0.001,3,1,0.3333333333333333,0.0013856812933025404,-92930.43833331756,-278791.3149999527
current_broker,1,0.76,0.0003,,3,1,0.3333333333333333,0.0013856812933025404,-83821.90166666034,-251465.704999981
current_broker,1,0.76,0.0003,0.0006,3,1,0.3333333333333333,0.0013856812933025404,-83821.90166666034,-251465.704999981
current_broker,1,0.76,0.0003,0.001,3,1,0.3333333333333333,0.0013856812933025404,-83821.90166666034,-251465.704999981
current_broker,1,0.76,0.0005,,3,1,0.3333333333333333,0.0013856812933025404,-92930.43833331756,-278791.3149999527
current_broker,1,0.76,0.0005,0.0006,3,1,0.3333333333333333,0.0013856812933025404,-92930.43833331756,-278791.3149999527
current_broker,1,0.76,0.0005,0.001,3,1,0.3333333333333333,0.0013856812933025404,-92930.43833331756,-278791.3149999527
current_broker,1,0.78,,,0,0,0.0,0.0,0.0,0.0
current_broker,1,0.8,,,0,0,0.0,0.0,0.0,0.0
current_broker,1,0.82,,,0,0,0.0,0.0,0.0,0.0
current_broker,1,0.84,,,0,0,0.0,0.0,0.0,0.0
current_broker,1,0.86,,,0,0,0.0,0.0,0.0,0.0
current_broker,1,0.88,,,0,0,0.0,0.0,0.0,0.0
current_broker,1,0.9,,,0,0,0.0,0.0,0.0,0.0
current_broker,3,0.5,,,218641,11125,0.05088249687844457,100.98891454965359,-82153.35754937226,-2262996387.0550084
current_broker,3,0.5,,0.0006,218641,11125,0.05088249687844457,100.98891454965359,-128148.65499146907,-3529982850.395007
current_broker,3,0.5,,0.001,218641,11125,0.05088249687844457,100.98891454965359,-103874.5724444568,-2861328972.555007
current_broker,3,0.5,0.0003,,218641,11125,0.05088249687844457,100.98891454965359,5553.534410985116,152977658.884996
current_broker,3,0.5,0.0003,0.0006,218641,11125,0.05088249687844457,100.98891454965359,-40441.763031111695,-1114008804.4550028
current_broker,3,0.5,0.0003,0.001,218641,11125,0.05088249687844457,100.98891454965359,-16167.68048409941,-445354926.61500233
current_broker,3,0.5,0.0005,,218641,11125,0.05088249687844457,100.98891454965359,-21543.739390655774,-593443845.2550039
current_broker,3,0.5,0.0005,0.0006,218641,11125,0.05088249687844457,100.98891454965359,-67539.03683275258,-1860430308.5950027
current_broker,3,0.5,0.0005,0.001,218641,11125,0.05088249687844457,100.98891454965359,-43264.95428574031,-1191776430.7550025
current_broker,3,0.52,,,118927,6476,0.05445357235951466,54.93163972286374,-79014.49805242999,-1277980491.5000026
current_broker,3,0.52,,0.0006,118927,6476,0.05445357235951466,54.93163972286374,-123173.77447137397,-1992212628.3000026
current_broker,3,0.52,,0.001,118927,6476,0.05445357235951466,54.93163972286374,-99838.7258439472,-1614791551.800002
current_broker,3,0.52,0.0003,,118927,6476,0.05445357235951466,54.93163972286374,2808.880619512618,45430835.13999709
current_broker,3,0.52,0.0003,0.0006,118927,6476,0.05445357235951466,54.93163972286374,-41350.39579943136,-668801301.6600028
current_broker,3,0.52,0.0003,0.001,118927,6476,0.05445357235951466,54.93163972286374,-18015.347172004604,-291380225.16000247
current_broker,3,0.52,0.0005,,118927,6476,0.05445357235951466,54.93163972286374,-23567.762776678752,-381184995.1500021
current_broker,3,0.52,0.0005,0.0006,118927,6476,0.05445357235951466,54.93163972286374,-67727.03919562272,-1095417131.950002
current_broker,3,0.52,0.0005,0.001,118927,6476,0.05445357235951466,54.93163972286374,-44391.99056819598,-717996055.4500017
current_broker,3,0.54,,,57818,3658,0.06326749455186965,26.70577367205543,-73157.97177015521,-663323330.0399973
current_broker,3,0.54,,0.0006,57818,3658,0.06326749455186965,26.70577367205543,-114619.89338921335,-1039258573.3599974
current_broker,3,0.54,,0.001,57818,3658,0.06326749455186965,26.70577367205543,-92613.46594683993,-839726295.7399976
current_broker,3,0.54,0.0003,,57818,3658,0.06326749455186965,26.70577367205543,1475.5273398037823,13378606.390000895
current_broker,3,0.54,0.0003,0.0006,57818,3658,0.06326749455186965,26.70577367205543,-39986.394279254346,-362556636.9299992
current_broker,3,0.54,0.0003,0.001,57818,3658,0.06326749455186965,26.70577367205543,-17979.966836880943,-163024359.30999953
current_broker,3,0.54,0.0005,,57818,3658,0.06326749455186965,26.70577367205543,-23555.702265357635,-213579552.43999767
current_broker,3,0.54,0.0005,0.0006,57818,3658,0.06326749455186965,26.70577367205543,-65017.62388441578,-589514795.7599978
current_broker,3,0.54,0.0005,0.001,57818,3658,0.06326749455186965,26.70577367205543,-43011.19644204236,-389982518.1399981
current_broker,3,0.56,,,24095,1988,0.08250674413778793,11.129330254041571,-72010.87235472123,-356885883.38999844
current_broker,3,0.56,,0.0006,24095,1988,0.08250674413778793,11.129330254041571,-109304.8558615817,-541714865.6499989
current_broker,3,0.56,,0.001,24095,1988,0.08250674413778793,11.129330254041571,-88898.38831517319,-440580412.48999834
current_broker,3,0.56,0.0003,,24095,1988,0.08250674413778793,11.129330254041571,-2970.6641545603766,-14722611.550001226
current_broker,3,0.56,0.0003,0.0006,24095,1988,0.08250674413778793,11.129330254041571,-40264.64766142083,-199551593.81000164
current_broker,3,0.56,0.0003,0.001,24095,1988,0.08250674413778793,11.129330254041571,-19858.180115012343,-98417140.65000117
current_broker,3,0.56,0.0005,,24095,1988,0.08250674413778793,11.129330254041571,-26524.457039951325,-131455209.08999877
current_broker,3,0.56,0.0005,0.0006,24095,1988,0.08250674413778793,11.129330254041571,-63818.440546811784,-316284191.3499992
current_broker,3,0.56,0.0005,0.001,24095,1988,0.08250674413778793,11.129330254041571,-43411.97300040329,-215149738.18999872
current_broker,3,0.58,,,8843,1141,0.12902861020015832,4.084526558891455,-59178.6634375001,-160019105.93500027
current_broker,3,0.58,,0.0006,8843,1141,0.12902861020015832,4.084526558891455,-95227.1907451925,-257494323.77500054
current_broker,3,0.58,,0.001,8843,1141,0.12902861020015832,4.084526558891455,-74487.73411057705,-201414833.03500032
current_broker,3,0.58,0.0003,,8843,1141,0.12902861020015832,4.084526558891455,4261.632524037838,11523454.344998315
current_broker,3,0.58,0.0003,0.0006,8843,1141,0.12902861020015832,4.084526558891455,-31786.89478365457,-85951763.49500196
current_broker,3,0.58,0.0003,0.001,8843,1141,0.12902861020015832,4.084526558891455,-11047.438149039097,-29872272.755001716
current_broker,3,0.58,0.0005,,8843,1141,0.12902861020015832,4.084526558891455,-17303.917524038574,-46789792.985000305
current_broker,3,0.58,0.0005,0.0006,8843,1141,0.12902861020015832,4.084526558891455,-53352.44483173099,-144265010.82500058
current_broker,3,0.58,0.0005,0.001,8843,1141,0.12902861020015832,4.084526558891455,-32612.988197115516,-88185520.08500035
current_broker,3,0.6,,,3311,681,0.2056780428873452,1.5293302540415705,-57780.23306683296,-92506153.13999957
current_broker,3,0.6,,0.0006,3311,681,0.2056780428873452,1.5293302540415705,-93522.59497813848,-149729674.5599997
current_broker,3,0.6,,0.001,3311,681,0.2056780428873452,1.5293302540415705,-72410.82363522779,-115929728.63999969
current_broker,3,0.6,0.0003,,3311,681,0.2056780428873452,1.5293302540415705,6158.53698313535,9859817.709999695
current_broker,3,0.6,0.0003,0.0006,3311,681,0.2056780428873452,1.5293302540415705,-29583.82492817016,-47363703.710000426
current_broker,3,0.6,0.0003,0.001,3311,681,0.2056780428873452,1.5293302540415705,-8472.053585259486,-13563757.790000437
current_broker,3,0.6,0.0005,,3311,681,0.2056780428873452,1.5293302540415705,-15366.265796376914,-24601391.53999944
current_broker,3,0.6,0.0005,0.0006,3311,681,0.2056780428873452,1.5293302540415705,-51108.627707682426,-81824912.95999956
current_broker,3,0.6,0.0005,0.001,3311,681,0.2056780428873452,1.5293302540415705,-29996.856364771753,-48024967.039999574
current_broker,3,0.62,,,1373,396,0.2884195193008012,0.6341801385681294,-64768.86841907746,-60429354.23499927
current_broker,3,0.62,,0.0006,1373,396,0.2884195193008012,0.6341801385681294,-96285.90456055681,-89834748.9549995
current_broker,3,0.62,,0.001,1373,396,0.2884195193008012,0.6341801385681294,-76513.51568595837,-71387110.13499916
current_broker,3,0.62,0.0003,,1373,396,0.2884195193008012,0.6341801385681294,1258.5008199360427,1174181.265000328
current_broker,3,0.62,0.0003,0.0006,1373,396,0.2884195193008012,0.6341801385681294,-30258.535321543328,-28231213.454999924
current_broker,3,0.62,0.0003,0.001,1373,396,0.2884195193008012,0.6341801385681294,-10486.146446944875,-9783574.634999568
current_broker,3,0.62,0.0005,,1373,396,0.2884195193008012,0.6341801385681294,-19539.7595766338,-18230595.684999336
current_broker,3,0.62,0.0005,0.0006,1373,396,0.2884195193008012,0.6341801385681294,-51056.795718113164,-47635990.404999584
current_broker,3,0.62,0.0005,0.001,1373,396,0.2884195193008012,0.6341801385681294,-31284.40684351472,-29188351.584999233
current_broker,3,0.64,,,664,225,0.338855421686747,0.3066974595842956,-72894.55876343838,-40675163.78999862
current_broker,3,0.64,,0.0006,664,225,0.338855421686747,0.3066974595842956,-101800.12073476541,-56804467.3699991
current_broker,3,0.64,,0.001,664,225,0.338855421686747,0.3066974595842956,-83088.6671863778,-46363476.289998814
current_broker,3,0.64,0.0003,,664,225,0.338855421686747,0.3066974595842956,-7188.17301075152,-4011000.5399993486
current_broker,3,0.64,0.0003,0.0006,664,225,0.338855421686747,0.3066974595842956,-36093.73498207854,-20140304.119999826
current_broker,3,0.64,0.0003,0.001,664,225,0.338855421686747,0.3066974595842956,-17382.281433690947,-9699313.039999548
current_broker,3,0.64,0.0005,,664,225,0.338855421686747,0.3066974595842956,-29103.399444442657,-16239696.889999002
current_broker,3,0.64,0.0005,0.0006,664,225,0.338855421686747,0.3066974595842956,-58008.96141576968,-32369000.46999948
current_broker,3,0.64,0.0005,0.001,664,225,0.338855421686747,0.3066974595842956,-39297.507867382075,-21928009.3899992
current_broker,3,0.66,,,346,114,0.32947976878612717,0.15981524249422632,-91064.3862292321,-27410380.254998863
current_broker,3,0.66,,0.0006,346,114,0.32947976878612717,0.15981524249422632,-115446.61958471441,-34749432.494999036
current_broker,3,0.66,,0.001,346,114,0.32947976878612717,0.15981524249422632,-100508.50616278753,-30253060.354999043
current_broker,3,0.66,0.0003,,346,114,0.32947976878612717,0.15981524249422632,-20569.635199332428,-6191460.194999061
current_broker,3,0.66,0.0003,0.0006,346,114,0.32947976878612717,0.15981524249422632,-44951.86855481472,-13530512.434999231
current_broker,3,0.66,0.0003,0.001,346,114,0.32947976878612717,0.15981524249422632,-30013.75513288784,-9034140.29499924
current_broker,3,0.66,0.0005,,346,114,0.32947976878612717,0.15981524249422632,-42426.79088039508,-12770464.054998918
current_broker,3,0.66,0.0005,0.0006,346,114,0.32947976878612717,0.15981524249422632,-66809.02423587738,-20109516.294999093
current_broker,3,0.66,0.0005,0.001,346,114,0.32947976878612717,0.15981524249422632,-51870.91081395049,-15613144.154999098
current_broker,3,0.68,,,184,60,0.32608695652173914,0.08498845265588914,-90578.55610118664,-15217197.424999356
current_broker,3,0.68,,0.0006,184,60,0.32608695652173914,0.08498845265588914,-112587.50812499678,-18914701.36499946
current_broker,3,0.68,,0.001,184,60,0.32608695652173914,0.08498845265588914,-98944.6828869012,-16622706.724999402
current_broker,3,0.68,0.0003,,184,60,0.32608695652173914,0.08498845265588914,-23000.87741071061,-3864147.404999383
current_broker,3,0.68,0.0003,0.0006,184,60,0.32608695652173914,0.08498845265588914,-45009.82943452076,-7561651.344999488
current_broker,3,0.68,0.0003,0.001,184,60,0.32608695652173914,0.08498845265588914,-31367.00419642518,-5269656.70499943
current_broker,3,0.68,0.0005,,184,60,0.32608695652173914,0.08498845265588914,-44250.568303567314,-7434095.474999309
current_broker,3,0.68,0.0005,0.0006,184,60,0.32608695652173914,0.08498845265588914,-66259.52032737745,-11131599.414999412
current_broker,3,0.68,0.0005,0.001,184,60,0.32608695652173914,0.08498845265588914,-52616.69508928188,-8839604.774999356
current_broker,3,0.7,,,88,29,0.32954545454545453,0.040646651270207855,-120396.82036585295,-9872539.269999942
current_broker,3,0.7,,0.0006,88,29,0.32954545454545453,0.040646651270207855,-131940.99792682973,-10819161.830000037
current_broker,3,0.7,,0.001,88,29,0.32954545454545453,0.040646651270207855,-121866.16914634088,-9993025.869999953
current_broker,3,0.7,0.0003,,88,29,0.32954545454545453,0.040646651270207855,-40447.87780487505,-3316725.9799997536
current_broker,3,0.7,0.0003,0.0006,88,29,0.32954545454545453,0.040646651270207855,-51992.05536585181,-4263348.539999848
current_broker,3,0.7,0.0003,0.001,88,29,0.32954545454545453,0.040646651270207855,-41917.22658536296,-3437212.5799997626
current_broker,3,0.7,0.0005,,88,29,0.32954545454545453,0.040646651270207855,-65891.07036585077,-5403067.769999763
current_broker,3,0.7,0.0005,0.0006,88,29,0.32954545454545453,0.040646651270207855,-77435.24792682755,-6349690.3299998585
current_broker,3,0.7,0.0005,0.001,88,29,0.32954545454545453,0.040646651270207855,-67360.41914633868,-5523554.369999772
current_broker,3,0.72,,,32,8,0.25,0.014780600461893764,-194473.92844827197,-5639743.924999887
current_broker,3,0.72,,0.0006,32,8,0.25,0.014780600461893764,-198752.20155172248,-5763813.844999952
current_broker,3,0.72,,0.001,32,8,0.25,0.014780600461893764,-194473.92844827197,-5639743.924999887
current_broker,3,0.72,0.0003,,32,8,0.25,0.014780600461893764,-63766.49086206113,-1849228.2349997729
current_broker,3,0.72,0.0003,0.0006,32,8,0.25,0.014780600461893764,-68044.7639655117,-1973298.1549998391
current_broker,3,0.72,0.0003,0.001,32,8,0.25,0.014780600461893764,-63766.49086206113,-1849228.2349997729
current_broker,3,0.72,0.0005,,32,8,0.25,0.014780600461893764,-98941.59051723224,-2869306.124999735
current_broker,3,0.72,0.0005,0.0006,32,8,0.25,0.014780600461893764,-103219.86362068281,-2993376.0449998016
current_broker,3,0.72,0.0005,0.001,32,8,0.25,0.014780600461893764,-98941.59051723224,-2869306.124999735
current_broker,3,0.74,,,11,3,0.2727272727272727,0.005080831408775982,-53412.496666653016,-480712.46999987715
current_broker,3,0.74,,0.0006,11,3,0.2727272727272727,0.005080831408775982,-57799.44777777148,-520195.02999994333
current_broker,3,0.74,,0.001,11,3,0.2727272727272727,0.005080831408775982,-53412.496666653016,-480712.46999987715
current_broker,3,0.74,0.0003,,11,3,0.2727272727272727,0.005080831408775982,-14140.392222204362,-127263.52999983926
current_broker,3,0.74,0.0003,0.0006,11,3,0.2727272727272727,0.005080831408775982,-18527.343333322842,-166746.08999990558
current_broker,3,0.74,0.0003,0.001,11,3,0.2727272727272727,0.005080831408775982,-14140.392222204362,-127263.52999983926
current_broker,3,0.74,0.0005,,11,3,0.2727272727272727,0.005080831408775982,-24027.802222206476,-216250.2199998583
current_broker,3,0.74,0.0005,0.0006,11,3,0.2727272727272727,0.005080831408775982,-28414.753333324945,-255732.7799999245
current_broker,3,0.74,0.0005,0.001,11,3,0.2727272727272727,0.005080831408775982,-24027.802222206476,-216250.2199998583
current_broker,3,0.76,,,3,2,0.6666666666666666,0.0013856812933025404,130236.22833336488,390708.68500009464
current_broker,3,0.76,,0.0006,3,2,0.6666666666666666,0.0013856812933025404,121348.38833334595,364045.1650000379
current_broker,3,0.76,,0.001,3,2,0.6666666666666666,0.0013856812933025404,130236.22833336488,390708.68500009464
current_broker,3,0.76,0.0003,,3,2,0.6666666666666666,0.0013856812933025404,130236.22833336488,390708.68500009464
current_broker,3,0.76,0.0003,0.0006,3,2,0.6666666666666666,0.0013856812933025404,121348.38833334595,364045.1650000379
current_broker,3,0.76,0.0003,0.001,3,2,0.6666666666666666,0.0013856812933025404,130236.22833336488,390708.68500009464
current_broker,3,0.76,0.0005,,3,2,0.6666666666666666,0.0013856812933025404,130236.22833336488,390708.68500009464
current_broker,3,0.76,0.0005,0.0006,3,2,0.6666666666666666,0.0013856812933025404,121348.38833334595,364045.1650000379
current_broker,3,0.76,0.0005,0.001,3,2,0.6666666666666666,0.0013856812933025404,130236.22833336488,390708.68500009464
current_broker,3,0.78,,,0,0,0.0,0.0,0.0,0.0
current_broker,3,0.8,,,0,0,0.0,0.0,0.0,0.0
current_broker,3,0.82,,,0,0,0.0,0.0,0.0,0.0
current_broker,3,0.84,,,0,0,0.0,0.0,0.0,0.0
current_broker,3,0.86,,,0,0,0.0,0.0,0.0,0.0
current_broker,3,0.88,,,0,0,0.0,0.0,0.0,0.0
current_broker,3,0.9,,,0,0,0.0,0.0,0.0,0.0
futures_like,1,0.5,,,218641,9119,0.04170763946377852,100.98891454965359,-80669.33489635527,-2222117499.055002
futures_like,1,0.5,,0.0006,218641,9119,0.04170763946377852,100.98891454965359,-92289.53697360793,-2542207585.475004
futures_like,1,0.5,,0.001,218641,9119,0.04170763946377852,100.98891454965359,-84466.78563330437,-2326722077.055002
futures_like,1,0.5,0.0003,,218641,9119,0.04170763946377852,100.98891454965359,-47772.15433837948,-1315931763.4050012
futures_like,1,0.5,0.0003,0.0006,218641,9119,0.04170763946377852,100.98891454965359,-59392.356415632144,-1636021849.8250031
futures_like,1,0.5,0.0003,0.001,218641,9119,0.04170763946377852,100.98891454965359,-51569.60507532858,-1420536341.4050012
futures_like,1,0.5,0.0005,,218641,9119,0.04170763946377852,100.98891454965359,-63430.1666849998,-1747247371.5050044
futures_like,1,0.5,0.0005,0.0006,218641,9119,0.04170763946377852,100.98891454965359,-75050.36876225246,-2067337457.9250064
futures_like,1,0.5,0.0005,0.001,218641,9119,0.04170763946377852,100.98891454965359,-67227.6174219489,-1851851949.5050046
futures_like,1,0.52,,,118927,5254,0.044178361515887894,54.93163972286374,-80037.17197353784,-1294521219.500001
futures_like,1,0.52,,0.0006,118927,5254,0.044178361515887894,54.93163972286374,-90719.91668480283,-1467303932.460001
futures_like,1,0.52,,0.001,118927,5254,0.044178361515887894,54.93163972286374,-83627.6251267467,-1352593208.8000011
futures_like,1,0.52,0.0003,,118927,5254,0.044178361515887894,54.93163972286374,-50099.628200198,-810311386.5100025
futures_like,1,0.52,0.0003,0.0006,118927,5254,0.044178361515887894,54.93163972286374,-60782.37291146299,-983094099.4700024
futures_like,1,0.52,0.0003,0.001,118927,5254,0.044178361515887894,54.93163972286374,-53690.08135340687,-868383375.8100028
futures_like,1,0.52,0.0005,,118927,5254,0.044178361515887894,54.93163972286374,-65084.36524669239,-1052674523.5000027
futures_like,1,0.52,0.0005,0.0006,118927,5254,0.044178361515887894,54.93163972286374,-75767.1099579574,-1225457236.460003
futures_like,1,0.52,0.0005,0.001,118927,5254,0.044178361515887894,54.93163972286374,-68674.81839990127,-1110746512.800003
futures_like,1,0.54,,,57818,2939,0.05083192085509703,26.70577367205543,-78610.4173420094,-712760654.0399992
futures_like,1,0.54,,0.0006,57818,2939,0.05083192085509703,26.70577367205543,-88359.26418881657,-801153448.3999999
futures_like,1,0.54,,0.001,57818,2939,0.05083192085509703,26.70577367205543,-81733.66196536888,-741079113.0399996
futures_like,1,0.54,0.0003,,57818,2939,0.05083192085509703,26.70577367205543,-50390.32375317094,-456889065.4700009
futures_like,1,0.54,0.0003,0.0006,57818,2939,0.05083192085509703,26.70577367205543,-60139.170599978104,-545281859.8300015
futures_like,1,0.54,0.0003,0.001,57818,2939,0.05083192085509703,26.70577367205543,-53513.568376530406,-485207524.47000116
futures_like,1,0.54,0.0005,,57818,2939,0.05083192085509703,26.70577367205543,-64559.29773243633,-585359152.5400002
futures_like,1,0.54,0.0005,0.0006,57818,2939,0.05083192085509703,26.70577367205543,-74308.1445792435,-673751946.9000008
futures_like,1,0.54,0.0005,0.001,57818,2939,0.05083192085509703,26.70577367205543,-67682.5423557958,-613677611.5400004
futures_like,1,0.56,,,24095,1616,0.0670678564017431,11.129330254041571,-75035.35419491479,-371875215.3899977
futures_like,1,0.56,,0.0006,24095,1616,0.0670678564017431,11.129330254041571,-83342.7750948342,-413046793.3699983
futures_like,1,0.56,,0.001,24095,1616,0.0670678564017431,11.129330254041571,-77222.30149112146,-382713726.189998
futures_like,1,0.56,0.0003,,24095,1616,0.0670678564017431,11.129330254041571,-49919.727039951315,-247402167.20999873
futures_like,1,0.56,0.0003,0.0006,24095,1616,0.0670678564017431,11.129330254041571,-58227.147939870716,-288573745.1899993
futures_like,1,0.56,0.0003,0.001,24095,1616,0.0670678564017431,11.129330254041571,-52106.67433615798,-258240678.00999895
futures_like,1,0.56,0.0005,,24095,1616,0.0670678564017431,11.129330254041571,-62835.23257465652,-311411412.6399977
futures_like,1,0.56,0.0005,0.0006,24095,1616,0.0670678564017431,11.129330254041571,-71142.65347457593,-352582990.6199983
futures_like,1,0.56,0.0005,0.001,24095,1616,0.0670678564017431,11.129330254041571,-65022.179870863176,-322249923.4399979
futures_like,1,0.58,,,8843,882,0.09973990727128802,4.084526558891455,-73605.95189903847,-199030493.935
futures_like,1,0.58,,0.0006,8843,882,0.09973990727128802,4.084526558891455,-80413.57997596145,-217438320.25499976
futures_like,1,0.58,,0.001,8843,882,0.09973990727128802,4.084526558891455,-75009.21007211537,-202824904.03499997
futures_like,1,0.58,0.0003,,8843,882,0.09973990727128802,4.084526558891455,-49275.195312500065,-133240128.12500018
futures_like,1,0.58,0.0003,0.0006,8843,882,0.09973990727128802,4.084526558891455,-56082.82338942305,-151647954.44499993
futures_like,1,0.58,0.0003,0.001,8843,882,0.09973990727128802,4.084526558891455,-50678.453485576974,-137034538.22500014
futures_like,1,0.58,0.0005,,8843,882,0.09973990727128802,4.084526558891455,-61487.70286057688,-166262748.53499988
futures_like,1,0.58,0.0005,0.0006,8843,882,0.09973990727128802,4.084526558891455,-68295.33093749986,-184670574.85499963
futures_like,1,0.58,0.0005,0.001,8843,882,0.09973990727128802,4.084526558891455,-62890.96103365377,-170057158.6349998
futures_like,1,0.6,,,3311,528,0.15946843853820597,1.5293302540415705,-72701.01507807606,-116394325.13999976
futures_like,1,0.6,,0.0006,3311,528,0.15946843853820597,1.5293302540415705,-79690.86888194876,-127585081.07999997
futures_like,1,0.6,,0.001,3311,528,0.15946843853820597,1.5293302540415705,-74036.96036227344,-118533173.53999978
futures_like,1,0.6,0.0003,,3311,528,0.15946843853820597,1.5293302540415705,-47825.44264834468,-76568533.67999983
futures_like,1,0.6,0.0003,0.0006,3311,528,0.15946843853820597,1.5293302540415705,-54815.296452217386,-87759289.62000003
futures_like,1,0.6,0.0003,0.001,3311,528,0.15946843853820597,1.5293302540415705,-49161.387932542064,-78707382.07999985
futures_like,1,0.6,0.0005,,3311,528,0.15946843853820597,1.5293302540415705,-60106.024353528854,-96229744.9899997
futures_like,1,0.6,0.0005,0.0006,3311,528,0.15946843853820597,1.5293302540415705,-67095.87815740156,-107420500.92999989
futures_like,1,0.6,0.0005,0.001,3311,528,0.15946843853820597,1.5293302540415705,-61441.969637726244,-98368593.38999972
futures_like,1,0.62,,,1373,316,0.23015294974508377,0.6341801385681294,-72310.96488210048,-67466130.23499975
futures_like,1,0.62,,0.0006,1373,316,0.23015294974508377,0.6341801385681294,-77643.56321007483,-72441444.47499982
futures_like,1,0.62,,0.001,1373,316,0.23015294974508377,0.6341801385681294,-72722.74441050342,-67850320.5349997
futures_like,1,0.62,0.0003,,1373,316,0.23015294974508377,0.6341801385681294,-46553.91913719161,-43434806.55499977
futures_like,1,0.62,0.0003,0.0006,1373,316,0.23015294974508377,0.6341801385681294,-51886.517465165976,-48410120.79499985
futures_like,1,0.62,0.0003,0.001,1373,316,0.23015294974508377,0.6341801385681294,-46965.698665594566,-43818996.85499973
futures_like,1,0.62,0.0005,,1373,316,0.23015294974508377,0.6341801385681294,-58746.89098070716,-54810849.28499978
futures_like,1,0.62,0.0005,0.0006,1373,316,0.23015294974508377,0.6341801385681294,-64079.48930868153,-59786163.524999864
futures_like,1,0.62,0.0005,0.001,1373,316,0.23015294974508377,0.6341801385681294,-59158.67050911012,-55195039.58499974
futures_like,1,0.64,,,664,185,0.2786144578313253,0.3066974595842956,-74031.43331541073,-41309539.78999919
futures_like,1,0.64,,0.0006,664,185,0.2786144578313253,0.3066974595842956,-78604.51786738214,-43861320.96999923
futures_like,1,0.64,,0.001,664,185,0.2786144578313253,0.3066974595842956,-74150.52310035683,-41375991.889999114
futures_like,1,0.64,0.0003,,664,185,0.2786144578313253,0.3066974595842956,-48227.05489247144,-26910696.629999064
futures_like,1,0.64,0.0003,0.0006,664,185,0.2786144578313253,0.3066974595842956,-52800.13944444283,-29462477.8099991
futures_like,1,0.64,0.0003,0.001,664,185,0.2786144578313253,0.3066974595842956,-48346.14467741754,-26977148.729998987
futures_like,1,0.64,0.0005,,664,185,0.2786144578313253,0.3066974595842956,-60519.67829748959,-33769980.48999919
futures_like,1,0.64,0.0005,0.0006,664,185,0.2786144578313253,0.3066974595842956,-65092.76284946098,-36321761.66999923
futures_like,1,0.64,0.0005,0.001,664,185,0.2786144578313253,0.3066974595842956,-60638.76808243568,-33836432.58999911
futures_like,1,0.66,,,346,99,0.2861271676300578,0.15981524249422632,-79021.10383720865,-23785352.2549998
futures_like,1,0.66,,0.0006,346,99,0.2861271676300578,0.15981524249422632,-82324.28377076393,-24779609.414999943
futures_like,1,0.66,,0.001,346,99,0.2861271676300578,0.15981524249422632,-79060.35865448439,-23797167.9549998
futures_like,1,0.66,0.0003,,346,99,0.2861271676300578,0.15981524249422632,-49171.31795680993,-14800566.70499979
futures_like,1,0.66,0.0003,0.0006,346,99,0.2861271676300578,0.15981524249422632,-52474.49789036523,-15794823.864999933
futures_like,1,0.66,0.0003,0.001,346,99,0.2861271676300578,0.15981524249422632,-49210.572774085675,-14812382.404999789
futures_like,1,0.66,0.0005,,346,99,0.2861271676300578,0.15981524249422632,-62019.16612956694,-18667769.00499965
futures_like,1,0.66,0.0005,0.0006,346,99,0.2861271676300578,0.15981524249422632,-65322.346063122226,-19662026.16499979
futures_like,1,0.66,0.0005,0.001,346,99,0.2861271676300578,0.15981524249422632,-62058.420946842685,-18679584.704999648
futures_like,1,0.68,,,184,51,0.27717391304347827,0.08498845265588914,-76289.24657738055,-12816593.424999932
futures_like,1,0.68,,0.0006,184,51,0.27717391304347827,0.08498845265588914,-80403.22348214278,-13507741.544999989
futures_like,1,0.68,,0.001,184,51,0.27717391304347827,0.08498845265588914,-76359.5781249996,-12828409.124999933
futures_like,1,0.68,0.0003,,184,51,0.27717391304347827,0.08498845265588914,-51543.310922617915,-8659276.23499981
futures_like,1,0.68,0.0003,0.0006,184,51,0.27717391304347827,0.08498845265588914,-55657.287827380154,-9350424.354999866
futures_like,1,0.68,0.0003,0.001,184,51,0.27717391304347827,0.08498845265588914,-51613.642470236955,-8671091.934999809
futures_like,1,0.68,0.0005,,184,51,0.27717391304347827,0.08498845265588914,-63580.651636903625,-10681549.47499981
futures_like,1,0.68,0.0005,0.0006,184,51,0.27717391304347827,0.08498845265588914,-67694.62854166588,-11372697.594999867
futures_like,1,0.68,0.0005,0.001,184,51,0.27717391304347827,0.08498845265588914,-63650.98318452268,-10693365.17499981
futures_like,1,0.7,,,88,22,0.25,0.040646651270207855,-95922.47890244052,-7865643.2700001225
futures_like,1,0.7,,0.0006,88,22,0.25,0.040646651270207855,-97429.43256097734,-7989213.470000141
futures_like,1,0.7,,0.001,88,22,0.25,0.040646651270207855,-95922.47890244052,-7865643.2700001225
futures_like,1,0.7,0.0003,,88,22,0.25,0.040646651270207855,-67071.42987804876,-5499857.249999998
futures_like,1,0.7,0.0003,0.0006,88,22,0.25,0.040646651270207855,-68578.38353658558,-5623427.450000018
futures_like,1,0.7,0.0003,0.001,88,22,0.25,0.040646651270207855,-67071.42987804876,-5499857.249999998
futures_like,1,0.7,0.0005,,88,22,0.25,0.040646651270207855,-82263.99719512207,-6745647.770000009
futures_like,1,0.7,0.0005,0.0006,88,22,0.25,0.040646651270207855,-83770.95085365888,-6869217.970000029
futures_like,1,0.7,0.0005,0.001,88,22,0.25,0.040646651270207855,-82263.99719512207,-6745647.770000009
futures_like,1,0.72,,,32,9,0.28125,0.014780600461893764,-90087.30775861547,-2612531.9249998485
futures_like,1,0.72,,0.0006,32,9,0.28125,0.014780600461893764,-94348.34913792647,-2736102.1249998678
futures_like,1,0.72,,0.001,32,9,0.28125,0.014780600461893764,-90087.30775861547,-2612531.9249998485
futures_like,1,0.72,0.0003,,32,9,0.28125,0.014780600461893764,-54438.349137925805,-1578712.1249998484
futures_like,1,0.72,0.0003,0.0006,32,9,0.28125,0.014780600461893764,-58699.39051723681,-1702282.3249998675
futures_like,1,0.72,0.0003,0.001,32,9,0.28125,0.014780600461893764,-54438.349137925805,-1578712.1249998484
futures_like,1,0.72,0.0005,,32,9,0.28125,0.014780600461893764,-72661.00948275275,-2107169.27499983
futures_like,1,0.72,0.0005,0.0006,32,9,0.28125,0.014780600461893764,-76922.05086206376,-2230739.4749998488
futures_like,1,0.72,0.0005,0.001,32,9,0.28125,0.014780600461893764,-72661.00948275275,-2107169.27499983
futures_like,1,0.74,,,11,3,0.2727272727272727,0.005080831408775982,-86895.60777776518,-782060.4699998866
futures_like,1,0.74,,0.0006,11,3,0.2727272727272727,0.005080831408775982,-86895.60777776518,-782060.4699998866
futures_like,1,0.74,,0.001,11,3,0.2727272727272727,0.005080831408775982,-86895.60777776518,-782060.4699998866
futures_like,1,0.74,0.0003,,11,3,0.2727272727272727,0.005080831408775982,-65275.27888887943,-587477.5099999149
futures_like,1,0.74,0.0003,0.0006,11,3,0.2727272727272727,0.005080831408775982,-65275.27888887943,-587477.5099999149
futures_like,1,0.74,0.0003,0.001,11,3,0.2727272727272727,0.005080831408775982,-65275.27888887943,-587477.5099999149
futures_like,1,0.74,0.0005,,11,3,0.2727272727272727,0.005080831408775982,-77588.69111109851,-698298.2199998866
futures_like,1,0.74,0.0005,0.0006,11,3,0.2727272727272727,0.005080831408775982,-77588.69111109851,-698298.2199998866
futures_like,1,0.74,0.0005,0.001,11,3,0.2727272727272727,0.005080831408775982,-77588.69111109851,-698298.2199998866
futures_like,1,0.76,,,3,1,0.3333333333333333,0.0013856812933025404,-92902.43833331756,-278707.3149999527
futures_like,1,0.76,,0.0006,3,1,0.3333333333333333,0.0013856812933025404,-92902.43833331756,-278707.3149999527
futures_like,1,0.76,,0.001,3,1,0.3333333333333333,0.0013856812933025404,-92902.43833331756,-278707.3149999527
futures_like,1,0.76,0.0003,,3,1,0.3333333333333333,0.0013856812933025404,-83793.90166666034,-251381.704999981
futures_like,1,0.76,0.0003,0.0006,3,1,0.3333333333333333,0.0013856812933025404,-83793.90166666034,-251381.704999981
futures_like,1,0.76,0.0003,0.001,3,1,0.3333333333333333,0.0013856812933025404,-83793.90166666034,-251381.704999981
futures_like,1,0.76,0.0005,,3,1,0.3333333333333333,0.0013856812933025404,-92902.43833331756,-278707.3149999527
futures_like,1,0.76,0.0005,0.0006,3,1,0.3333333333333333,0.0013856812933025404,-92902.43833331756,-278707.3149999527
futures_like,1,0.76,0.0005,0.001,3,1,0.3333333333333333,0.0013856812933025404,-92902.43833331756,-278707.3149999527
futures_like,1,0.78,,,0,0,0.0,0.0,0.0,0.0
futures_like,1,0.8,,,0,0,0.0,0.0,0.0,0.0
futures_like,1,0.82,,,0,0,0.0,0.0,0.0,0.0
futures_like,1,0.84,,,0,0,0.0,0.0,0.0,0.0
futures_like,1,0.86,,,0,0,0.0,0.0,0.0,0.0
futures_like,1,0.88,,,0,0,0.0,0.0,0.0,0.0
futures_like,1,0.9,,,0,0,0.0,0.0,0.0,0.0
futures_like,3,0.5,,,218641,11125,0.05088249687844457,100.98891454965359,-82125.35754937226,-2262225099.0550084
futures_like,3,0.5,,0.0006,218641,11125,0.05088249687844457,100.98891454965359,-128120.65499146907,-3529211562.395007
futures_like,3,0.5,,0.001,218641,11125,0.05088249687844457,100.98891454965359,-103846.5724444568,-2860557684.555007
futures_like,3,0.5,0.0003,,218641,11125,0.05088249687844457,100.98891454965359,5581.534410985116,153748946.884996
futures_like,3,0.5,0.0003,0.0006,218641,11125,0.05088249687844457,100.98891454965359,-40413.763031111695,-1113237516.4550028
futures_like,3,0.5,0.0003,0.001,218641,11125,0.05088249687844457,100.98891454965359,-16139.68048409941,-444583638.61500233
futures_like,3,0.5,0.0005,,218641,11125,0.05088249687844457,100.98891454965359,-21515.739390655774,-592672557.2550039
futures_like,3,0.5,0.0005,0.0006,218641,11125,0.05088249687844457,100.98891454965359,-67511.03683275258,-1859659020.5950027
futures_like,3,0.5,0.0005,0.001,218641,11125,0.05088249687844457,100.98891454965359,-43236.95428574031,-1191005142.7550025
futures_like,3,0.52,,,118927,6476,0.05445357235951466,54.93163972286374,-78986.49805242999,-1277527619.5000026
futures_like,3,0.52,,0.0006,118927,6476,0.05445357235951466,54.93163972286374,-123145.77447137397,-1991759756.3000026
futures_like,3,0.52,,0.001,118927,6476,0.05445357235951466,54.93163972286374,-99810.7258439472,-1614338679.800002
futures_like,3,0.52,0.0003,,118927,6476,0.05445357235951466,54.93163972286374,2836.880619512618,45883707.13999709
futures_like,3,0.52,0.0003,0.0006,118927,6476,0.05445357235951466,54.93163972286374,-41322.39579943136,-668348429.6600028
futures_like,3,0.52,0.0003,0.001,118927,6476,0.05445357235951466,54.93163972286374,-17987.347172004604,-290927353.16000247
futures_like,3,0.52,0.0005,,118927,6476,0.05445357235951466,54.93163972286374,-23539.762776678752,-380732123.1500021
futures_like,3,0.52,0.0005,0.0006,118927,6476,0.05445357235951466,54.93163972286374,-67699.03919562272,-1094964259.950002
futures_like,3,0.52,0.0005,0.001,118927,6476,0.05445357235951466,54.93163972286374,-44363.99056819598,-717543183.4500017
futures_like,3,0.54,,,57818,3658,0.06326749455186965,26.70577367205543,-73129.97177015521,-663069454.0399973
futures_like,3,0.54,,0.0006,57818,3658,0.06326749455186965,26.70577367205543,-114591.89338921335,-1039004697.3599974
futures_like,3,0.54,,0.001,57818,3658,0.06326749455186965,26.70577367205543,-92585.46594683993,-839472419.7399976
futures_like,3,0.54,0.0003,,57818,3658,0.06326749455186965,26.70577367205543,1503.5273398037823,13632482.390000895
futures_like,3,0.54,0.0003,0.0006,57818,3658,0.06326749455186965,26.70577367205543,-39958.394279254346,-362302760.9299992
futures_like,3,0.54,0.0003,0.001,57818,3658,0.06326749455186965,26.70577367205543,-17951.966836880943,-162770483.30999953
futures_like,3,0.54,0.0005,,57818,3658,0.06326749455186965,26.70577367205543,-23527.702265357635,-213325676.43999767
futures_like,3,0.54,0.0005,0.0006,57818,3658,0.06326749455186965,26.70577367205543,-64989.62388441578,-589260919.7599978
futures_like,3,0.54,0.0005,0.001,57818,3658,0.06326749455186965,26.70577367205543,-42983.19644204236,-389728642.1399981
futures_like,3,0.56,,,24095,1988,0.08250674413778793,11.129330254041571,-71982.87235472123,-356747115.38999844
futures_like,3,0.56,,0.0006,24095,1988,0.08250674413778793,11.129330254041571,-109276.8558615817,-541576097.6499989
futures_like,3,0.56,,0.001,24095,1988,0.08250674413778793,11.129330254041571,-88870.38831517319,-440441644.48999834
futures_like,3,0.56,0.0003,,24095,1988,0.08250674413778793,11.129330254041571,-2942.6641545603766,-14583843.550001226
futures_like,3,0.56,0.0003,0.0006,24095,1988,0.08250674413778793,11.129330254041571,-40236.64766142083,-199412825.81000164
futures_like,3,0.56,0.0003,0.001,24095,1988,0.08250674413778793,11.129330254041571,-19830.180115012343,-98278372.65000117
futures_like,3,0.56,0.0005,,24095,1988,0.08250674413778793,11.129330254041571,-26496.457039951325,-131316441.08999877
futures_like,3,0.56,0.0005,0.0006,24095,1988,0.08250674413778793,11.129330254041571,-63790.440546811784,-316145423.3499992
futures_like,3,0.56,0.0005,0.001,24095,1988,0.08250674413778793,11.129330254041571,-43383.97300040329,-215010970.18999872
futures_like,3,0.58,,,8843,1141,0.12902861020015832,4.084526558891455,-59150.6634375001,-159943393.93500027
futures_like,3,0.58,,0.0006,8843,1141,0.12902861020015832,4.084526558891455,-95199.1907451925,-257418611.77500054
futures_like,3,0.58,,0.001,8843,1141,0.12902861020015832,4.084526558891455,-74459.73411057705,-201339121.03500032
futures_like,3,0.58,0.0003,,8843,1141,0.12902861020015832,4.084526558891455,4289.632524037838,11599166.344998315
futures_like,3,0.58,0.0003,0.0006,8843,1141,0.12902861020015832,4.084526558891455,-31758.89478365457,-85876051.49500196
futures_like,3,0.58,0.0003,0.001,8843,1141,0.12902861020015832,4.084526558891455,-11019.438149039097,-29796560.755001716
futures_like,3,0.58,0.0005,,8843,1141,0.12902861020015832,4.084526558891455,-17275.917524038574,-46714080.985000305
futures_like,3,0.58,0.0005,0.0006,8843,1141,0.12902861020015832,4.084526558891455,-53324.44483173099,-144189298.82500058
futures_like,3,0.58,0.0005,0.001,8843,1141,0.12902861020015832,4.084526558891455,-32584.988197115516,-88109808.08500035
futures_like,3,0.6,,,3311,681,0.2056780428873452,1.5293302540415705,-57752.23306683296,-92461325.13999957
futures_like,3,0.6,,0.0006,3311,681,0.2056780428873452,1.5293302540415705,-93494.59497813848,-149684846.5599997
futures_like,3,0.6,,0.001,3311,681,0.2056780428873452,1.5293302540415705,-72382.82363522779,-115884900.63999969
futures_like,3,0.6,0.0003,,3311,681,0.2056780428873452,1.5293302540415705,6186.53698313535,9904645.709999695
futures_like,3,0.6,0.0003,0.0006,3311,681,0.2056780428873452,1.5293302540415705,-29555.82492817016,-47318875.710000426
futures_like,3,0.6,0.0003,0.001,3311,681,0.2056780428873452,1.5293302540415705,-8444.053585259486,-13518929.790000437
futures_like,3,0.6,0.0005,,3311,681,0.2056780428873452,1.5293302540415705,-15338.265796376914,-24556563.53999944
futures_like,3,0.6,0.0005,0.0006,3311,681,0.2056780428873452,1.5293302540415705,-51080.627707682426,-81780084.95999956
futures_like,3,0.6,0.0005,0.001,3311,681,0.2056780428873452,1.5293302540415705,-29968.856364771753,-47980139.039999574
futures_like,3,0.62,,,1373,396,0.2884195193008012,0.6341801385681294,-64740.86841907746,-60403230.23499927
futures_like,3,0.62,,0.0006,1373,396,0.2884195193008012,0.6341801385681294,-96257.90456055681,-89808624.9549995
futures_like,3,0.62,,0.001,1373,396,0.2884195193008012,0.6341801385681294,-76485.51568595837,-71360986.13499916
futures_like,3,0.62,0.0003,,1373,396,0.2884195193008012,0.6341801385681294,1286.5008199360427,1200305.265000328
futures_like,3,0.62,0.0003,0.0006,1373,396,0.2884195193008012,0.6341801385681294,-30230.535321543328,-28205089.454999924
futures_like,3,0.62,0.0003,0.001,1373,396,0.2884195193008012,0.6341801385681294,-10458.146446944875,-9757450.634999568
futures_like,3,0.62,0.0005,,1373,396,0.2884195193008012,0.6341801385681294,-19511.7595766338,-18204471.684999336
futures_like,3,0.62,0.0005,0.0006,1373,396,0.2884195193008012,0.6341801385681294,-51028.795718113164,-47609866.404999584
futures_like,3,0.62,0.0005,0.001,1373,396,0.2884195193008012,0.6341801385681294,-31256.40684351472,-29162227.584999233
futures_like,3,0.64,,,664,225,0.338855421686747,0.3066974595842956,-72866.55876343838,-40659539.78999862
futures_like,3,0.64,,0.0006,664,225,0.338855421686747,0.3066974595842956,-101772.12073476541,-56788843.3699991
futures_like,3,0.64,,0.001,664,225,0.338855421686747,0.3066974595842956,-83060.6671863778,-46347852.289998814
futures_like,3,0.64,0.0003,,664,225,0.338855421686747,0.3066974595842956,-7160.17301075152,-3995376.5399993486
futures_like,3,0.64,0.0003,0.0006,664,225,0.338855421686747,0.3066974595842956,-36065.73498207854,-20124680.119999826
futures_like,3,0.64,0.0003,0.001,664,225,0.338855421686747,0.3066974595842956,-17354.281433690947,-9683689.039999548
futures_like,3,0.64,0.0005,,664,225,0.338855421686747,0.3066974595842956,-29075.399444442657,-16224072.889999002
futures_like,3,0.64,0.0005,0.0006,664,225,0.338855421686747,0.3066974595842956,-57980.96141576968,-32353376.46999948
futures_like,3,0.64,0.0005,0.001,664,225,0.338855421686747,0.3066974595842956,-39269.507867382075,-21912385.3899992
futures_like,3,0.66,,,346,114,0.32947976878612717,0.15981524249422632,-91036.3862292321,-27401952.254998863
futures_like,3,0.66,,0.0006,346,114,0.32947976878612717,0.15981524249422632,-115418.61958471441,-34741004.494999036
futures_like,3,0.66,,0.001,346,114,0.32947976878612717,0.15981524249422632,-100480.50616278753,-30244632.354999043
futures_like,3,0.66,0.0003,,346,114,0.32947976878612717,0.15981524249422632,-20541.635199332428,-6183032.194999061
futures_like,3,0.66,0.0003,0.0006,346,114,0.32947976878612717,0.15981524249422632,-44923.86855481472,-13522084.434999231
futures_like,3,0.66,0.0003,0.001,346,114,0.32947976878612717,0.15981524249422632,-29985.75513288784,-9025712.29499924
futures_like,3,0.66,0.0005,,346,114,0.32947976878612717,0.15981524249422632,-42398.79088039508,-12762036.054998918
futures_like,3,0.66,0.0005,0.0006,346,114,0.32947976878612717,0.15981524249422632,-66781.02423587738,-20101088.294999093
futures_like,3,0.66,0.0005,0.001,346,114,0.32947976878612717,0.15981524249422632,-51842.91081395049,-15604716.154999098
futures_like,3,0.68,,,184,60,0.32608695652173914,0.08498845265588914,-90550.55610118664,-15212493.424999356
futures_like,3,0.68,,0.0006,184,60,0.32608695652173914,0.08498845265588914,-112559.50812499678,-18909997.36499946
futures_like,3,0.68,,0.001,184,60,0.32608695652173914,0.08498845265588914,-98916.6828869012,-16618002.724999402
futures_like,3,0.68,0.0003,,184,60,0.32608695652173914,0.08498845265588914,-22972.87741071061,-3859443.404999383
futures_like,3,0.68,0.0003,0.0006,184,60,0.32608695652173914,0.08498845265588914,-44981.82943452076,-7556947.344999488
futures_like,3,0.68,0.0003,0.001,184,60,0.32608695652173914,0.08498845265588914,-31339.00419642518,-5264952.70499943
futures_like,3,0.68,0.0005,,184,60,0.32608695652173914,0.08498845265588914,-44222.568303567314,-7429391.474999309
futures_like,3,0.68,0.0005,0.0006,184,60,0.32608695652173914,0.08498845265588914,-66231.52032737745,-11126895.414999412
futures_like,3,0.68,0.0005,0.001,184,60,0.32608695652173914,0.08498845265588914,-52588.69508928188,-8834900.774999356
futures_like,3,0.7,,,88,29,0.32954545454545453,0.040646651270207855,-120368.82036585295,-9870243.269999942
futures_like,3,0.7,,0.0006,88,29,0.32954545454545453,0.040646651270207855,-131912.99792682973,-10816865.830000037
futures_like,3,0.7,,0.001,88,29,0.32954545454545453,0.040646651270207855,-121838.16914634088,-9990729.869999953
futures_like,3,0.7,0.0003,,88,29,0.32954545454545453,0.040646651270207855,-40419.87780487505,-3314429.9799997536
futures_like,3,0.7,0.0003,0.0006,88,29,0.32954545454545453,0.040646651270207855,-51964.05536585181,-4261052.539999848
futures_like,3,0.7,0.0003,0.001,88,29,0.32954545454545453,0.040646651270207855,-41889.22658536296,-3434916.5799997626
futures_like,3,0.7,0.0005,,88,29,0.32954545454545453,0.040646651270207855,-65863.07036585077,-5400771.769999763
futures_like,3,0.7,0.0005,0.0006,88,29,0.32954545454545453,0.040646651270207855,-77407.24792682755,-6347394.3299998585
futures_like,3,0.7,0.0005,0.001,88,29,0.32954545454545453,0.040646651270207855,-67332.41914633868,-5521258.369999772
futures_like,3,0.72,,,32,8,0.25,0.014780600461893764,-194445.92844827197,-5638931.924999887
futures_like,3,0.72,,0.0006,32,8,0.25,0.014780600461893764,-198724.20155172248,-5763001.844999952
futures_like,3,0.72,,0.001,32,8,0.25,0.014780600461893764,-194445.92844827197,-5638931.924999887
futures_like,3,0.72,0.0003,,32,8,0.25,0.014780600461893764,-63738.49086206113,-1848416.2349997729
futures_like,3,0.72,0.0003,0.0006,32,8,0.25,0.014780600461893764,-68016.7639655117,-1972486.1549998391
futures_like,3,0.72,0.0003,0.001,32,8,0.25,0.014780600461893764,-63738.49086206113,-1848416.2349997729
futures_like,3,0.72,0.0005,,32,8,0.25,0.014780600461893764,-98913.59051723224,-2868494.124999735
futures_like,3,0.72,0.0005,0.0006,32,8,0.25,0.014780600461893764,-103191.86362068281,-2992564.0449998016
futures_like,3,0.72,0.0005,0.001,32,8,0.25,0.014780600461893764,-98913.59051723224,-2868494.124999735
futures_like,3,0.74,,,11,3,0.2727272727272727,0.005080831408775982,-53384.496666653016,-480460.46999987715
futures_like,3,0.74,,0.0006,11,3,0.2727272727272727,0.005080831408775982,-57771.44777777148,-519943.02999994333
futures_like,3,0.74,,0.001,11,3,0.2727272727272727,0.005080831408775982,-53384.496666653016,-480460.46999987715
futures_like,3,0.74,0.0003,,11,3,0.2727272727272727,0.005080831408775982,-14112.392222204362,-127011.52999983926
futures_like,3,0.74,0.0003,0.0006,11,3,0.2727272727272727,0.005080831408775982,-18499.343333322842,-166494.08999990558
futures_like,3,0.74,0.0003,0.001,11,3,0.2727272727272727,0.005080831408775982,-14112.392222204362,-127011.52999983926
futures_like,3,0.74,0.0005,,11,3,0.2727272727272727,0.005080831408775982,-23999.802222206476,-215998.2199998583
futures_like,3,0.74,0.0005,0.0006,11,3,0.2727272727272727,0.005080831408775982,-28386.753333324945,-255480.7799999245
futures_like,3,0.74,0.0005,0.001,11,3,0.2727272727272727,0.005080831408775982,-23999.802222206476,-215998.2199998583
futures_like,3,0.76,,,3,2,0.6666666666666666,0.0013856812933025404,130264.22833336488,390792.68500009464
futures_like,3,0.76,,0.0006,3,2,0.6666666666666666,0.0013856812933025404,121376.38833334595,364129.1650000379
futures_like,3,0.76,,0.001,3,2,0.6666666666666666,0.0013856812933025404,130264.22833336488,390792.68500009464
futures_like,3,0.76,0.0003,,3,2,0.6666666666666666,0.0013856812933025404,130264.22833336488,390792.68500009464
futures_like,3,0.76,0.0003,0.0006,3,2,0.6666666666666666,0.0013856812933025404,121376.38833334595,364129.1650000379
futures_like,3,0.76,0.0003,0.001,3,2,0.6666666666666666,0.0013856812933025404,130264.22833336488,390792.68500009464
futures_like,3,0.76,0.0005,,3,2,0.6666666666666666,0.0013856812933025404,130264.22833336488,390792.68500009464
futures_like,3,0.76,0.0005,0.0006,3,2,0.6666666666666666,0.0013856812933025404,121376.38833334595,364129.1650000379
futures_like,3,0.76,0.0005,0.001,3,2,0.6666666666666666,0.0013856812933025404,130264.22833336488,390792.68500009464
futures_like,3,0.78,,,0,0,0.0,0.0,0.0,0.0
futures_like,3,0.8,,,0,0,0.0,0.0,0.0,0.0
futures_like,3,0.82,,,0,0,0.0,0.0,0.0,0.0
futures_like,3,0.84,,,0,0,0.0,0.0,0.0,0.0
futures_like,3,0.86,,,0,0,0.0,0.0,0.0,0.0
futures_like,3,0.88,,,0,0,0.0,0.0,0.0,0.0
futures_like,3,0.9,,,0,0,0.0,0.0,0.0,0.0
