0,1,2,3,4
2019-12-30T00:00:00,12202.15,12289.9,12165.3,12226.65
2019-12-30T00:00:00,12202.15,12289.9,12165.3,12226.65
2020-01-06T00:00:00,12170.6,12311.2,11929.6,12256.8
2020-01-06T00:00:00,12170.6,12311.2,11929.6,12256.8
2020-01-13T00:00:00,12296.7,12389.05,12278.75,12352.35
2020-01-13T00:00:00,12296.7,12389.05,12278.75,12352.35
2020-01-20T00:00:00,12430.5,12430.5,12087.9,12248.25
2020-01-20T00:00:00,12430.5,12430.5,12087.9,12248.25
2020-01-20T00:00:00,12430.5,12430.5,12087.9,12248.25
2020-01-27T00:00:00,12197.1,12216.6,11945.85,11962.1
2020-01-27T00:00:00,11939,12017.35,11633.3,11661.85
2020-01-27T00:00:00,12197.1,12216.6,11945.85,11962.1
2020-02-03T00:00:00,11627.45,12160.6,11614.5,12098.35
2020-02-03T00:00:00,11627.45,12160.6,11614.5,12098.35
2020-02-03T00:00:00,11627.45,12160.6,11614.5,12098.35
2020-02-10T00:00:00,12102.35,12246.7,11990.75,12113.45
2020-02-10T00:00:00,12102.35,12246.7,11990.75,12113.45
2020-02-17T00:00:00,12131.8,12159.6,11908.05,12080.85
2020-02-17T00:00:00,12131.8,12159.6,11908.05,12080.85
2020-02-24T00:00:00,12012.55,12012.55,11175.05,11201.75
2020-02-24T00:00:00,12012.55,12012.55,11175.05,11201.75
2020-02-24T00:00:00,12012.55,12012.55,11175.05,11201.75
2020-03-02T00:00:00,11387.35,11433,10827.4,10989.45
2020-03-02T00:00:00,11387.35,11433,10827.4,10989.45
2020-03-09T00:00:00,10742.05,10742.05,8476.15,9955.2
2020-03-09T00:00:00,10742.05,10742.05,8476.15,9955.2
2020-03-09T00:00:00,10742.05,10742.05,8476.15,9955.2
2020-03-16T00:00:00,9587.8,9602.2,7832.55,8745.45
2020-03-16T00:00:00,9587.8,9602.2,7832.55,8745.45
2020-03-23T00:00:00,7945.7,9038.9,7511.1,8660.25
2020-03-23T00:00:00,7945.7,9038.9,7511.1,8660.25
2020-03-30T00:00:00,8385.95,8678.3,8244,8597.75
2020-03-30T00:00:00,8584.1,8584.1,8055.8,8083.8
2020-03-30T00:00:00,8385.95,8678.3,8244,8597.75
2020-03-30T00:00:00,8584.1,8584.1,8055.8,8083.8
2020-04-06T00:00:00,8446.3,9131.7,8360.95,9111.9
2020-04-06T00:00:00,8446.3,9131.7,8360.95,9111.9
2020-04-13T00:00:00,9103.95,9323.45,8821.9,9266.75
2020-04-13T00:00:00,9103.95,9323.45,8821.9,9266.75
2020-04-13T00:00:00,9103.95,9323.45,8821.9,9266.75
2020-04-20T00:00:00,9390.2,9390.2,8909.4,9154.4
2020-04-20T00:00:00,9390.2,9390.2,8909.4,9154.4
2020-04-27T00:00:00,9259.7,9889.05,9250.35,9859.9
2020-04-27T00:00:00,9259.7,9889.05,9250.35,9859.9
2020-05-04T00:00:00,9533.5,9533.5,9116.5,9251.5
2020-05-04T00:00:00,9533.5,9533.5,9116.5,9251.5
2020-05-04T00:00:00,9533.5,9533.5,9116.5,9251.5
2020-05-11T00:00:00,9348.15,9584.2,9043.95,9136.85
2020-05-11T00:00:00,9348.15,9584.2,9043.95,9136.85
2020-05-18T00:00:00,9158.3,9178.55,8806.75,9039.25
2020-05-18T00:00:00,9158.3,9178.55,8806.75,9039.25
2020-05-18T00:00:00,9158.3,9178.55,8806.75,9039.25
2020-05-25T00:00:00,9099.75,9598.85,8996.65,9580.3
2020-05-25T00:00:00,9099.75,9598.85,8996.65,9580.3
2020-06-01T00:00:00,9726.85,10177.8,9706.95,10142.15
2020-06-01T00:00:00,9726.85,10177.8,9706.95,10142.15
2020-06-08T00:00:00,10326.75,10328.5,9544.35,9972.9
2020-06-08T00:00:00,10326.75,10328.5,9544.35,9972.9
2020-06-08T00:00:00,10326.75,10328.5,9544.35,9972.9
2020-06-15T00:00:00,9919.35,10272.4,9726.35,10244.4
2020-06-15T00:00:00,9919.35,10272.4,9726.35,10244.4
2020-06-22T00:00:00,10318.75,10553.15,10194.5,10383
2020-06-22T00:00:00,10318.75,10553.15,10194.5,10383
2020-06-22T00:00:00,10318.75,10553.15,10194.5,10383
2020-06-29T00:00:00,10311.95,10401.05,10223.6,10302.1
2020-06-29T00:00:00,10323.8,10631.3,10299.6,10607.35
2020-06-29T00:00:00,10323.8,10631.3,10299.6,10607.35
2020-07-06T00:00:00,10723.85,10847.85,10676.55,10768.05
2020-07-06T00:00:00,10723.85,10847.85,10676.55,10768.05
2020-07-13T00:00:00,10851.85,10933.45,10562.9,10901.7
2020-07-13T00:00:00,10851.85,10933.45,10562.9,10901.7
2020-07-13T00:00:00,10851.85,10933.45,10562.9,10901.7
2020-07-20T00:00:00,10999.45,11239.8,10953,11194.15
2020-07-20T00:00:00,10999.45,11239.8,10953,11194.15
2020-07-27T00:00:00,11225,11341.4,11026.65,11073.45
2020-07-27T00:00:00,11225,11341.4,11026.65,11073.45
2020-08-03T00:00:00,11057.55,11256.8,10882.25,11214.05
2020-08-03T00:00:00,11057.55,11256.8,10882.25,11214.05
2020-08-10T00:00:00,11270.25,11373.6,11111.45,11178.4
2020-08-10T00:00:00,11270.25,11373.6,11111.45,11178.4
2020-08-17T00:00:00,11248.9,11460.35,11144.5,11371.6
2020-08-17T00:00:00,11248.9,11460.35,11144.5,11371.6
2020-08-17T00:00:00,11248.9,11460.35,11144.5,11371.6
2020-08-24T00:00:00,11412,11686.05,11410.65,11647.6
2020-08-24T00:00:00,11412,11686.05,11410.65,11647.6
2020-08-31T00:00:00,11464.3,11584.95,11303.65,11333.85
2020-08-31T00:00:00,11777.55,11794.25,11325.85,11387.5
2020-08-31T00:00:00,11464.3,11584.95,11303.65,11333.85
2020-08-31T00:00:00,11464.3,11584.95,11303.65,11333.85
2020-09-07T00:00:00,11359.6,11493.5,11185.15,11464.45
2020-09-07T00:00:00,11359.6,11493.5,11185.15,11464.45
2020-09-14T00:00:00,11540.15,11618.1,11383.55,11504.95
2020-09-14T00:00:00,11540.15,11618.1,11383.55,11504.95
2020-09-21T00:00:00,11503.8,11535.25,10790.2,11050.25
2020-09-21T00:00:00,11503.8,11535.25,10790.2,11050.25
2020-09-21T00:00:00,11503.8,11535.25,10790.2,11050.25
2020-09-28T00:00:00,11140.85,11305.4,11099.85,11247.55
2020-09-28T00:00:00,11364.45,11428.6,11347.05,11416.95
2020-09-28T00:00:00,11364.45,11428.6,11347.05,11416.95
2020-10-05T00:00:00,11487.8,11938.6,11452.3,11914.2
2020-10-05T00:00:00,11487.8,11938.6,11452.3,11914.2
2020-10-05T00:00:00,11487.8,11938.6,11452.3,11914.2
2020-10-12T00:00:00,11973.55,12025.45,11661.3,11762.45
2020-10-12T00:00:00,11973.55,12025.45,11661.3,11762.45
2020-10-19T00:00:00,11879.2,12018.65,11775.75,11930.35
2020-10-19T00:00:00,11879.2,12018.65,11775.75,11930.35
2020-10-26T00:00:00,11937.4,11942.85,11535.45,11642.4
2020-10-26T00:00:00,11937.4,11942.85,11535.45,11642.4
2020-10-26T00:00:00,11937.4,11942.85,11535.45,11642.4
2020-11-02T00:00:00,11697.35,12280.4,11557.4,12263.55
2020-11-02T00:00:00,11697.35,12280.4,11557.4,12263.55
2020-11-09T00:00:00,12399.4,12828.7,12367.35,12780.25
2020-11-09T00:00:00,12399.4,12828.7,12367.35,12780.25
2020-11-09T00:00:00,12399.4,12828.7,12367.35,12780.25
2020-11-16T00:00:00,12932.5,12963,12730.25,12859.05
2020-11-16T00:00:00,12932.5,12963,12730.25,12859.05
2020-11-23T00:00:00,12960.3,13145.85,12790.4,12968.95
2020-11-23T00:00:00,12960.3,13145.85,12790.4,12968.95
2020-11-30T00:00:00,13062.2,13280.05,12962.8,13258.55
2020-11-30T00:00:00,13062.2,13280.05,12962.8,13258.55
2020-12-07T00:00:00,13264.85,13579.35,13241.95,13513.85
2020-12-07T00:00:00,13264.85,13579.35,13241.95,13513.85
2020-12-14T00:00:00,13571.45,13773.25,13447.05,13760.55
2020-12-14T00:00:00,13571.45,13773.25,13447.05,13760.55
2020-12-14T00:00:00,13571.45,13773.25,13447.05,13760.55
2020-12-21T00:00:00,13741.9,13777.5,13131.45,13749.25
2020-12-21T00:00:00,13741.9,13777.5,13131.45,13749.25
2020-12-28T00:00:00,13815.15,14024.85,13811.55,13981.75
2020-12-28T00:00:00,13815.15,14024.85,13811.55,13981.75
2020-12-28T00:00:00,13996.1,14049.85,13991.35,14018.5
2021-01-04T00:00:00,14104.35,14367.3,13953.75,14347.25
2021-01-04T00:00:00,14104.35,14367.3,13953.75,14347.25
2021-01-04T00:00:00,14104.35,14367.3,13953.75,14347.25
2021-01-11T00:00:00,14474.05,14653.35,14357.85,14433.7
2021-01-11T00:00:00,14474.05,14653.35,14357.85,14433.7
2021-01-18T00:00:00,14453.3,14753.55,14222.8,14371.9
2021-01-18T00:00:00,14453.3,14753.55,14222.8,14371.9
2021-01-18T00:00:00,14453.3,14753.55,14222.8,14371.9
2021-01-25T00:00:00,14477.8,14491.1,13596.75,13634.6
2021-01-25T00:00:00,14477.8,14491.1,13596.75,13634.6
2021-02-01T00:00:00,13758.6,15014.65,13661.75,14924.25
2021-02-01T00:00:00,13758.6,15014.65,13661.75,14924.25
2021-02-08T00:00:00,15064.3,15257.1,14977.2,15163.3
2021-02-08T00:00:00,15064.3,15257.1,14977.2,15163.3
2021-02-08T00:00:00,15064.3,15257.1,14977.2,15163.3
2021-02-15T00:00:00,15270.3,15431.75,14898.2,14981.75
2021-02-15T00:00:00,15270.3,15431.75,14898.2,14981.75
2021-02-22T00:00:00,14999.05,15176.5,14467.75,14529.15
2021-02-22T00:00:00,14999.05,15176.5,14467.75,14529.15
2021-02-22T00:00:00,14999.05,15176.5,14467.75,14529.15
2021-03-01T00:00:00,14702.5,15273.15,14638.55,14938.1
2021-03-01T00:00:00,14702.5,15273.15,14638.55,14938.1
2021-03-08T00:00:00,15002.45,15336.3,14919.9,15030.95
2021-03-08T00:00:00,15002.45,15336.3,14919.9,15030.95
2021-03-15T00:00:00,15048.4,15051.6,14350.1,14744
2021-03-15T00:00:00,15048.4,15051.6,14350.1,14744
2021-03-15T00:00:00,15048.4,15051.6,14350.1,14744
2021-03-22T00:00:00,14736.3,14878.6,14264.4,14507.3
2021-03-22T00:00:00,14736.3,14878.6,14264.4,14507.3
2021-03-29T00:00:00,14628.5,14876.3,14617.6,14690.7
2021-03-29T00:00:00,14798.4,14883.2,14692.45,14867.35
2021-03-29T00:00:00,14628.5,14876.3,14617.6,14690.7
2021-03-29T00:00:00,14798.4,14883.2,14692.45,14867.35
2021-04-05T00:00:00,14837.7,14984.15,14459.5,14834.85
2021-04-05T00:00:00,14837.7,14984.15,14459.5,14834.85
2021-04-12T00:00:00,14644.65,14697.7,14248.7,14617.85
2021-04-12T00:00:00,14644.65,14697.7,14248.7,14617.85
2021-04-19T00:00:00,14306.6,14526.95,14151.4,14341.35
2021-04-19T00:00:00,14306.6,14526.95,14151.4,14341.35
2021-04-19T00:00:00,14306.6,14526.95,14151.4,14341.35
2021-04-26T00:00:00,14449.45,15044.35,14421.3,14631.1
2021-04-26T00:00:00,14449.45,15044.35,14421.3,14631.1
2021-05-03T00:00:00,14481.05,14863.05,14416.25,14823.15
2021-05-03T00:00:00,14481.05,14863.05,14416.25,14823.15
2021-05-03T00:00:00,14481.05,14863.05,14416.25,14823.15
2021-05-10T00:00:00,14928.25,14966.9,14591.9,14677.8
2021-05-10T00:00:00,14928.25,14966.9,14591.9,14677.8
2021-05-17T00:00:00,14756.25,15190,14725.35,15175.3
2021-05-17T00:00:00,14756.25,15190,14725.35,15175.3
2021-05-24T00:00:00,15211.35,15469.65,15145.45,15435.65
2021-05-24T00:00:00,15211.35,15469.65,15145.45,15435.65
2021-05-24T00:00:00,15211.35,15469.65,15145.45,15435.65
2021-05-31T00:00:00,15437.75,15606.35,15374,15582.8
2021-05-31T00:00:00,15629.65,15733.6,15459.85,15670.25
2021-05-31T00:00:00,15629.65,15733.6,15459.85,15670.25
2021-06-07T00:00:00,15725.1,15835.55,15566.9,15799.35
2021-06-07T00:00:00,15725.1,15835.55,15566.9,15799.35
2021-06-07T00:00:00,15725.1,15835.55,15566.9,15799.35
2021-06-14T00:00:00,15791.4,15901.6,15450.9,15683.35
2021-06-14T00:00:00,15791.4,15901.6,15450.9,15683.35
2021-06-21T00:00:00,15525.85,15895.75,15505.65,15860.35
2021-06-21T00:00:00,15525.85,15895.75,15505.65,15860.35
2021-06-28T00:00:00,15915.35,15915.65,15708.75,15721.5
2021-06-28T00:00:00,15755.05,15755.55,15635.95,15722.2
2021-06-28T00:00:00,15915.35,15915.65,15708.75,15721.5
2021-06-28T00:00:00,15755.05,15755.55,15635.95,15722.2
2021-07-05T00:00:00,15793.4,15914.2,15632.75,15689.8
2021-07-05T00:00:00,15793.4,15914.2,15632.75,15689.8
2021-07-12T00:00:00,15766.8,15962.25,15644.75,15923.4
2021-07-12T00:00:00,15766.8,15962.25,15644.75,15923.4
2021-07-12T00:00:00,15766.8,15962.25,15644.75,15923.4
2021-07-19T00:00:00,15754.5,15899.8,15578.55,15856.05
2021-07-19T00:00:00,15754.5,15899.8,15578.55,15856.05
2021-07-26T00:00:00,15849.3,15893.35,15513.45,15763.05
2021-07-26T00:00:00,15849.3,15893.35,15513.45,15763.05
2021-08-02T00:00:00,15874.9,16349.45,15834.65,16238.2
2021-08-02T00:00:00,15874.9,16349.45,15834.65,16238.2
2021-08-02T00:00:00,15874.9,16349.45,15834.65,16238.2
2021-08-09T00:00:00,16281.35,16543.6,16162.55,16529.1
2021-08-09T00:00:00,16281.35,16543.6,16162.55,16529.1
2021-08-16T00:00:00,16518.4,16701.85,16376.05,16450.5
2021-08-16T00:00:00,16518.4,16701.85,16376.05,16450.5
2021-08-16T00:00:00,16518.4,16701.85,16376.05,16450.5
2021-08-23T00:00:00,16592.25,16722.05,16395.7,16705.2
2021-08-23T00:00:00,16592.25,16722.05,16395.7,16705.2
2021-08-30T00:00:00,17185.6,17340.1,17055.05,17323.6
2021-08-30T00:00:00,16775.85,17153.5,16764.85,17132.2
2021-08-30T00:00:00,17185.6,17340.1,17055.05,17323.6
2021-09-06T00:00:00,17399.35,17436.5,17254.2,17369.25
2021-09-06T00:00:00,17399.35,17436.5,17254.2,17369.25
2021-09-06T00:00:00,17399.35,17436.5,17254.2,17369.25
2021-09-13T00:00:00,17363.55,17792.95,17269.15,17585.15
2021-09-13T00:00:00,17363.55,17792.95,17269.15,17585.15
2021-09-20T00:00:00,17443.85,17947.65,17326.1,17853.2
2021-09-20T00:00:00,17443.85,17947.65,17326.1,17853.2
2021-09-20T00:00:00,17443.85,17947.65,17326.1,17853.2
2021-09-27T00:00:00,17531.9,17557.15,17452.9,17532.05
2021-09-27T00:00:00,17932.2,17943.5,17576.1,17618.15
2021-09-27T00:00:00,17531.9,17557.15,17452.9,17532.05
2021-10-04T00:00:00,17615.55,17941.85,17581.35,17895.2
2021-10-04T00:00:00,17615.55,17941.85,17581.35,17895.2
2021-10-11T00:00:00,17867.55,18350.75,17839.1,18338.55
2021-10-11T00:00:00,17867.55,18350.75,17839.1,18338.55
2021-10-11T00:00:00,17867.55,18350.75,17839.1,18338.55
2021-10-18T00:00:00,18500.1,18604.45,18034.35,18114.9
2021-10-18T00:00:00,18500.1,18604.45,18034.35,18114.9
2021-10-25T00:00:00,18229.5,18342.05,17613.1,17671.65
2021-10-25T00:00:00,18229.5,18342.05,17613.1,17671.65
2021-10-25T00:00:00,18229.5,18342.05,17613.1,17671.65
2021-11-01T00:00:00,17783.15,18012.25,17697.1,17916.8
2021-11-01T00:00:00,17783.15,18012.25,17697.1,17916.8
2021-11-08T00:00:00,18040.2,18123,17798.2,18102.75
2021-11-08T00:00:00,18040.2,18123,17798.2,18102.75
2021-11-15T00:00:00,18140.95,18210.15,17688.5,17764.8
2021-11-15T00:00:00,18140.95,18210.15,17688.5,17764.8
2021-11-15T00:00:00,18140.95,18210.15,17688.5,17764.8
2021-11-22T00:00:00,17796.25,17805.25,16985.7,17026.45
2021-11-22T00:00:00,17796.25,17805.25,16985.7,17026.45
2021-11-29T00:00:00,17055.8,17324.65,16782.4,16983.2
2021-11-29T00:00:00,17055.8,17324.65,16782.4,16983.2
2021-11-29T00:00:00,17104.4,17489.8,17064.25,17196.7
2021-11-29T00:00:00,17104.4,17489.8,17064.25,17196.7
2021-12-06T00:00:00,17209.05,17543.25,16891.7,17511.3
2021-12-06T00:00:00,17209.05,17543.25,16891.7,17511.3
2021-12-13T00:00:00,17619.1,17639.5,16966.45,16985.2
2021-12-13T00:00:00,17619.1,17639.5,16966.45,16985.2
2021-12-20T00:00:00,16824.25,17155.6,16410.2,17003.75
2021-12-20T00:00:00,16824.25,17155.6,16410.2,17003.75
2021-12-20T00:00:00,16824.25,17155.6,16410.2,17003.75
2021-12-27T00:00:00,16937.75,17400.8,16833.2,17354.05
2021-12-27T00:00:00,16937.75,17400.8,16833.2,17354.05
2022-01-03T00:00:00,17387.15,17944.7,17383.3,17812.7
2022-01-03T00:00:00,17387.15,17944.7,17383.3,17812.7
2022-01-03T00:00:00,17387.15,17944.7,17383.3,17812.7
2022-01-10T00:00:00,17913.3,18286.95,17879.15,18255.75
2022-01-10T00:00:00,17913.3,18286.95,17879.15,18255.75
2022-01-17T00:00:00,18235.65,18350.95,17485.85,17617.15
2022-01-17T00:00:00,18235.65,18350.95,17485.85,17617.15
2022-01-24T00:00:00,17575.15,17599.4,16836.8,17101.95
2022-01-24T00:00:00,17575.15,17599.4,16836.8,17101.95
2022-01-24T00:00:00,17575.15,17599.4,16836.8,17101.95
2022-01-31T00:00:00,17301.05,17410,17264.15,17339.85
2022-01-31T00:00:00,17529.45,17794.6,17244.55,17516.3
2022-01-31T00:00:00,17529.45,17794.6,17244.55,17516.3
2022-02-07T00:00:00,17456.3,17639.45,17043.65,17374.75
2022-02-07T00:00:00,17456.3,17639.45,17043.65,17374.75
2022-02-07T00:00:00,17456.3,17639.45,17043.65,17374.75
2022-02-14T00:00:00,17076.15,17490.6,16809.65,17276.3
2022-02-14T00:00:00,17076.15,17490.6,16809.65,17276.3
2022-02-21T00:00:00,17192.25,17351.05,16203.25,16658.4
2022-02-21T00:00:00,17192.25,17351.05,16203.25,16658.4
2022-02-28T00:00:00,16481.6,16815.9,16356.3,16793.9
2022-02-28T00:00:00,16481.6,16815.9,16356.3,16793.9
2022-02-28T00:00:00,16593.1,16768.95,16133.8,16245.35
2022-02-28T00:00:00,16593.1,16768.95,16133.8,16245.35
2022-03-07T00:00:00,15867.95,16757.3,15671.45,16630.45
2022-03-07T00:00:00,15867.95,16757.3,15671.45,16630.45
2022-03-14T00:00:00,16633.7,17344.6,16555,17287.05
2022-03-14T00:00:00,16633.7,17344.6,16555,17287.05
2022-03-14T00:00:00,16633.7,17344.6,16555,17287.05
2022-03-21T00:00:00,17329.5,17442.4,17006.3,17153
2022-03-21T00:00:00,17329.5,17442.4,17006.3,17153
2022-03-28T00:00:00,17181.85,17559.8,17003.9,17464.75
2022-03-28T00:00:00,17436.9,17703.7,17422.7,17670.45
2022-03-28T00:00:00,17181.85,17559.8,17003.9,17464.75
2022-04-04T00:00:00,17809.1,18114.65,17600.55,17784.35
2022-04-04T00:00:00,17809.1,18114.65,17600.55,17784.35
2022-04-04T00:00:00,17809.1,18114.65,17600.55,17784.35
2022-04-11T00:00:00,17740.9,17779.05,17442.35,17475.65
2022-04-11T00:00:00,17740.9,17779.05,17442.35,17475.65
2022-04-18T00:00:00,17183.45,17414.7,16824.7,17171.95
2022-04-18T00:00:00,17183.45,17414.7,16824.7,17171.95
2022-04-18T00:00:00,17183.45,17414.7,16824.7,17171.95
2022-04-25T00:00:00,17009.05,17377.65,16888.7,17102.55
2022-04-25T00:00:00,17009.05,17377.65,16888.7,17102.55
2022-05-02T00:00:00,16924.45,17132.85,16340.9,16411.25
2022-05-02T00:00:00,16924.45,17132.85,16340.9,16411.25
2022-05-09T00:00:00,16227.7,16404.55,15735.75,15782.15
2022-05-09T00:00:00,16227.7,16404.55,15735.75,15782.15
2022-05-09T00:00:00,16227.7,16404.55,15735.75,15782.15
2022-05-16T00:00:00,15845.1,16399.8,15739.65,16266.15
2022-05-16T00:00:00,15845.1,16399.8,15739.65,16266.15
2022-05-23T00:00:00,16290.95,16414.7,15903.7,16352.45
2022-05-23T00:00:00,16290.95,16414.7,15903.7,16352.45
2022-05-23T00:00:00,16290.95,16414.7,15903.7,16352.45
2022-05-30T00:00:00,16527.9,16695.5,16506.15,16584.55
2022-05-30T00:00:00,16594.4,16793.85,16438.85,16584.3
2022-05-30T00:00:00,16594.4,16793.85,16438.85,16584.3
2022-06-06T00:00:00,16530.7,16610.95,16172.6,16201.8
2022-06-06T00:00:00,16530.7,16610.95,16172.6,16201.8
2022-06-13T00:00:00,15877.55,15886.15,15183.4,15293.5
2022-06-13T00:00:00,15877.55,15886.15,15183.4,15293.5
2022-06-13T00:00:00,15877.55,15886.15,15183.4,15293.5
2022-06-20T00:00:00,15334.5,15749.25,15191.1,15699.25
2022-06-20T00:00:00,15334.5,15749.25,15191.1,15699.25
2022-06-27T00:00:00,15926.2,15927.45,15687.8,15780.25
2022-06-27T00:00:00,15926.2,15927.45,15687.8,15780.25
2022-06-27T00:00:00,15703.7,15793.95,15511.05,15752.05
2022-06-27T00:00:00,15703.7,15793.95,15511.05,15752.05
2022-07-04T00:00:00,15710.5,16275.5,15661.8,16220.6
2022-07-04T00:00:00,15710.5,16275.5,15661.8,16220.6
2022-07-11T00:00:00,16136.15,16248.55,15858.2,16049.2
2022-07-11T00:00:00,16136.15,16248.55,15858.2,16049.2
2022-07-18T00:00:00,16151.4,16752.25,16142.2,16719.45
2022-07-18T00:00:00,16151.4,16752.25,16142.2,16719.45
2022-07-18T00:00:00,16151.4,16752.25,16142.2,16719.45
2022-07-25T00:00:00,16662.55,17172.8,16438.75,17158.25
2022-07-25T00:00:00,16662.55,17172.8,16438.75,17158.25
2022-08-01T00:00:00,17243.2,17490.7,17154.8,17397.5
2022-08-01T00:00:00,17243.2,17490.7,17154.8,17397.5
2022-08-01T00:00:00,17243.2,17490.7,17154.8,17397.5
2022-08-08T00:00:00,17401.5,17724.65,17359.75,17698.15
2022-08-08T00:00:00,17401.5,17724.65,17359.75,17698.15
2022-08-15T00:00:00,17797.2,17992.2,17710.75,17758.45
2022-08-15T00:00:00,17797.2,17992.2,17710.75,17758.45
2022-08-22T00:00:00,17682.9,17726.5,17345.2,17558.9
2022-08-22T00:00:00,17682.9,17726.5,17345.2,17558.9
2022-08-22T00:00:00,17682.9,17726.5,17345.2,17558.9
2022-08-29T00:00:00,17485.7,17695.6,17468.45,17539.45
2022-08-29T00:00:00,17188.65,17777.65,17166.2,17759.3
2022-08-29T00:00:00,17485.7,17695.6,17468.45,17539.45
2022-09-05T00:00:00,17546.45,17925.95,17484.3,17833.35
2022-09-05T00:00:00,17546.45,17925.95,17484.3,17833.35
2022-09-05T00:00:00,17546.45,17925.95,17484.3,17833.35
2022-09-12T00:00:00,17890.85,18096.15,17497.25,17530.85
2022-09-12T00:00:00,17890.85,18096.15,17497.25,17530.85
2022-09-19T00:00:00,17540.65,17919.3,17291.65,17327.35
2022-09-19T00:00:00,17540.65,17919.3,17291.65,17327.35
2022-09-26T00:00:00,17156.3,17196.4,16747.7,17094.35
2022-09-26T00:00:00,17156.3,17196.4,16747.7,17094.35
2022-10-03T00:00:00,17102.1,17428.8,16855.55,17314.65
2022-10-03T00:00:00,17102.1,17428.8,16855.55,17314.65
2022-10-10T00:00:00,17094.35,17348.55,16950.3,17185.7
2022-10-10T00:00:00,17094.35,17348.55,16950.3,17185.7
2022-10-10T00:00:00,17094.35,17348.55,16950.3,17185.7
2022-10-17T00:00:00,17144.8,17670.15,17098.55,17576.3
2022-10-17T00:00:00,17144.8,17670.15,17098.55,17576.3
2022-10-24T00:00:00,17736.35,17838.9,17637,17786.8
2022-10-24T00:00:00,17736.35,17838.9,17637,17786.8
2022-10-31T00:00:00,17910.2,18022.8,17899.9,18012.2
2022-10-31T00:00:00,18130.7,18178.75,17959.2,18117.15
2022-10-31T00:00:00,17910.2,18022.8,17899.9,18012.2
2022-10-31T00:00:00,18130.7,18178.75,17959.2,18117.15
2022-11-07T00:00:00,18211.75,18362.3,17969.4,18349.7
2022-11-07T00:00:00,18211.75,18362.3,17969.4,18349.7
2022-11-14T00:00:00,18376.4,18442.15,18209.8,18307.65
2022-11-14T00:00:00,18376.4,18442.15,18209.8,18307.65
2022-11-14T00:00:00,18376.4,18442.15,18209.8,18307.65
2022-11-21T00:00:00,18246.4,18534.9,18133.35,18512.75
2022-11-21T00:00:00,18246.4,18534.9,18133.35,18512.75
2022-11-28T00:00:00,18430.55,18816.05,18365.6,18758.35
2022-11-28T00:00:00,18430.55,18816.05,18365.6,18758.35
2022-11-28T00:00:00,18871.95,18887.6,18639.2,18696.1
2022-12-05T00:00:00,18719.55,18728.6,18410.1,18496.6
2022-12-05T00:00:00,18719.55,18728.6,18410.1,18496.6
2022-12-05T00:00:00,18719.55,18728.6,18410.1,18496.6
2022-12-12T00:00:00,18402.15,18696.1,18255.15,18269
2022-12-12T00:00:00,18402.15,18696.1,18255.15,18269
2022-12-19T00:00:00,18288.1,18473.35,17779.5,17806.8
2022-12-19T00:00:00,18288.1,18473.35,17779.5,17806.8
2022-12-19T00:00:00,18288.1,18473.35,17779.5,17806.8
2022-12-26T00:00:00,17830.4,18265.25,17774.25,18105.3
2022-12-26T00:00:00,17830.4,18265.25,17774.25,18105.3
2023-01-02T00:00:00,18131.7,18251.95,17795.55,17859.45
2023-01-02T00:00:00,18131.7,18251.95,17795.55,17859.45
2023-01-09T00:00:00,17952.55,18141.4,17761.65,17956.6
2023-01-09T00:00:00,17952.55,18141.4,17761.65,17956.6
2023-01-09T00:00:00,17952.55,18141.4,17761.65,17956.6
2023-01-16T00:00:00,18033.15,18183.75,17853.65,18027.65
2023-01-16T00:00:00,18033.15,18183.75,17853.65,18027.65
2023-01-23T00:00:00,18118.45,18201.25,17493.55,17604.35
2023-01-23T00:00:00,18118.45,18201.25,17493.55,17604.35
2023-01-23T00:00:00,18118.45,18201.25,17493.55,17604.35
2023-01-30T00:00:00,17541.95,17735.7,17405.55,17662.15
2023-01-30T00:00:00,17811.6,17972.2,17353.4,17854.05
2023-01-30T00:00:00,17811.6,17972.2,17353.4,17854.05
2023-02-06T00:00:00,17818.55,17916.9,17652.55,17856.5
2023-02-06T00:00:00,17818.55,17916.9,17652.55,17856.5
2023-02-13T00:00:00,17859.1,18134.75,17719.75,17944.2
2023-02-13T00:00:00,17859.1,18134.75,17719.75,17944.2
2023-02-13T00:00:00,17859.1,18134.75,17719.75,17944.2
2023-02-20T00:00:00,17965.55,18004.35,17421.8,17465.8
2023-02-20T00:00:00,17965.55,18004.35,17421.8,17465.8
2023-02-27T00:00:00,17428.6,17451.6,17255.2,17303.95
2023-02-27T00:00:00,17428.6,17451.6,17255.2,17303.95
2023-02-27T00:00:00,17360.1,17644.75,17306,17594.35
2023-02-27T00:00:00,17360.1,17644.75,17306,17594.35
2023-03-06T00:00:00,17680.35,17799.95,17324.35,17412.9
2023-03-06T00:00:00,17680.35,17799.95,17324.35,17412.9
2023-03-13T00:00:00,17421.9,17529.9,16850.15,17100.05
2023-03-13T00:00:00,17421.9,17529.9,16850.15,17100.05
2023-03-20T00:00:00,17066.6,17207.25,16828.35,16945.05
2023-03-20T00:00:00,17066.6,17207.25,16828.35,16945.05
2023-03-20T00:00:00,17066.6,17207.25,16828.35,16945.05
2023-03-27T00:00:00,16984.3,17381.6,16913.75,17359.75
2023-03-27T00:00:00,16984.3,17381.6,16913.75,17359.75
2023-04-03T00:00:00,17427.95,17638.7,17312.75,17599.15
2023-04-03T00:00:00,17427.95,17638.7,17312.75,17599.15
2023-04-03T00:00:00,17427.95,17638.7,17312.75,17599.15
2023-04-10T00:00:00,17634.9,17842.15,17597.95,17828
2023-04-10T00:00:00,17634.9,17842.15,17597.95,17828
2023-04-17T00:00:00,17863,17863,17553.95,17624.05
2023-04-17T00:00:00,17863,17863,17553.95,17624.05
2023-04-24T00:00:00,17707.55,18089.15,17612.5,18065
2023-04-24T00:00:00,17707.55,18089.15,17612.5,18065
2023-04-24T00:00:00,17707.55,18089.15,17612.5,18065
2023-05-01T00:00:00,18124.8,18267.45,18042.4,18069
2023-05-01T00:00:00,18124.8,18267.45,18042.4,18069
2023-05-08T00:00:00,18120.6,18389.7,18100.3,18314.8
2023-05-08T00:00:00,18120.6,18389.7,18100.3,18314.8
2023-05-08T00:00:00,18120.6,18389.7,18100.3,18314.8
2023-05-15T00:00:00,18339.3,18458.9,18060.4,18203.4
2023-05-15T00:00:00,18339.3,18458.9,18060.4,18203.4
2023-05-22T00:00:00,18201.1,18508.55,18178.85,18499.35
2023-05-22T00:00:00,18201.1,18508.55,18178.85,18499.35
2023-05-29T00:00:00,18619.15,18662.45,18483.85,18534.4
2023-05-29T00:00:00,18579.4,18580.3,18464.55,18534.1
2023-05-29T00:00:00,18619.15,18662.45,18483.85,18534.4
2023-05-29T00:00:00,18579.4,18580.3,18464.55,18534.1
2023-06-05T00:00:00,18612,18777.9,18531.6,18563.4
2023-06-05T00:00:00,18612,18777.9,18531.6,18563.4
2023-06-12T00:00:00,18595.05,18864.7,18559.75,18826
2023-06-12T00:00:00,18595.05,18864.7,18559.75,18826
2023-06-12T00:00:00,18595.05,18864.7,18559.75,18826
2023-06-19T00:00:00,18873.3,18886.6,18647.1,18665.5
2023-06-19T00:00:00,18873.3,18886.6,18647.1,18665.5
2023-06-26T00:00:00,18682.35,19201.7,18646.7,19189.05
2023-06-26T00:00:00,18682.35,19201.7,18646.7,19189.05
2023-07-03T00:00:00,19246.5,19523.6,19234.4,19331.8
2023-07-03T00:00:00,19246.5,19523.6,19234.4,19331.8
2023-07-03T00:00:00,19246.5,19523.6,19234.4,19331.8
2023-07-10T00:00:00,19400.35,19595.35,19327.1,19564.5
2023-07-10T00:00:00,19400.35,19595.35,19327.1,19564.5
2023-07-17T00:00:00,19612.15,19991.85,19562.95,19745
2023-07-17T00:00:00,19612.15,19991.85,19562.95,19745
2023-07-17T00:00:00,19612.15,19991.85,19562.95,19745
2023-07-24T00:00:00,19748.45,19867.55,19563.1,19646.05
2023-07-24T00:00:00,19748.45,19867.55,19563.1,19646.05
2023-07-31T00:00:00,19666.35,19772.75,19597.6,19753.8
2023-07-31T00:00:00,19784,19795.6,19296.45,19517
2023-07-31T00:00:00,19784,19795.6,19296.45,19517
2023-08-07T00:00:00,19576.85,19645.5,19412.75,19428.3
2023-08-07T00:00:00,19576.85,19645.5,19412.75,19428.3
2023-08-07T00:00:00,19576.85,19645.5,19412.75,19428.3
2023-08-14T00:00:00,19383.95,19482.75,19253.6,19310.15
2023-08-14T00:00:00,19383.95,19482.75,19253.6,19310.15
2023-08-21T00:00:00,19320.65,19584.45,19229.7,19265.8
2023-08-21T00:00:00,19320.65,19584.45,19229.7,19265.8
2023-08-21T00:00:00,19320.65,19584.45,19229.7,19265.8
2023-08-28T00:00:00,19258.15,19458.55,19255.7,19435.3
2023-08-28T00:00:00,19298.35,19452.8,19223.65,19253.8
2023-08-28T00:00:00,19258.15,19458.55,19255.7,19435.3
2023-09-04T00:00:00,19525.05,19867.15,19432.85,19819.95
2023-09-04T00:00:00,19525.05,19867.15,19432.85,19819.95
2023-09-11T00:00:00,19890,20222.45,19865.35,20192.35
2023-09-11T00:00:00,19890,20222.45,19865.35,20192.35
2023-09-11T00:00:00,19890,20222.45,19865.35,20192.35
2023-09-18T00:00:00,20155.95,20195.35,19657.5,19674.25
2023-09-18T00:00:00,20155.95,20195.35,19657.5,19674.25
2023-09-25T00:00:00,19678.2,19766.65,19492.1,19638.3
2023-09-25T00:00:00,19678.2,19766.65,19492.1,19638.3
2023-10-02T00:00:00,19622.4,19675.75,19333.6,19653.5
2023-10-02T00:00:00,19622.4,19675.75,19333.6,19653.5
2023-10-09T00:00:00,19539.45,19843.3,19480.5,19751.05
2023-10-09T00:00:00,19539.45,19843.3,19480.5,19751.05
2023-10-16T00:00:00,19737.25,19849.75,19512.35,19542.65
2023-10-16T00:00:00,19737.25,19849.75,19512.35,19542.65
2023-10-16T00:00:00,19737.25,19849.75,19512.35,19542.65
2023-10-23T00:00:00,19521.6,19556.85,18837.85,19047.25
2023-10-23T00:00:00,19521.6,19556.85,18837.85,19047.25
2023-10-30T00:00:00,19053.4,19233.7,18940,19079.6
2023-10-30T00:00:00,19064.05,19276.25,18973.7,19230.6
2023-10-30T00:00:00,19053.4,19233.7,18940,19079.6
2023-10-30T00:00:00,19064.05,19276.25,18973.7,19230.6
2023-11-06T00:00:00,19345.85,19547.25,19309.7,19525.55
2023-11-06T00:00:00,19345.85,19547.25,19309.7,19525.55
2023-11-13T00:00:00,19486.75,19875.25,19414.75,19731.8
2023-11-13T00:00:00,19486.75,19875.25,19414.75,19731.8
2023-11-20T00:00:00,19731.15,19875.15,19670.5,19794.7
2023-11-20T00:00:00,19731.15,19875.15,19670.5,19794.7
2023-11-20T00:00:00,19731.15,19875.15,19670.5,19794.7
2023-11-27T00:00:00,19844.65,20158.7,19800,20133.15
2023-11-27T00:00:00,20194.1,20291.55,20183.7,20267.9
2023-11-27T00:00:00,19844.65,20158.7,19800,20133.15
2023-12-04T00:00:00,20601.95,21006.1,20507.75,20969.4
2023-12-04T00:00:00,20601.95,21006.1,20507.75,20969.4
2023-12-04T00:00:00,20601.95,21006.1,20507.75,20969.4
2023-12-11T00:00:00,20965.3,21492.3,20769.5,21456.65
2023-12-11T00:00:00,20965.3,21492.3,20769.5,21456.65
2023-12-18T00:00:00,21434.8,21593,20976.8,21349.4
2023-12-18T00:00:00,21434.8,21593,20976.8,21349.4
2023-12-25T00:00:00,21365.2,21801.45,21329.45,21731.4
2023-12-25T00:00:00,21365.2,21801.45,21329.45,21731.4
2023-12-25T00:00:00,21365.2,21801.45,21329.45,21731.4
2024-01-01T00:00:00,21727.75,21834.35,21500.35,21710.8
2024-01-01T00:00:00,21727.75,21834.35,21500.35,21710.8
2024-01-08T00:00:00,21747.6,21928.25,21448.65,21894.55
2024-01-08T00:00:00,21747.6,21928.25,21448.65,21894.55
2024-01-08T00:00:00,21747.6,21928.25,21448.65,21894.55
2024-01-15T00:00:00,22053.15,22124.15,21285.55,21571.8
2024-01-15T00:00:00,22053.15,22124.15,21285.55,21571.8
2024-01-22T00:00:00,21716.7,21749.25,21137.2,21352.6
2024-01-22T00:00:00,21716.7,21749.25,21137.2,21352.6
2024-01-29T00:00:00,21433.1,21813.05,21429.6,21725.7
2024-01-29T00:00:00,21433.1,21813.05,21429.6,21725.7
2024-01-29T00:00:00,21780.65,22126.8,21658.75,21853.8
2024-01-29T00:00:00,21780.65,22126.8,21658.75,21853.8
2024-02-05T00:00:00,21921.05,22053.3,21629.9,21782.5
2024-02-05T00:00:00,21921.05,22053.3,21629.9,21782.5
2024-02-12T00:00:00,21800.8,22068.65,21530.2,22040.7
2024-02-12T00:00:00,21800.8,22068.65,21530.2,22040.7
2024-02-12T00:00:00,21800.8,22068.65,21530.2,22040.7
2024-02-19T00:00:00,22103.45,22297.5,21875.25,22212.7
2024-02-19T00:00:00,22103.45,22297.5,21875.25,22212.7
2024-02-26T00:00:00,22169.2,22229.15,21860.65,21982.8
2024-02-26T00:00:00,22169.2,22229.15,21860.65,21982.8
2024-02-26T00:00:00,22048.3,22420.25,22047.75,22378.4
2024-03-04T00:00:00,22403.5,22525.65,22224.35,22493.55
2024-03-04T00:00:00,22403.5,22525.65,22224.35,22493.55
2024-03-04T00:00:00,22403.5,22525.65,22224.35,22493.55
2024-03-11T00:00:00,22517.5,22526.6,21905.65,22023.35
2024-03-11T00:00:00,22517.5,22526.6,21905.65,22023.35
2024-03-18T00:00:00,21990.1,22180.7,21710.2,22096.75
2024-03-18T00:00:00,21990.1,22180.7,21710.2,22096.75
2024-03-18T00:00:00,21990.1,22180.7,21710.2,22096.75
2024-03-25T00:00:00,21947.9,22516,21947.55,22326.9
2024-03-25T00:00:00,21947.9,22516,21947.55,22326.9
2024-04-01T00:00:00,22455,22619,22303.8,22513.7
2024-04-01T00:00:00,22455,22619,22303.8,22513.7
2024-04-08T00:00:00,22578.35,22775.7,22503.75,22519.4
2024-04-08T00:00:00,22578.35,22775.7,22503.75,22519.4
2024-04-08T00:00:00,22578.35,22775.7,22503.75,22519.4
2024-04-15T00:00:00,22339.05,22427.45,21777.65,22147
2024-04-15T00:00:00,22339.05,22427.45,21777.65,22147
2024-04-22T00:00:00,22336.9,22625.95,22198.15,22419.95
2024-04-22T00:00:00,22336.9,22625.95,22198.15,22419.95
2024-04-22T00:00:00,22336.9,22625.95,22198.15,22419.95
2024-04-29T00:00:00,22475.55,22783.35,22441.9,22604.85
2024-04-29T00:00:00,22567.85,22794.7,22348.05,22475.85
2024-04-29T00:00:00,22567.85,22794.7,22348.05,22475.85
2024-05-06T00:00:00,22561.6,22588.8,21932.4,22055.2
2024-05-06T00:00:00,22561.6,22588.8,21932.4,22055.2
2024-05-13T00:00:00,22027.95,22520.25,21821.05,22502
2024-05-13T00:00:00,22027.95,22520.25,21821.05,22502
2024-05-13T00:00:00,22027.95,22520.25,21821.05,22502
2024-05-20T00:00:00,22404.55,23026.4,22404.55,22957.1
2024-05-20T00:00:00,22404.55,23026.4,22404.55,22957.1
2024-05-27T00:00:00,23038.95,23110.8,22417,22530.7
2024-05-27T00:00:00,23038.95,23110.8,22417,22530.7
2024-06-03T00:00:00,23337.9,23338.7,21281.45,23290.15
2024-06-03T00:00:00,23337.9,23338.7,21281.45,23290.15
2024-06-10T00:00:00,23319.15,23490.4,23206.65,23465.6
2024-06-10T00:00:00,23319.15,23490.4,23206.65,23465.6
2024-06-17T00:00:00,23570.8,23667.1,23398.2,23501.1
2024-06-17T00:00:00,23570.8,23667.1,23398.2,23501.1
2024-06-17T00:00:00,23570.8,23667.1,23398.2,23501.1
2024-06-24T00:00:00,23382.3,24174,23350,24010.6
2024-06-24T00:00:00,23382.3,24174,23350,24010.6
2024-07-01T00:00:00,23992.95,24401,23992.7,24323.85
2024-07-01T00:00:00,23992.95,24401,23992.7,24323.85
2024-07-01T00:00:00,23992.95,24401,23992.7,24323.85
2024-07-08T00:00:00,24329.45,24592.2,24141.8,24502.15
2024-07-08T00:00:00,24329.45,24592.2,24141.8,24502.15
2024-07-15T00:00:00,24587.6,24854.8,24504.45,24530.9
2024-07-15T00:00:00,24587.6,24854.8,24504.45,24530.9
2024-07-22T00:00:00,24445.75,24861.15,24074.2,24834.85
2024-07-22T00:00:00,24445.75,24861.15,24074.2,24834.85
2024-07-22T00:00:00,24445.75,24861.15,24074.2,24834.85
2024-07-29T00:00:00,24943.3,24999.75,24774.6,24951.15
2024-07-29T00:00:00,25030.95,25078.3,24686.85,24717.7
2024-07-29T00:00:00,25030.95,25078.3,24686.85,24717.7
2024-08-05T00:00:00,24302.85,24419.75,23893.7,24367.5
2024-08-05T00:00:00,24302.85,24419.75,23893.7,24367.5
2024-08-05T00:00:00,24302.85,24419.75,23893.7,24367.5
2024-08-12T00:00:00,24320.05,24563.9,24099.7,24541.15
2024-08-12T00:00:00,24320.05,24563.9,24099.7,24541.15
2024-08-19T00:00:00,24636.35,24867.35,24522.95,24823.15
2024-08-19T00:00:00,24636.35,24867.35,24522.95,24823.15
2024-08-26T00:00:00,24906.1,25268.35,24874.7,25235.9
2024-08-26T00:00:00,24906.1,25268.35,24874.7,25235.9
2024-08-26T00:00:00,24906.1,25268.35,24874.7,25235.9
2024-09-02T00:00:00,25333.6,25333.65,24801.3,24852.15
2024-09-02T00:00:00,25333.6,25333.65,24801.3,24852.15
2024-09-09T00:00:00,24823.4,25433.35,24753.15,25356.5
2024-09-09T00:00:00,24823.4,25433.35,24753.15,25356.5
2024-09-09T00:00:00,24823.4,25433.35,24753.15,25356.5
2024-09-16T00:00:00,25406.65,25849.25,25285.55,25790.95
2024-09-16T00:00:00,25406.65,25849.25,25285.55,25790.95
2024-09-23T00:00:00,25872.55,26277.35,25847.35,26178.95
2024-09-23T00:00:00,25872.55,26277.35,25847.35,26178.95
2024-09-30T00:00:00,26061.3,26134.7,25794.1,25810.85
2024-09-30T00:00:00,26061.3,26134.7,25794.1,25810.85
2024-09-30T00:00:00,25788.45,25907.6,24966.8,25014.6
2024-09-30T00:00:00,25788.45,25907.6,24966.8,25014.6
2024-10-07T00:00:00,25084.1,25234.05,24694.35,24964.25
2024-10-07T00:00:00,25084.1,25234.05,24694.35,24964.25
2024-10-14T00:00:00,25023.45,25212.05,24567.65,24854.05
2024-10-14T00:00:00,25023.45,25212.05,24567.65,24854.05
2024-10-14T00:00:00,25023.45,25212.05,24567.65,24854.05
2024-10-21T00:00:00,24956.15,24978.3,24073.9,24180.8
2024-10-21T00:00:00,24956.15,24978.3,24073.9,24180.8
2024-10-28T00:00:00,24251.1,24498.2,24134.9,24205.35
2024-10-28T00:00:00,24302.75,24368.25,24280.2,24304.35
2024-10-28T00:00:00,24251.1,24498.2,24134.9,24205.35
2024-11-04T00:00:00,24315.75,24537.6,23816.15,24148.2
2024-11-04T00:00:00,24315.75,24537.6,23816.15,24148.2
2024-11-04T00:00:00,24315.75,24537.6,23816.15,24148.2
2024-11-11T00:00:00,24087.25,24336.8,23484.15,23532.7
2024-11-11T00:00:00,24087.25,24336.8,23484.15,23532.7
2024-11-18T00:00:00,23605.3,23956.1,23263.15,23907.25
2024-11-18T00:00:00,23605.3,23956.1,23263.15,23907.25
2024-11-18T00:00:00,23605.3,23956.1,23263.15,23907.25
2024-11-25T00:00:00,24253.55,24354.55,23873.35,24131.1
2024-11-25T00:00:00,24253.55,24354.55,23873.35,24131.1
2024-12-02T00:00:00,24140.85,24857.75,24008.65,24677.8
2024-12-02T00:00:00,24140.85,24857.75,24008.65,24677.8
2024-12-09T00:00:00,24633.9,24792.3,24180.8,24768.3
2024-12-09T00:00:00,24633.9,24792.3,24180.8,24768.3
2024-12-09T00:00:00,24633.9,24792.3,24180.8,24768.3
2024-12-16T00:00:00,24753.4,24781.25,23537.35,23587.5
2024-12-16T00:00:00,24753.4,24781.25,23537.35,23587.5
2024-12-23T00:00:00,23738.2,23938.85,23647.2,23813.4
2024-12-23T00:00:00,23738.2,23938.85,23647.2,23813.4
2024-12-23T00:00:00,23738.2,23938.85,23647.2,23813.4
2024-12-30T00:00:00,23796.9,23915.35,23460.45,23644.8
2024-12-30T00:00:00,23649.1,24540.45,23461.7,24004.75
2024-12-30T00:00:00,23649.1,24540.45,23461.7,24004.75
2025-01-06T00:00:00,23835.65,24242.9,23344.75,23431.5
2025-01-06T00:00:00,23835.65,24242.9,23344.75,23431.5
2025-01-13T00:00:00,23678.95,23678.95,22493.95,23203.2
2025-01-13T00:00:00,23678.95,23678.95,22493.95,23203.2
2025-01-13T00:00:00,23678.95,23678.95,22493.95,23203.2
2025-01-20T00:00:00,23229.6,23511.2,22766.05,23092.2
2025-01-20T00:00:00,23229.6,23511.2,22766.05,23092.2
2025-01-27T00:00:00,22747.05,23546.4,22389.4,23508.4
2025-01-27T00:00:00,23521.7,23799.6,23323.1,23482.15
2025-01-27T00:00:00,22747.05,23546.4,22389.4,23508.4
2025-01-27T00:00:00,23521.7,23799.6,23323.1,23482.15
2025-02-03T00:00:00,23056.6,24118.35,22894.5,23559.95
2025-02-03T00:00:00,23056.6,24118.35,22894.5,23559.95
2025-02-10T00:00:00,23815.7,23815.7,22671.15,22929.25
2025-02-10T00:00:00,23815.7,23815.7,22671.15,22929.25
2025-02-17T00:00:00,22570.95,23049.55,22356.6,22795.9
2025-02-17T00:00:00,22570.95,23049.55,22356.6,22795.9
2025-02-17T00:00:00,22570.95,23049.55,22356.6,22795.9
2025-02-24T00:00:00,22250.9,23062.85,21869.3,22124.7
2025-02-24T00:00:00,22250.9,23062.85,21869.3,22124.7
2025-03-03T00:00:00,21973.9,22633.3,20833.1,22552.5
2025-03-03T00:00:00,21973.9,22633.3,20833.1,22552.5
2025-03-03T00:00:00,21973.9,22633.3,20833.1,22552.5
2025-03-10T00:00:00,22028.45,22676.7,22028.45,22397.2
2025-03-10T00:00:00,22028.45,22676.7,22028.45,22397.2
2025-03-17T00:00:00,21997.75,23644.6,21997.75,23350.4
2025-03-17T00:00:00,21997.75,23644.6,21997.75,23350.4
2025-03-24T00:00:00,23838.25,24383.8,23224.45,23519.35
2025-03-24T00:00:00,23838.25,24383.8,23224.45,23519.35
2025-03-24T00:00:00,23838.25,24383.8,23224.45,23519.35
2025-03-31T00:00:00,23226.1,23811.8,22858.15,22904.45
2025-03-31T00:00:00,23226.1,23811.8,22858.15,22904.45
2025-04-07T00:00:00,22117.45,22923.9,21190.8,22828.55
2025-04-07T00:00:00,22117.45,22923.9,21190.8,22828.55
2025-04-07T00:00:00,22117.45,22923.9,21190.8,22828.55
2025-04-14T00:00:00,23036.55,23871.3,23036.55,23851.65
2025-04-14T00:00:00,23036.55,23871.3,23036.55,23851.65
2025-04-21T00:00:00,23516.3,24757.5,23516.3,24039.35
2025-04-21T00:00:00,23516.3,24757.5,23516.3,24039.35
2025-04-28T00:00:00,24138.95,24864.1,23947.45,24334.2
2025-04-28T00:00:00,24702.4,24712.95,24239.3,24346.7
2025-04-28T00:00:00,24138.95,24864.1,23947.45,24334.2
2025-04-28T00:00:00,24702.4,24712.95,24239.3,24346.7
2025-05-05T00:00:00,24316,25010.15,23138.25,24008
2025-05-05T00:00:00,24316,25010.15,23138.25,24008
2025-05-12T00:00:00,24008,25387.3,24008,25019.8
2025-05-12T00:00:00,24008,25387.3,24008,25019.8
2025-05-12T00:00:00,24008,25387.3,24008,25019.8
2025-05-19T00:00:00,25019.8,25105.8,24267.55,24853.15
2025-05-19T00:00:00,25019.8,25105.8,24267.55,24853.15
2025-05-26T00:00:00,24853.15,25247.55,24213.4,24750.7
2025-05-26T00:00:00,24853.15,25247.55,24213.4,24750.7
2025-06-02T00:00:00,24750.7,25481.15,23884.35,25003.05
2025-06-02T00:00:00,24750.7,25481.15,23884.35,25003.05
2025-06-02T00:00:00,24750.7,25481.15,23884.35,25003.05
2025-06-09T00:00:00,25003.05,25565.6,24295.95,24718.6
2025-06-09T00:00:00,25003.05,25565.6,24295.95,24718.6
2025-06-16T00:00:00,24648.75,25345.75,24510.05,25112.4
2025-06-16T00:00:00,24648.75,25345.75,24510.05,25112.4
2025-06-16T00:00:00,24648.75,25345.75,24510.05,25112.4
2025-06-23T00:00:00,25112.4,25653.35,24503.3,25637.8
2025-06-23T00:00:00,25112.4,25653.35,24503.3,25637.8
2025-06-30T00:00:00,25517.05,25729,25129,25461
2025-06-30T00:00:00,25637.8,25684.75,25178.55,25517.05
2025-06-30T00:00:00,25517.05,25729,25129,25461
2025-07-07T00:00:00,25461,25587.5,24954.85,25149.85
2025-07-07T00:00:00,25461,25587.5,24954.85,25149.85
2025-07-07T00:00:00,25461,25587.5,24954.85,25149.85
2025-07-14T00:00:00,25149.85,25274.65,24619.75,24968.4
2025-07-14T00:00:00,25149.85,25274.65,24619.75,24968.4
2025-07-21T00:00:00,24968.4,25374.45,24656.75,24837
2025-07-21T00:00:00,24968.4,25374.45,24656.75,24837
2025-07-21T00:00:00,24968.4,25374.45,24656.75,24837
2025-07-28T00:00:00,24837,25252.85,24088.2,24768.35
2025-07-28T00:00:00,24768.35,24805.45,24486.3,24565.35
2025-07-28T00:00:00,24768.35,24805.45,24486.3,24565.35
2025-08-04T00:00:00,24565.35,25248.45,23508.4,24363.3
2025-08-04T00:00:00,24565.35,25248.45,23508.4,24363.3
2025-08-11T00:00:00,24363.3,25009.65,24240.3,24631.3
2025-08-11T00:00:00,24363.3,25009.65,24240.3,24631.3
2025-08-11T00:00:00,24363.3,25009.65,24240.3,24631.3
2025-08-18T00:00:00,24631.3,25576.8,24430.8,24870.1
2025-08-18T00:00:00,24631.3,25576.8,24430.8,24870.1
2025-08-25T00:00:00,24870.1,25198.05,24202.1,24426.85
2025-08-25T00:00:00,24870.1,25198.05,24202.1,24426.85
2025-08-25T00:00:00,24870.1,25198.05,24202.1,24426.85
2025-09-01T00:00:00,24426.85,25526.65,24252.35,24741
2025-09-01T00:00:00,24426.85,25526.65,24252.35,24741
2025-09-08T00:00:00,24741,25340.05,24088.05,25114
2025-09-08T00:00:00,24741,25340.05,24088.05,25114
2025-09-15T00:00:00,25114,25463.2,24669.6,25327.05
2025-09-15T00:00:00,25114,25463.2,24669.6,25327.05
2025-09-15T00:00:00,25114,25463.2,24669.6,25327.05
2025-09-22T00:00:00,25327.05,25330.6,24433.85,24640.6
2025-09-22T00:00:00,25327.05,25330.6,24433.85,24640.6
2025-09-29T00:00:00,24654.7,25231.85,24543.95,24611.1
2025-09-29T00:00:00,24611.1,25136.7,24487.8,24894.25
2025-09-29T00:00:00,24654.7,25231.85,24543.95,24611.1
2025-09-29T00:00:00,24611.1,25136.7,24487.8,24894.25
2025-10-06T00:00:00,24894.25,25220.35,24683.8,25181.8
2025-10-06T00:00:00,24894.25,25220.35,24683.8,25181.8
2025-10-13T00:00:00,25285.35,25780.95,24742.05,25709.85
2025-10-13T00:00:00,25285.35,25780.95,24742.05,25709.85
2025-10-20T00:00:00,25709.85,26346.7,25709.85,25795.15
2025-10-20T00:00:00,25709.85,26346.7,25709.85,25795.15
2025-10-20T00:00:00,25709.85,26346.7,25709.85,25795.15
2025-10-27T00:00:00,25795.15,26097.85,25288.5,25722.1
2025-10-27T00:00:00,25795.15,26097.85,25288.5,25722.1
2025-11-03T00:00:00,25722.1,26135,25242,25492.3
2025-11-03T00:00:00,25722.1,26135,25242,25492.3
2025-11-03T00:00:00,25722.1,26135,25242,25492.3
2025-11-10T00:00:00,25492.3,26010,25254.25,25910.05
2025-11-10T00:00:00,25492.3,26010,25254.25,25910.05
2025-11-17T00:00:00,25910.05,26718.2,25719.5,26068.15
2025-11-17T00:00:00,25910.05,26718.2,25719.5,26068.15
2025-11-24T00:00:00,26068.15,26421.1,25593.65,26202.95
2025-11-24T00:00:00,26068.15,26421.1,25593.65,26202.95
2025-11-24T00:00:00,26068.15,26421.1,25593.65,26202.95
2025-12-01T00:00:00,26202.95,26439.45,25437.45,26186.45
2025-12-01T00:00:00,26202.95,26439.45,25437.45,26186.45
2025-12-08T00:00:00,26159.8,26178.4,25892.4,25932.8
