Timestamp,Status,Reason,Nifty_LTP,EMA_5,EMA_13,EMA_Diff,Target_Strike,Active_Symbol,Opt_Current,Opt_Entry,Opt_Exit,Nifty_Entry,Nifty_Exit,Balance,Daily_PnL
10:20:50,SCANNING,WATCH_PE,26023.85,26031.73,26042.12,-10.39,26000,NSE-NIFTY-02Jan25-26000-PE,0.0,0.0,0.0,0.0,0.0,10000.0,0.0
10:20:52,SCANNING,WATCH_PE,26024.15,26031.83,26042.16,-10.33,26000,NSE-NIFTY-02Jan25-26000-PE,0.0,0.0,0.0,0.0,0.0,10000.0,0.0
10:20:55,SCANNING,WATCH_PE,26023.25,26031.53,26042.04,-10.5,26000,NSE-NIFTY-02Jan25-26000-PE,0.0,0.0,0.0,0.0,0.0,10000.0,0.0
10:20:57,SCANNING,WATCH_PE,26024.1,26031.82,26042.16,-10.34,26000,NSE-NIFTY-02Jan25-26000-PE,0.0,0.0,0.0,0.0,0.0,10000.0,0.0
10:21:00,SCANNING,WATCH_PE,26024.1,26031.82,26042.16,-10.34,26000,NSE-NIFTY-02Jan25-26000-PE,0.0,0.0,0.0,0.0,0.0,10000.0,0.0
10:21:03,SCANNING,WATCH_PE,26023.0,26031.45,26042.0,-10.55,26000,NSE-NIFTY-02Jan25-26000-PE,0.0,0.0,0.0,0.0,0.0,10000.0,0.0
10:21:05,SCANNING,WATCH_PE,26022.25,26031.2,26041.89,-10.69,26000,NSE-NIFTY-02Jan25-26000-PE,0.0,0.0,0.0,0.0,0.0,10000.0,0.0
10:21:08,SCANNING,WATCH_PE,26023.65,26031.67,26042.09,-10.43,26000,NSE-NIFTY-02Jan25-26000-PE,0.0,0.0,0.0,0.0,0.0,10000.0,0.0
10:21:11,SCANNING,WATCH_PE,26021.85,26031.07,26041.84,-10.77,26000,NSE-NIFTY-02Jan25-26000-PE,0.0,0.0,0.0,0.0,0.0,10000.0,0.0
10:21:13,SCANNING,WATCH_PE,26023.0,26031.45,26042.0,-10.55,26000,NSE-NIFTY-02Jan25-26000-PE,0.0,0.0,0.0,0.0,0.0,10000.0,0.0
10:21:15,SCANNING,WATCH_PE,26023.0,26031.45,26042.0,-10.55,26000,NSE-NIFTY-02Jan25-26000-PE,0.0,0.0,0.0,0.0,0.0,10000.0,0.0
10:21:17,SCANNING,WATCH_PE,26023.2,26031.52,26042.03,-10.51,26000,NSE-NIFTY-02Jan25-26000-PE,0.0,0.0,0.0,0.0,0.0,10000.0,0.0
10:21:20,SCANNING,WATCH_PE,26023.45,26031.6,26042.06,-10.47,26000,NSE-NIFTY-02Jan25-26000-PE,0.0,0.0,0.0,0.0,0.0,10000.0,0.0
10:21:22,SCANNING,WATCH_PE,26024.55,26031.97,26042.22,-10.26,26000,NSE-NIFTY-02Jan25-26000-PE,0.0,0.0,0.0,0.0,0.0,10000.0,0.0
10:21:25,SCANNING,WATCH_PE,26023.55,26031.63,26042.08,-10.45,26000,NSE-NIFTY-02Jan25-26000-PE,0.0,0.0,0.0,0.0,0.0,10000.0,0.0
10:21:28,SCANNING,WATCH_PE,26025.65,26032.33,26042.38,-10.05,26050,NSE-NIFTY-02Jan25-26050-PE,0.0,0.0,0.0,0.0,0.0,10000.0,0.0
10:21:31,SCANNING,WATCH_PE,26027.0,26032.78,26042.57,-9.79,26050,NSE-NIFTY-02Jan25-26050-PE,0.0,0.0,0.0,0.0,0.0,10000.0,0.0
10:21:33,SCANNING,WATCH_PE,26026.7,26032.68,26042.53,-9.85,26050,NSE-NIFTY-02Jan25-26050-PE,0.0,0.0,0.0,0.0,0.0,10000.0,0.0
10:21:35,SCANNING,WATCH_PE,26026.95,26032.77,26042.56,-9.8,26050,NSE-NIFTY-02Jan25-26050-PE,0.0,0.0,0.0,0.0,0.0,10000.0,0.0
10:21:39,SCANNING,WATCH_PE,26026.1,26032.48,26042.44,-9.96,26050,NSE-NIFTY-02Jan25-26050-PE,0.0,0.0,0.0,0.0,0.0,10000.0,0.0
10:21:41,SCANNING,WATCH_PE,26025.4,26032.25,26042.34,-10.09,26050,NSE-NIFTY-02Jan25-26050-PE,0.0,0.0,0.0,0.0,0.0,10000.0,0.0
10:21:43,SCANNING,WATCH_PE,26025.95,26032.43,26042.42,-9.99,26050,NSE-NIFTY-02Jan25-26050-PE,0.0,0.0,0.0,0.0,0.0,10000.0,0.0
10:21:46,SCANNING,WATCH_PE,26027.6,26032.98,26042.66,-9.68,26050,NSE-NIFTY-02Jan25-26050-PE,0.0,0.0,0.0,0.0,0.0,10000.0,0.0
10:21:48,SCANNING,WATCH_PE,26025.6,26032.32,26042.37,-10.06,26050,NSE-NIFTY-02Jan25-26050-PE,0.0,0.0,0.0,0.0,0.0,10000.0,0.0
10:21:50,SCANNING,WATCH_PE,26027.15,26032.83,26042.59,-9.76,26050,NSE-NIFTY-02Jan25-26050-PE,0.0,0.0,0.0,0.0,0.0,10000.0,0.0
10:21:53,SCANNING,WATCH_PE,26025.95,26032.43,26042.42,-9.99,26050,NSE-NIFTY-02Jan25-26050-PE,0.0,0.0,0.0,0.0,0.0,10000.0,0.0
10:21:55,SCANNING,WATCH_PE,26025.8,26032.38,26042.4,-10.02,26050,NSE-NIFTY-02Jan25-26050-PE,0.0,0.0,0.0,0.0,0.0,10000.0,0.0
10:21:58,SCANNING,WATCH_PE,26025.8,26032.38,26042.4,-10.02,26050,NSE-NIFTY-02Jan25-26050-PE,0.0,0.0,0.0,0.0,0.0,10000.0,0.0
10:22:00,SCANNING,WATCH_PE,26025.8,26032.38,26042.4,-10.02,26050,NSE-NIFTY-02Jan25-26050-PE,0.0,0.0,0.0,0.0,0.0,10000.0,0.0
10:22:03,SCANNING,WATCH_PE,26025.85,26032.4,26042.41,-10.01,26050,NSE-NIFTY-02Jan25-26050-PE,0.0,0.0,0.0,0.0,0.0,10000.0,0.0
10:22:05,SCANNING,WATCH_PE,26026.15,26032.5,26042.45,-9.95,26050,NSE-NIFTY-02Jan25-26050-PE,0.0,0.0,0.0,0.0,0.0,10000.0,0.0
10:22:07,SCANNING,WATCH_PE,26026.05,26032.47,26042.44,-9.97,26050,NSE-NIFTY-02Jan25-26050-PE,0.0,0.0,0.0,0.0,0.0,10000.0,0.0
10:22:09,SCANNING,WATCH_PE,26026.45,26032.6,26042.49,-9.89,26050,NSE-NIFTY-02Jan25-26050-PE,0.0,0.0,0.0,0.0,0.0,10000.0,0.0
10:22:12,SCANNING,WATCH_PE,26025.45,26032.27,26042.35,-10.09,26050,NSE-NIFTY-02Jan25-26050-PE,0.0,0.0,0.0,0.0,0.0,10000.0,0.0
10:22:14,SCANNING,WATCH_PE,26024.75,26032.03,26042.25,-10.22,26000,NSE-NIFTY-02Jan25-26000-PE,0.0,0.0,0.0,0.0,0.0,10000.0,0.0
10:22:19,SCANNING,WATCH_PE,26025.5,26032.28,26042.36,-10.08,26050,NSE-NIFTY-02Jan25-26050-PE,0.0,0.0,0.0,0.0,0.0,10000.0,0.0
10:22:22,SCANNING,WATCH_PE,26027.1,26032.82,26042.59,-9.77,26050,NSE-NIFTY-02Jan25-26050-PE,0.0,0.0,0.0,0.0,0.0,10000.0,0.0
10:22:26,SCANNING,WATCH_PE,26027.2,26032.85,26042.6,-9.75,26050,NSE-NIFTY-02Jan25-26050-PE,0.0,0.0,0.0,0.0,0.0,10000.0,0.0
10:22:29,SCANNING,WATCH_PE,26026.3,26032.55,26042.47,-9.92,26050,NSE-NIFTY-02Jan25-26050-PE,0.0,0.0,0.0,0.0,0.0,10000.0,0.0
10:22:31,SCANNING,WATCH_PE,26028.2,26033.18,26042.74,-9.56,26050,NSE-NIFTY-02Jan25-26050-PE,0.0,0.0,0.0,0.0,0.0,10000.0,0.0
10:22:33,SCANNING,WATCH_PE,26028.6,26033.32,26042.8,-9.49,26050,NSE-NIFTY-02Jan25-26050-PE,0.0,0.0,0.0,0.0,0.0,10000.0,0.0
10:22:38,SCANNING,WATCH_PE,26030.4,26033.92,26043.06,-9.14,26050,NSE-NIFTY-02Jan25-26050-PE,0.0,0.0,0.0,0.0,0.0,10000.0,0.0
10:22:41,SCANNING,WATCH_PE,26030.75,26034.03,26043.11,-9.08,26050,NSE-NIFTY-02Jan25-26050-PE,0.0,0.0,0.0,0.0,0.0,10000.0,0.0
10:22:43,SCANNING,WATCH_PE,26029.95,26033.77,26042.99,-9.23,26050,NSE-NIFTY-02Jan25-26050-PE,0.0,0.0,0.0,0.0,0.0,10000.0,0.0
10:22:46,SCANNING,WATCH_PE,26031.2,26034.18,26043.17,-8.99,26050,NSE-NIFTY-02Jan25-26050-PE,0.0,0.0,0.0,0.0,0.0,10000.0,0.0
10:22:48,SCANNING,WATCH_PE,26030.2,26033.85,26043.03,-9.18,26050,NSE-NIFTY-02Jan25-26050-PE,0.0,0.0,0.0,0.0,0.0,10000.0,0.0
10:22:51,SCANNING,WATCH_PE,26030.05,26033.8,26043.01,-9.21,26050,NSE-NIFTY-02Jan25-26050-PE,0.0,0.0,0.0,0.0,0.0,10000.0,0.0
10:22:53,SCANNING,WATCH_PE,26030.65,26034.0,26043.09,-9.09,26050,NSE-NIFTY-02Jan25-26050-PE,0.0,0.0,0.0,0.0,0.0,10000.0,0.0
10:22:56,SCANNING,WATCH_PE,26028.9,26033.42,26042.84,-9.43,26050,NSE-NIFTY-02Jan25-26050-PE,0.0,0.0,0.0,0.0,0.0,10000.0,0.0
10:22:59,SCANNING,WATCH_PE,26028.9,26033.42,26042.84,-9.43,26050,NSE-NIFTY-02Jan25-26050-PE,0.0,0.0,0.0,0.0,0.0,10000.0,0.0
10:23:01,SCANNING,WATCH_PE,26029.4,26033.58,26042.91,-9.33,26050,NSE-NIFTY-02Jan25-26050-PE,0.0,0.0,0.0,0.0,0.0,10000.0,0.0
10:23:04,SCANNING,WATCH_PE,26029.6,26033.65,26042.94,-9.29,26050,NSE-NIFTY-02Jan25-26050-PE,0.0,0.0,0.0,0.0,0.0,10000.0,0.0
10:23:06,SCANNING,WATCH_PE,26029.5,26033.62,26042.93,-9.31,26050,NSE-NIFTY-02Jan25-26050-PE,0.0,0.0,0.0,0.0,0.0,10000.0,0.0
10:23:09,SCANNING,WATCH_PE,26030.05,26033.8,26043.01,-9.21,26050,NSE-NIFTY-02Jan25-26050-PE,0.0,0.0,0.0,0.0,0.0,10000.0,0.0
10:23:12,SCANNING,WATCH_PE,26028.5,26033.28,26042.79,-9.5,26050,NSE-NIFTY-02Jan25-26050-PE,0.0,0.0,0.0,0.0,0.0,10000.0,0.0
10:23:15,SCANNING,WATCH_PE,26029.95,26033.77,26042.99,-9.23,26050,NSE-NIFTY-02Jan25-26050-PE,0.0,0.0,0.0,0.0,0.0,10000.0,0.0
10:23:17,SCANNING,WATCH_PE,26029.9,26033.75,26042.99,-9.24,26050,NSE-NIFTY-02Jan25-26050-PE,0.0,0.0,0.0,0.0,0.0,10000.0,0.0
10:23:19,SCANNING,WATCH_PE,26030.85,26034.07,26043.12,-9.06,26050,NSE-NIFTY-02Jan25-26050-PE,0.0,0.0,0.0,0.0,0.0,10000.0,0.0
10:23:21,SCANNING,WATCH_PE,26030.75,26034.03,26043.11,-9.08,26050,NSE-NIFTY-02Jan25-26050-PE,0.0,0.0,0.0,0.0,0.0,10000.0,0.0
10:23:24,SCANNING,WATCH_PE,26029.3,26033.55,26042.9,-9.35,26050,NSE-NIFTY-02Jan25-26050-PE,0.0,0.0,0.0,0.0,0.0,10000.0,0.0
10:23:27,SCANNING,WATCH_PE,26029.5,26033.62,26042.93,-9.31,26050,NSE-NIFTY-02Jan25-26050-PE,0.0,0.0,0.0,0.0,0.0,10000.0,0.0
10:23:30,SCANNING,WATCH_PE,26026.65,26032.67,26042.52,-9.86,26050,NSE-NIFTY-02Jan25-26050-PE,0.0,0.0,0.0,0.0,0.0,10000.0,0.0
10:23:32,SCANNING,WATCH_PE,26028.0,26033.12,26042.71,-9.6,26050,NSE-NIFTY-02Jan25-26050-PE,0.0,0.0,0.0,0.0,0.0,10000.0,0.0
10:23:35,SCANNING,WATCH_PE,26028.8,26033.38,26042.83,-9.45,26050,NSE-NIFTY-02Jan25-26050-PE,0.0,0.0,0.0,0.0,0.0,10000.0,0.0
10:23:37,SCANNING,WATCH_PE,26029.45,26033.6,26042.92,-9.32,26050,NSE-NIFTY-02Jan25-26050-PE,0.0,0.0,0.0,0.0,0.0,10000.0,0.0
10:23:40,SCANNING,WATCH_PE,26028.95,26033.43,26042.85,-9.42,26050,NSE-NIFTY-02Jan25-26050-PE,0.0,0.0,0.0,0.0,0.0,10000.0,0.0
10:23:43,SCANNING,WATCH_PE,26029.35,26033.57,26042.91,-9.34,26050,NSE-NIFTY-02Jan25-26050-PE,0.0,0.0,0.0,0.0,0.0,10000.0,0.0
10:23:46,SCANNING,WATCH_PE,26029.4,26033.58,26042.91,-9.33,26050,NSE-NIFTY-02Jan25-26050-PE,0.0,0.0,0.0,0.0,0.0,10000.0,0.0
10:23:49,SCANNING,WATCH_PE,26027.8,26033.05,26042.69,-9.64,26050,NSE-NIFTY-02Jan25-26050-PE,0.0,0.0,0.0,0.0,0.0,10000.0,0.0
10:23:52,SCANNING,WATCH_PE,26029.2,26033.52,26042.89,-9.37,26050,NSE-NIFTY-02Jan25-26050-PE,0.0,0.0,0.0,0.0,0.0,10000.0,0.0
10:23:55,SCANNING,WATCH_PE,26028.7,26033.35,26042.81,-9.47,26050,NSE-NIFTY-02Jan25-26050-PE,0.0,0.0,0.0,0.0,0.0,10000.0,0.0
10:23:57,SCANNING,WATCH_PE,26028.45,26033.27,26042.78,-9.51,26050,NSE-NIFTY-02Jan25-26050-PE,0.0,0.0,0.0,0.0,0.0,10000.0,0.0
10:24:01,SCANNING,WATCH_PE,26028.45,26033.27,26042.78,-9.51,26050,NSE-NIFTY-02Jan25-26050-PE,0.0,0.0,0.0,0.0,0.0,10000.0,0.0
10:24:03,SCANNING,WATCH_PE,26029.8,26033.72,26042.97,-9.26,26050,NSE-NIFTY-02Jan25-26050-PE,0.0,0.0,0.0,0.0,0.0,10000.0,0.0
10:24:06,SCANNING,WATCH_PE,26030.65,26034.0,26043.09,-9.09,26050,NSE-NIFTY-02Jan25-26050-PE,0.0,0.0,0.0,0.0,0.0,10000.0,0.0
10:24:09,SCANNING,WATCH_PE,26030.7,26034.02,26043.1,-9.09,26050,NSE-NIFTY-02Jan25-26050-PE,0.0,0.0,0.0,0.0,0.0,10000.0,0.0
10:24:11,SCANNING,WATCH_PE,26029.0,26033.45,26042.86,-9.41,26050,NSE-NIFTY-02Jan25-26050-PE,0.0,0.0,0.0,0.0,0.0,10000.0,0.0
10:24:14,SCANNING,WATCH_PE,26030.1,26033.82,26043.01,-9.2,26050,NSE-NIFTY-02Jan25-26050-PE,0.0,0.0,0.0,0.0,0.0,10000.0,0.0
10:24:16,SCANNING,WATCH_PE,26032.1,26034.48,26043.3,-8.82,26050,NSE-NIFTY-02Jan25-26050-PE,0.0,0.0,0.0,0.0,0.0,10000.0,0.0
10:24:18,SCANNING,WATCH_PE,26032.25,26034.53,26043.32,-8.79,26050,NSE-NIFTY-02Jan25-26050-PE,0.0,0.0,0.0,0.0,0.0,10000.0,0.0
10:24:21,SCANNING,WATCH_PE,26032.95,26034.77,26043.42,-8.66,26050,NSE-NIFTY-02Jan25-26050-PE,0.0,0.0,0.0,0.0,0.0,10000.0,0.0
10:24:23,SCANNING,WATCH_PE,26031.05,26034.13,26043.15,-9.02,26050,NSE-NIFTY-02Jan25-26050-PE,0.0,0.0,0.0,0.0,0.0,10000.0,0.0
10:24:26,SCANNING,WATCH_PE,26031.95,26034.43,26043.28,-8.85,26050,NSE-NIFTY-02Jan25-26050-PE,0.0,0.0,0.0,0.0,0.0,10000.0,0.0
10:24:28,SCANNING,WATCH_PE,26032.45,26034.6,26043.35,-8.75,26050,NSE-NIFTY-02Jan25-26050-PE,0.0,0.0,0.0,0.0,0.0,10000.0,0.0
10:24:30,SCANNING,WATCH_PE,26032.85,26034.73,26043.41,-8.68,26050,NSE-NIFTY-02Jan25-26050-PE,0.0,0.0,0.0,0.0,0.0,10000.0,0.0
10:24:33,SCANNING,WATCH_PE,26033.8,26035.05,26043.54,-8.49,26050,NSE-NIFTY-02Jan25-26050-PE,0.0,0.0,0.0,0.0,0.0,10000.0,0.0
10:24:35,SCANNING,WATCH_PE,26033.5,26034.95,26043.5,-8.55,26050,NSE-NIFTY-02Jan25-26050-PE,0.0,0.0,0.0,0.0,0.0,10000.0,0.0
10:24:37,SCANNING,WATCH_PE,26033.6,26034.98,26043.51,-8.53,26050,NSE-NIFTY-02Jan25-26050-PE,0.0,0.0,0.0,0.0,0.0,10000.0,0.0
10:24:40,SCANNING,WATCH_PE,26033.9,26035.08,26043.56,-8.48,26050,NSE-NIFTY-02Jan25-26050-PE,0.0,0.0,0.0,0.0,0.0,10000.0,0.0
10:24:43,SCANNING,WATCH_PE,26035.05,26035.47,26043.72,-8.26,26050,NSE-NIFTY-02Jan25-26050-PE,0.0,0.0,0.0,0.0,0.0,10000.0,0.0
10:24:45,SCANNING,WATCH_PE,26035.6,26035.65,26043.8,-8.15,26050,NSE-NIFTY-02Jan25-26050-PE,0.0,0.0,0.0,0.0,0.0,10000.0,0.0
10:24:48,SCANNING,WATCH_PE,26036.05,26035.8,26043.86,-8.07,26050,NSE-NIFTY-02Jan25-26050-PE,0.0,0.0,0.0,0.0,0.0,10000.0,0.0
10:24:51,SCANNING,WATCH_PE,26037.35,26036.23,26044.05,-7.82,26050,NSE-NIFTY-02Jan25-26050-PE,0.0,0.0,0.0,0.0,0.0,10000.0,0.0
10:24:53,SCANNING,WATCH_PE,26037.6,26036.32,26044.09,-7.77,26050,NSE-NIFTY-02Jan25-26050-PE,0.0,0.0,0.0,0.0,0.0,10000.0,0.0
10:24:55,SCANNING,WATCH_PE,26037.6,26036.32,26044.09,-7.77,26050,NSE-NIFTY-02Jan25-26050-PE,0.0,0.0,0.0,0.0,0.0,10000.0,0.0
10:24:58,SCANNING,WATCH_PE,26037.6,26036.32,26044.09,-7.77,26050,NSE-NIFTY-02Jan25-26050-PE,0.0,0.0,0.0,0.0,0.0,10000.0,0.0
10:25:00,SCANNING,WATCH_PE,26037.6,26036.32,26044.09,-7.77,26050,NSE-NIFTY-02Jan25-26050-PE,0.0,0.0,0.0,0.0,0.0,10000.0,0.0
10:25:03,SCANNING,WATCH_PE,26036.3,26036.31,26042.97,-6.66,26050,NSE-NIFTY-02Jan25-26050-PE,0.0,0.0,0.0,0.0,0.0,10000.0,0.0
10:25:05,SCANNING,WATCH_PE,26037.6,26036.74,26043.16,-6.42,26050,NSE-NIFTY-02Jan25-26050-PE,0.0,0.0,0.0,0.0,0.0,10000.0,0.0
10:25:08,SCANNING,WATCH_PE,26035.5,26036.04,26042.86,-6.82,26050,NSE-NIFTY-02Jan25-26050-PE,0.0,0.0,0.0,0.0,0.0,10000.0,0.0
10:25:11,SCANNING,WATCH_PE,26037.0,26036.54,26043.07,-6.53,26050,NSE-NIFTY-02Jan25-26050-PE,0.0,0.0,0.0,0.0,0.0,10000.0,0.0
10:25:14,SCANNING,WATCH_PE,26035.65,26036.09,26042.88,-6.79,26050,NSE-NIFTY-02Jan25-26050-PE,0.0,0.0,0.0,0.0,0.0,10000.0,0.0
10:25:17,SCANNING,WATCH_PE,26035.85,26036.16,26042.91,-6.75,26050,NSE-NIFTY-02Jan25-26050-PE,0.0,0.0,0.0,0.0,0.0,10000.0,0.0
10:25:20,SCANNING,WATCH_PE,26036.55,26036.39,26043.01,-6.62,26050,NSE-NIFTY-02Jan25-26050-PE,0.0,0.0,0.0,0.0,0.0,10000.0,0.0
10:25:23,SCANNING,WATCH_PE,26036.45,26036.36,26043.0,-6.64,26050,NSE-NIFTY-02Jan25-26050-PE,0.0,0.0,0.0,0.0,0.0,10000.0,0.0
10:25:27,SCANNING,WATCH_PE,26033.45,26035.36,26042.57,-7.21,26050,NSE-NIFTY-02Jan25-26050-PE,0.0,0.0,0.0,0.0,0.0,10000.0,0.0
10:25:29,SCANNING,WATCH_PE,26033.05,26035.23,26042.51,-7.28,26050,NSE-NIFTY-02Jan25-26050-PE,0.0,0.0,0.0,0.0,0.0,10000.0,0.0
10:25:32,SCANNING,WATCH_PE,26033.1,26035.24,26042.52,-7.27,26050,NSE-NIFTY-02Jan25-26050-PE,0.0,0.0,0.0,0.0,0.0,10000.0,0.0
10:25:35,SCANNING,WATCH_PE,26032.3,26034.98,26042.4,-7.43,26050,NSE-NIFTY-02Jan25-26050-PE,0.0,0.0,0.0,0.0,0.0,10000.0,0.0
10:25:38,SCANNING,WATCH_PE,26031.9,26034.84,26042.35,-7.5,26050,NSE-NIFTY-02Jan25-26050-PE,0.0,0.0,0.0,0.0,0.0,10000.0,0.0
10:25:40,SCANNING,WATCH_PE,26030.6,26034.41,26042.16,-7.75,26050,NSE-NIFTY-02Jan25-26050-PE,0.0,0.0,0.0,0.0,0.0,10000.0,0.0
10:25:43,SCANNING,WATCH_PE,26033.05,26035.23,26042.51,-7.28,26050,NSE-NIFTY-02Jan25-26050-PE,0.0,0.0,0.0,0.0,0.0,10000.0,0.0
10:25:45,SCANNING,WATCH_PE,26032.7,26035.11,26042.46,-7.35,26050,NSE-NIFTY-02Jan25-26050-PE,0.0,0.0,0.0,0.0,0.0,10000.0,0.0
10:25:47,SCANNING,WATCH_PE,26032.45,26035.03,26042.42,-7.4,26050,NSE-NIFTY-02Jan25-26050-PE,0.0,0.0,0.0,0.0,0.0,10000.0,0.0
10:25:50,SCANNING,WATCH_PE,26031.8,26034.81,26042.33,-7.52,26050,NSE-NIFTY-02Jan25-26050-PE,0.0,0.0,0.0,0.0,0.0,10000.0,0.0
10:25:52,SCANNING,WATCH_PE,26031.9,26034.84,26042.35,-7.5,26050,NSE-NIFTY-02Jan25-26050-PE,0.0,0.0,0.0,0.0,0.0,10000.0,0.0
10:25:55,SCANNING,WATCH_PE,26030.1,26034.24,26042.09,-7.84,26050,NSE-NIFTY-02Jan25-26050-PE,0.0,0.0,0.0,0.0,0.0,10000.0,0.0
10:26:00,SCANNING,WATCH_PE,26029.9,26034.18,26042.06,-7.88,26050,NSE-NIFTY-02Jan25-26050-PE,0.0,0.0,0.0,0.0,0.0,10000.0,0.0
10:26:04,SCANNING,WATCH_PE,26030.85,26034.49,26042.2,-7.7,26050,NSE-NIFTY-02Jan25-26050-PE,0.0,0.0,0.0,0.0,0.0,10000.0,0.0
10:26:06,SCANNING,WATCH_PE,26030.6,26034.41,26042.16,-7.75,26050,NSE-NIFTY-02Jan25-26050-PE,0.0,0.0,0.0,0.0,0.0,10000.0,0.0
10:26:09,SCANNING,WATCH_PE,26030.8,26034.48,26042.19,-7.71,26050,NSE-NIFTY-02Jan25-26050-PE,0.0,0.0,0.0,0.0,0.0,10000.0,0.0
10:26:11,SCANNING,WATCH_PE,26030.05,26034.23,26042.08,-7.85,26050,NSE-NIFTY-02Jan25-26050-PE,0.0,0.0,0.0,0.0,0.0,10000.0,0.0
10:26:18,SCANNING,WATCH_PE,26030.9,26034.51,26042.2,-7.69,26050,NSE-NIFTY-02Jan25-26050-PE,0.0,0.0,0.0,0.0,0.0,10000.0,0.0
10:26:21,SCANNING,WATCH_PE,26031.55,26034.73,26042.3,-7.57,26050,NSE-NIFTY-02Jan25-26050-PE,0.0,0.0,0.0,0.0,0.0,10000.0,0.0
10:26:23,SCANNING,WATCH_PE,26029.5,26034.04,26042.0,-7.96,26050,NSE-NIFTY-02Jan25-26050-PE,0.0,0.0,0.0,0.0,0.0,10000.0,0.0
10:26:29,SCANNING,WATCH_PE,26030.65,26034.43,26042.17,-7.74,26050,NSE-NIFTY-02Jan25-26050-PE,0.0,0.0,0.0,0.0,0.0,10000.0,0.0
10:26:31,SCANNING,WATCH_PE,26030.45,26034.36,26042.14,-7.78,26050,NSE-NIFTY-02Jan25-26050-PE,0.0,0.0,0.0,0.0,0.0,10000.0,0.0
10:26:38,SCANNING,WATCH_PE,26029.85,26034.16,26042.05,-7.89,26050,NSE-NIFTY-02Jan25-26050-PE,0.0,0.0,0.0,0.0,0.0,10000.0,0.0
10:26:44,SCANNING,WATCH_PE,26030.05,26034.23,26042.08,-7.85,26050,NSE-NIFTY-02Jan25-26050-PE,0.0,0.0,0.0,0.0,0.0,10000.0,0.0
10:26:50,SCANNING,WATCH_PE,26029.6,26034.08,26042.02,-7.94,26050,NSE-NIFTY-02Jan25-26050-PE,0.0,0.0,0.0,0.0,0.0,10000.0,0.0
10:26:58,SCANNING,WATCH_PE,26029.8,26034.14,26042.05,-7.9,26050,NSE-NIFTY-02Jan25-26050-PE,0.0,0.0,0.0,0.0,0.0,10000.0,0.0
10:27:06,SCANNING,WATCH_PE,26030.55,26034.39,26042.15,-7.76,26050,NSE-NIFTY-02Jan25-26050-PE,0.0,0.0,0.0,0.0,0.0,10000.0,0.0
10:27:09,SCANNING,WATCH_PE,26030.0,26034.21,26042.07,-7.86,26050,NSE-NIFTY-02Jan25-26050-PE,0.0,0.0,0.0,0.0,0.0,10000.0,0.0
10:27:15,SCANNING,WATCH_PE,26030.0,26034.21,26042.07,-7.86,26050,NSE-NIFTY-02Jan25-26050-PE,0.0,0.0,0.0,0.0,0.0,10000.0,0.0
10:27:22,SCANNING,WATCH_PE,26030.75,26034.46,26042.18,-7.72,26050,NSE-NIFTY-02Jan25-26050-PE,0.0,0.0,0.0,0.0,0.0,10000.0,0.0
10:27:25,SCANNING,WATCH_PE,26030.1,26034.24,26042.09,-7.84,26050,NSE-NIFTY-02Jan25-26050-PE,0.0,0.0,0.0,0.0,0.0,10000.0,0.0
10:27:32,SCANNING,WATCH_PE,26030.0,26034.21,26042.07,-7.86,26050,NSE-NIFTY-02Jan25-26050-PE,0.0,0.0,0.0,0.0,0.0,10000.0,0.0
10:27:39,SCANNING,WATCH_PE,26030.15,26034.26,26042.1,-7.84,26050,NSE-NIFTY-02Jan25-26050-PE,0.0,0.0,0.0,0.0,0.0,10000.0,0.0
10:27:46,SCANNING,WATCH_PE,26030.3,26034.31,26042.12,-7.81,26050,NSE-NIFTY-02Jan25-26050-PE,0.0,0.0,0.0,0.0,0.0,10000.0,0.0
10:27:53,SCANNING,WATCH_PE,26030.7,26034.44,26042.17,-7.73,26050,NSE-NIFTY-02Jan25-26050-PE,0.0,0.0,0.0,0.0,0.0,10000.0,0.0
10:27:55,SCANNING,WATCH_PE,26031.15,26034.59,26042.24,-7.64,26050,NSE-NIFTY-02Jan25-26050-PE,0.0,0.0,0.0,0.0,0.0,10000.0,0.0
10:27:58,SCANNING,WATCH_PE,26031.15,26034.59,26042.24,-7.64,26050,NSE-NIFTY-02Jan25-26050-PE,0.0,0.0,0.0,0.0,0.0,10000.0,0.0
10:28:01,SCANNING,WATCH_PE,26031.15,26034.59,26042.24,-7.64,26050,NSE-NIFTY-02Jan25-26050-PE,0.0,0.0,0.0,0.0,0.0,10000.0,0.0
10:28:03,SCANNING,WATCH_PE,26029.65,26034.09,26042.02,-7.93,26050,NSE-NIFTY-02Jan25-26050-PE,0.0,0.0,0.0,0.0,0.0,10000.0,0.0
10:28:09,SCANNING,WATCH_PE,26029.75,26034.13,26042.04,-7.91,26050,NSE-NIFTY-02Jan25-26050-PE,0.0,0.0,0.0,0.0,0.0,10000.0,0.0
10:28:17,SCANNING,WATCH_PE,26030.8,26034.48,26042.19,-7.71,26050,NSE-NIFTY-02Jan25-26050-PE,0.0,0.0,0.0,0.0,0.0,10000.0,0.0
10:28:19,SCANNING,WATCH_PE,26031.1,26034.58,26042.23,-7.65,26050,NSE-NIFTY-02Jan25-26050-PE,0.0,0.0,0.0,0.0,0.0,10000.0,0.0
10:28:22,SCANNING,WATCH_PE,26029.65,26034.09,26042.02,-7.93,26050,NSE-NIFTY-02Jan25-26050-PE,0.0,0.0,0.0,0.0,0.0,10000.0,0.0
10:28:30,SCANNING,WATCH_PE,26029.2,26033.94,26041.96,-8.02,26050,NSE-NIFTY-02Jan25-26050-PE,0.0,0.0,0.0,0.0,0.0,10000.0,0.0
10:28:37,SCANNING,WATCH_PE,26029.15,26033.93,26041.95,-8.03,26050,NSE-NIFTY-02Jan25-26050-PE,0.0,0.0,0.0,0.0,0.0,10000.0,0.0
10:28:45,SCANNING,WATCH_PE,26027.5,26033.38,26041.72,-8.34,26050,NSE-NIFTY-02Jan25-26050-PE,0.0,0.0,0.0,0.0,0.0,10000.0,0.0
10:28:50,SCANNING,WATCH_PE,26029.1,26033.91,26041.95,-8.04,26050,NSE-NIFTY-02Jan25-26050-PE,0.0,0.0,0.0,0.0,0.0,10000.0,0.0
10:28:57,SCANNING,WATCH_PE,26028.1,26033.58,26041.8,-8.23,26050,NSE-NIFTY-02Jan25-26050-PE,0.0,0.0,0.0,0.0,0.0,10000.0,0.0
10:29:04,SCANNING,WATCH_PE,26028.3,26033.64,26041.83,-8.19,26050,NSE-NIFTY-02Jan25-26050-PE,0.0,0.0,0.0,0.0,0.0,10000.0,0.0
10:29:11,SCANNING,WATCH_PE,26029.95,26034.19,26042.07,-7.87,26050,NSE-NIFTY-02Jan25-26050-PE,0.0,0.0,0.0,0.0,0.0,10000.0,0.0
10:29:18,SCANNING,WATCH_PE,26028.65,26033.76,26041.88,-8.12,26050,NSE-NIFTY-02Jan25-26050-PE,0.0,0.0,0.0,0.0,0.0,10000.0,0.0
10:29:25,SCANNING,WATCH_PE,26027.2,26033.28,26041.67,-8.4,26050,NSE-NIFTY-02Jan25-26050-PE,0.0,0.0,0.0,0.0,0.0,10000.0,0.0
10:29:31,SCANNING,WATCH_PE,26027.85,26033.49,26041.77,-8.27,26050,NSE-NIFTY-02Jan25-26050-PE,0.0,0.0,0.0,0.0,0.0,10000.0,0.0
10:29:37,SCANNING,WATCH_PE,26028.75,26033.79,26041.9,-8.1,26050,NSE-NIFTY-02Jan25-26050-PE,0.0,0.0,0.0,0.0,0.0,10000.0,0.0
10:29:42,SCANNING,WATCH_PE,26027.6,26033.41,26041.73,-8.32,26050,NSE-NIFTY-02Jan25-26050-PE,0.0,0.0,0.0,0.0,0.0,10000.0,0.0
10:29:50,SCANNING,WATCH_PE,26028.0,26033.54,26041.79,-8.24,26050,NSE-NIFTY-02Jan25-26050-PE,0.0,0.0,0.0,0.0,0.0,10000.0,0.0
10:29:56,SCANNING,WATCH_PE,26028.05,26033.56,26041.8,-8.24,26050,NSE-NIFTY-02Jan25-26050-PE,0.0,0.0,0.0,0.0,0.0,10000.0,0.0
10:30:03,SCANNING,WATCH_PE,26026.6,26031.24,26039.62,-8.38,26050,NSE-NIFTY-02Jan25-26050-PE,0.0,0.0,0.0,0.0,0.0,10000.0,0.0
10:30:06,SCANNING,WATCH_PE,26028.35,26031.82,26039.87,-8.05,26050,NSE-NIFTY-02Jan25-26050-PE,0.0,0.0,0.0,0.0,0.0,10000.0,0.0
10:30:09,SCANNING,WATCH_PE,26026.2,26031.11,26039.57,-8.46,26050,NSE-NIFTY-02Jan25-26050-PE,0.0,0.0,0.0,0.0,0.0,10000.0,0.0
10:30:12,SCANNING,WATCH_PE,26025.8,26030.97,26039.51,-8.54,26050,NSE-NIFTY-02Jan25-26050-PE,0.0,0.0,0.0,0.0,0.0,10000.0,0.0
10:30:15,SCANNING,WATCH_PE,26026.45,26031.19,26039.6,-8.41,26050,NSE-NIFTY-02Jan25-26050-PE,0.0,0.0,0.0,0.0,0.0,10000.0,0.0
10:30:17,SCANNING,WATCH_PE,26026.05,26031.06,26039.55,-8.49,26050,NSE-NIFTY-02Jan25-26050-PE,0.0,0.0,0.0,0.0,0.0,10000.0,0.0
10:30:20,SCANNING,WATCH_PE,26025.25,26030.79,26039.43,-8.64,26050,NSE-NIFTY-02Jan25-26050-PE,0.0,0.0,0.0,0.0,0.0,10000.0,0.0
10:30:22,SCANNING,WATCH_PE,26025.5,26030.87,26039.47,-8.59,26050,NSE-NIFTY-02Jan25-26050-PE,0.0,0.0,0.0,0.0,0.0,10000.0,0.0
10:30:25,SCANNING,WATCH_PE,26025.6,26030.91,26039.48,-8.57,26050,NSE-NIFTY-02Jan25-26050-PE,0.0,0.0,0.0,0.0,0.0,10000.0,0.0
10:30:27,SCANNING,WATCH_PE,26024.95,26030.69,26039.39,-8.7,26000,NSE-NIFTY-02Jan25-26000-PE,0.0,0.0,0.0,0.0,0.0,10000.0,0.0
10:30:30,SCANNING,WATCH_PE,26024.45,26030.52,26039.32,-8.79,26000,NSE-NIFTY-02Jan25-26000-PE,0.0,0.0,0.0,0.0,0.0,10000.0,0.0
10:30:33,SCANNING,WATCH_PE,26025.05,26030.72,26039.4,-8.68,26050,NSE-NIFTY-02Jan25-26050-PE,0.0,0.0,0.0,0.0,0.0,10000.0,0.0
10:30:35,SCANNING,WATCH_PE,26026.1,26031.07,26039.55,-8.48,26050,NSE-NIFTY-02Jan25-26050-PE,0.0,0.0,0.0,0.0,0.0,10000.0,0.0
10:30:38,SCANNING,WATCH_PE,26027.2,26031.44,26039.71,-8.27,26050,NSE-NIFTY-02Jan25-26050-PE,0.0,0.0,0.0,0.0,0.0,10000.0,0.0
10:30:40,SCANNING,WATCH_PE,26025.85,26030.99,26039.52,-8.53,26050,NSE-NIFTY-02Jan25-26050-PE,0.0,0.0,0.0,0.0,0.0,10000.0,0.0
10:30:43,SCANNING,WATCH_PE,26025.55,26030.89,26039.47,-8.58,26050,NSE-NIFTY-02Jan25-26050-PE,0.0,0.0,0.0,0.0,0.0,10000.0,0.0
10:30:45,SCANNING,WATCH_PE,26025.15,26030.76,26039.42,-8.66,26050,NSE-NIFTY-02Jan25-26050-PE,0.0,0.0,0.0,0.0,0.0,10000.0,0.0
10:30:48,SCANNING,WATCH_PE,26023.65,26030.26,26039.2,-8.95,26000,NSE-NIFTY-02Jan25-26000-PE,0.0,0.0,0.0,0.0,0.0,10000.0,0.0
10:30:50,SCANNING,WATCH_PE,26024.0,26030.37,26039.25,-8.88,26000,NSE-NIFTY-02Jan25-26000-PE,0.0,0.0,0.0,0.0,0.0,10000.0,0.0
10:30:54,SCANNING,WATCH_PE,26024.95,26030.69,26039.39,-8.7,26000,NSE-NIFTY-02Jan25-26000-PE,0.0,0.0,0.0,0.0,0.0,10000.0,0.0
10:30:57,SCANNING,WATCH_PE,26023.85,26030.32,26039.23,-8.91,26000,NSE-NIFTY-02Jan25-26000-PE,0.0,0.0,0.0,0.0,0.0,10000.0,0.0
10:31:00,SCANNING,WATCH_PE,26023.85,26030.32,26039.23,-8.91,26000,NSE-NIFTY-02Jan25-26000-PE,0.0,0.0,0.0,0.0,0.0,10000.0,0.0
10:31:02,SCANNING,WATCH_PE,26021.45,26029.52,26038.89,-9.37,26000,NSE-NIFTY-02Jan25-26000-PE,0.0,0.0,0.0,0.0,0.0,10000.0,0.0
10:31:04,SCANNING,WATCH_PE,26022.85,26029.99,26039.09,-9.1,26000,NSE-NIFTY-02Jan25-26000-PE,0.0,0.0,0.0,0.0,0.0,10000.0,0.0
10:31:07,SCANNING,WATCH_PE,26023.2,26030.11,26039.14,-9.03,26000,NSE-NIFTY-02Jan25-26000-PE,0.0,0.0,0.0,0.0,0.0,10000.0,0.0
10:31:09,SCANNING,WATCH_PE,26024.85,26030.66,26039.37,-8.72,26000,NSE-NIFTY-02Jan25-26000-PE,0.0,0.0,0.0,0.0,0.0,10000.0,0.0
10:31:11,SCANNING,WATCH_PE,26024.75,26030.62,26039.36,-8.74,26000,NSE-NIFTY-02Jan25-26000-PE,0.0,0.0,0.0,0.0,0.0,10000.0,0.0
10:31:14,SCANNING,WATCH_PE,26026.3,26031.14,26039.58,-8.44,26050,NSE-NIFTY-02Jan25-26050-PE,0.0,0.0,0.0,0.0,0.0,10000.0,0.0
10:31:16,SCANNING,WATCH_PE,26026.4,26031.17,26039.6,-8.42,26050,NSE-NIFTY-02Jan25-26050-PE,0.0,0.0,0.0,0.0,0.0,10000.0,0.0
10:31:19,SCANNING,WATCH_PE,26026.2,26031.11,26039.57,-8.46,26050,NSE-NIFTY-02Jan25-26050-PE,0.0,0.0,0.0,0.0,0.0,10000.0,0.0
10:31:22,SCANNING,WATCH_PE,26026.9,26031.34,26039.67,-8.33,26050,NSE-NIFTY-02Jan25-26050-PE,0.0,0.0,0.0,0.0,0.0,10000.0,0.0
10:31:25,SCANNING,WATCH_PE,26026.65,26031.26,26039.63,-8.37,26050,NSE-NIFTY-02Jan25-26050-PE,0.0,0.0,0.0,0.0,0.0,10000.0,0.0
10:31:28,SCANNING,WATCH_PE,26025.95,26031.02,26039.53,-8.51,26050,NSE-NIFTY-02Jan25-26050-PE,0.0,0.0,0.0,0.0,0.0,10000.0,0.0
10:31:30,SCANNING,WATCH_PE,26025.5,26030.87,26039.47,-8.59,26050,NSE-NIFTY-02Jan25-26050-PE,0.0,0.0,0.0,0.0,0.0,10000.0,0.0
10:31:33,SCANNING,WATCH_PE,26025.8,26030.97,26039.51,-8.54,26050,NSE-NIFTY-02Jan25-26050-PE,0.0,0.0,0.0,0.0,0.0,10000.0,0.0
10:31:35,SCANNING,WATCH_PE,26024.45,26030.52,26039.32,-8.79,26000,NSE-NIFTY-02Jan25-26000-PE,0.0,0.0,0.0,0.0,0.0,10000.0,0.0
10:31:38,SCANNING,WATCH_PE,26024.2,26030.44,26039.28,-8.84,26000,NSE-NIFTY-02Jan25-26000-PE,0.0,0.0,0.0,0.0,0.0,10000.0,0.0
10:31:40,SCANNING,WATCH_PE,26024.25,26030.46,26039.29,-8.83,26000,NSE-NIFTY-02Jan25-26000-PE,0.0,0.0,0.0,0.0,0.0,10000.0,0.0
10:31:43,SCANNING,WATCH_PE,26023.0,26030.04,26039.11,-9.07,26000,NSE-NIFTY-02Jan25-26000-PE,0.0,0.0,0.0,0.0,0.0,10000.0,0.0
10:31:45,SCANNING,WATCH_PE,26023.55,26030.22,26039.19,-8.97,26000,NSE-NIFTY-02Jan25-26000-PE,0.0,0.0,0.0,0.0,0.0,10000.0,0.0
10:31:48,SCANNING,WATCH_PE,26022.45,26029.86,26039.03,-9.17,26000,NSE-NIFTY-02Jan25-26000-PE,0.0,0.0,0.0,0.0,0.0,10000.0,0.0
10:31:50,SCANNING,WATCH_PE,26023.4,26030.17,26039.17,-8.99,26000,NSE-NIFTY-02Jan25-26000-PE,0.0,0.0,0.0,0.0,0.0,10000.0,0.0
10:31:53,SCANNING,WATCH_PE,26023.0,26030.04,26039.11,-9.07,26000,NSE-NIFTY-02Jan25-26000-PE,0.0,0.0,0.0,0.0,0.0,10000.0,0.0
10:31:55,SCANNING,WATCH_PE,26022.5,26029.87,26039.04,-9.17,26000,NSE-NIFTY-02Jan25-26000-PE,0.0,0.0,0.0,0.0,0.0,10000.0,0.0
10:31:58,SCANNING,WATCH_PE,26022.5,26029.87,26039.04,-9.17,26000,NSE-NIFTY-02Jan25-26000-PE,0.0,0.0,0.0,0.0,0.0,10000.0,0.0
10:32:00,SCANNING,WATCH_PE,26022.5,26029.87,26039.04,-9.17,26000,NSE-NIFTY-02Jan25-26000-PE,0.0,0.0,0.0,0.0,0.0,10000.0,0.0
10:32:03,SCANNING,WATCH_PE,26019.8,26028.97,26038.65,-9.68,26000,NSE-NIFTY-02Jan25-26000-PE,0.0,0.0,0.0,0.0,0.0,10000.0,0.0
10:32:05,SCANNING,WATCH_PE,26020.8,26029.31,26038.8,-9.49,26000,NSE-NIFTY-02Jan25-26000-PE,0.0,0.0,0.0,0.0,0.0,10000.0,0.0
10:32:08,SCANNING,WATCH_PE,26020.25,26029.12,26038.72,-9.59,26000,NSE-NIFTY-02Jan25-26000-PE,0.0,0.0,0.0,0.0,0.0,10000.0,0.0
10:32:11,SCANNING,WATCH_PE,26018.75,26028.62,26038.5,-9.88,26000,NSE-NIFTY-02Jan25-26000-PE,0.0,0.0,0.0,0.0,0.0,10000.0,0.0
10:32:13,SCANNING,WATCH_PE,26020.15,26029.09,26038.7,-9.61,26000,NSE-NIFTY-02Jan25-26000-PE,0.0,0.0,0.0,0.0,0.0,10000.0,0.0
10:32:16,SCANNING,WATCH_PE,26019.25,26028.79,26038.57,-9.78,26000,NSE-NIFTY-02Jan25-26000-PE,0.0,0.0,0.0,0.0,0.0,10000.0,0.0
10:32:18,SCANNING,WATCH_PE,26018.4,26028.51,26038.45,-9.95,26000,NSE-NIFTY-02Jan25-26000-PE,0.0,0.0,0.0,0.0,0.0,10000.0,0.0
10:32:21,SCANNING,WATCH_PE,26020.65,26029.26,26038.77,-9.52,26000,NSE-NIFTY-02Jan25-26000-PE,0.0,0.0,0.0,0.0,0.0,10000.0,0.0
10:32:24,SCANNING,WATCH_PE,26019.8,26028.97,26038.65,-9.68,26000,NSE-NIFTY-02Jan25-26000-PE,0.0,0.0,0.0,0.0,0.0,10000.0,0.0
10:32:27,SCANNING,WATCH_PE,26018.6,26028.57,26038.48,-9.91,26000,NSE-NIFTY-02Jan25-26000-PE,0.0,0.0,0.0,0.0,0.0,10000.0,0.0
10:32:30,SCANNING,WATCH_PE,26018.25,26028.46,26038.43,-9.97,26000,NSE-NIFTY-02Jan25-26000-PE,0.0,0.0,0.0,0.0,0.0,10000.0,0.0
10:32:32,SCANNING,WATCH_PE,26017.75,26028.29,26038.36,-10.07,26000,NSE-NIFTY-02Jan25-26000-PE,0.0,0.0,0.0,0.0,0.0,10000.0,0.0
10:32:34,SCANNING,WATCH_PE,26017.35,26028.16,26038.3,-10.15,26000,NSE-NIFTY-02Jan25-26000-PE,0.0,0.0,0.0,0.0,0.0,10000.0,0.0
10:32:37,SCANNING,WATCH_PE,26017.25,26028.12,26038.29,-10.17,26000,NSE-NIFTY-02Jan25-26000-PE,0.0,0.0,0.0,0.0,0.0,10000.0,0.0
10:32:39,SCANNING,WATCH_PE,26016.55,26027.89,26038.19,-10.3,26000,NSE-NIFTY-02Jan25-26000-PE,0.0,0.0,0.0,0.0,0.0,10000.0,0.0
10:32:41,SCANNING,WATCH_PE,26015.95,26027.69,26038.1,-10.41,26000,NSE-NIFTY-02Jan25-26000-PE,0.0,0.0,0.0,0.0,0.0,10000.0,0.0
10:32:44,SCANNING,WATCH_PE,26017.8,26028.31,26038.37,-10.06,26000,NSE-NIFTY-02Jan25-26000-PE,0.0,0.0,0.0,0.0,0.0,10000.0,0.0
10:32:46,SCANNING,WATCH_PE,26018.5,26028.54,26038.47,-9.93,26000,NSE-NIFTY-02Jan25-26000-PE,0.0,0.0,0.0,0.0,0.0,10000.0,0.0
10:32:50,SCANNING,WATCH_PE,26016.8,26027.97,26038.22,-10.25,26000,NSE-NIFTY-02Jan25-26000-PE,0.0,0.0,0.0,0.0,0.0,10000.0,0.0
10:32:54,SCANNING,WATCH_PE,26017.35,26028.16,26038.3,-10.15,26000,NSE-NIFTY-02Jan25-26000-PE,0.0,0.0,0.0,0.0,0.0,10000.0,0.0
10:32:56,SCANNING,WATCH_PE,26017.15,26028.09,26038.27,-10.18,26000,NSE-NIFTY-02Jan25-26000-PE,0.0,0.0,0.0,0.0,0.0,10000.0,0.0
10:32:59,SCANNING,WATCH_PE,26017.15,26028.09,26038.27,-10.18,26000,NSE-NIFTY-02Jan25-26000-PE,0.0,0.0,0.0,0.0,0.0,10000.0,0.0
10:33:01,SCANNING,WATCH_PE,26017.05,26028.06,26038.26,-10.2,26000,NSE-NIFTY-02Jan25-26000-PE,0.0,0.0,0.0,0.0,0.0,10000.0,0.0
10:33:04,SCANNING,WATCH_PE,26015.5,26027.54,26038.04,-10.5,26000,NSE-NIFTY-02Jan25-26000-PE,0.0,0.0,0.0,0.0,0.0,10000.0,0.0
10:33:07,SCANNING,WATCH_PE,26016.45,26027.86,26038.17,-10.32,26000,NSE-NIFTY-02Jan25-26000-PE,0.0,0.0,0.0,0.0,0.0,10000.0,0.0
10:33:10,SCANNING,WATCH_PE,26015.9,26027.67,26038.1,-10.42,26000,NSE-NIFTY-02Jan25-26000-PE,0.0,0.0,0.0,0.0,0.0,10000.0,0.0
10:33:12,SCANNING,WATCH_PE,26014.4,26027.17,26037.88,-10.71,26000,NSE-NIFTY-02Jan25-26000-PE,0.0,0.0,0.0,0.0,0.0,10000.0,0.0
10:33:15,SCANNING,WATCH_PE,26018.4,26028.51,26038.45,-9.95,26000,NSE-NIFTY-02Jan25-26000-PE,0.0,0.0,0.0,0.0,0.0,10000.0,0.0
10:33:18,SCANNING,WATCH_PE,26017.95,26028.36,26038.39,-10.03,26000,NSE-NIFTY-02Jan25-26000-PE,0.0,0.0,0.0,0.0,0.0,10000.0,0.0
10:33:20,SCANNING,WATCH_PE,26018.35,26028.49,26038.45,-9.96,26000,NSE-NIFTY-02Jan25-26000-PE,0.0,0.0,0.0,0.0,0.0,10000.0,0.0
10:33:23,SCANNING,WATCH_PE,26017.75,26028.29,26038.36,-10.07,26000,NSE-NIFTY-02Jan25-26000-PE,0.0,0.0,0.0,0.0,0.0,10000.0,0.0
10:33:25,SCANNING,WATCH_PE,26018.6,26028.57,26038.48,-9.91,26000,NSE-NIFTY-02Jan25-26000-PE,0.0,0.0,0.0,0.0,0.0,10000.0,0.0
10:33:28,SCANNING,WATCH_PE,26017.5,26028.21,26038.32,-10.12,26000,NSE-NIFTY-02Jan25-26000-PE,0.0,0.0,0.0,0.0,0.0,10000.0,0.0
10:33:30,SCANNING,WATCH_PE,26017.6,26028.24,26038.34,-10.1,26000,NSE-NIFTY-02Jan25-26000-PE,0.0,0.0,0.0,0.0,0.0,10000.0,0.0
10:33:33,SCANNING,WATCH_PE,26017.4,26028.17,26038.31,-10.14,26000,NSE-NIFTY-02Jan25-26000-PE,0.0,0.0,0.0,0.0,0.0,10000.0,0.0
10:33:35,SCANNING,WATCH_PE,26017.05,26028.06,26038.26,-10.2,26000,NSE-NIFTY-02Jan25-26000-PE,0.0,0.0,0.0,0.0,0.0,10000.0,0.0
10:33:37,SCANNING,WATCH_PE,26018.05,26028.39,26038.4,-10.01,26000,NSE-NIFTY-02Jan25-26000-PE,0.0,0.0,0.0,0.0,0.0,10000.0,0.0
10:33:40,SCANNING,WATCH_PE,26017.8,26028.31,26038.37,-10.06,26000,NSE-NIFTY-02Jan25-26000-PE,0.0,0.0,0.0,0.0,0.0,10000.0,0.0
10:33:43,SCANNING,WATCH_PE,26018.3,26028.47,26038.44,-9.97,26000,NSE-NIFTY-02Jan25-26000-PE,0.0,0.0,0.0,0.0,0.0,10000.0,0.0
10:33:45,SCANNING,WATCH_PE,26018.45,26028.52,26038.46,-9.94,26000,NSE-NIFTY-02Jan25-26000-PE,0.0,0.0,0.0,0.0,0.0,10000.0,0.0
10:33:47,SCANNING,WATCH_PE,26017.55,26028.22,26038.33,-10.11,26000,NSE-NIFTY-02Jan25-26000-PE,0.0,0.0,0.0,0.0,0.0,10000.0,0.0
10:33:49,SCANNING,WATCH_PE,26018.65,26028.59,26038.49,-9.9,26000,NSE-NIFTY-02Jan25-26000-PE,0.0,0.0,0.0,0.0,0.0,10000.0,0.0
10:33:52,SCANNING,WATCH_PE,26017.1,26028.07,26038.27,-10.19,26000,NSE-NIFTY-02Jan25-26000-PE,0.0,0.0,0.0,0.0,0.0,10000.0,0.0
10:33:55,SCANNING,WATCH_PE,26017.25,26028.12,26038.29,-10.17,26000,NSE-NIFTY-02Jan25-26000-PE,0.0,0.0,0.0,0.0,0.0,10000.0,0.0
10:33:57,SCANNING,WATCH_PE,26017.65,26028.26,26038.35,-10.09,26000,NSE-NIFTY-02Jan25-26000-PE,0.0,0.0,0.0,0.0,0.0,10000.0,0.0
10:34:00,SCANNING,WATCH_PE,26017.65,26028.26,26038.35,-10.09,26000,NSE-NIFTY-02Jan25-26000-PE,0.0,0.0,0.0,0.0,0.0,10000.0,0.0
10:34:03,SCANNING,WATCH_PE,26014.3,26027.14,26037.87,-10.73,26000,NSE-NIFTY-02Jan25-26000-PE,0.0,0.0,0.0,0.0,0.0,10000.0,0.0
10:34:06,SCANNING,WATCH_PE,26015.75,26027.62,26038.07,-10.45,26000,NSE-NIFTY-02Jan25-26000-PE,0.0,0.0,0.0,0.0,0.0,10000.0,0.0
10:34:08,SCANNING,WATCH_PE,26015.4,26027.51,26038.02,-10.52,26000,NSE-NIFTY-02Jan25-26000-PE,0.0,0.0,0.0,0.0,0.0,10000.0,0.0
10:34:10,SCANNING,WATCH_PE,26016.55,26027.89,26038.19,-10.3,26000,NSE-NIFTY-02Jan25-26000-PE,0.0,0.0,0.0,0.0,0.0,10000.0,0.0
10:34:13,SCANNING,WATCH_PE,26016.0,26027.71,26038.11,-10.4,26000,NSE-NIFTY-02Jan25-26000-PE,0.0,0.0,0.0,0.0,0.0,10000.0,0.0
10:34:16,SCANNING,WATCH_PE,26015.4,26027.51,26038.02,-10.52,26000,NSE-NIFTY-02Jan25-26000-PE,0.0,0.0,0.0,0.0,0.0,10000.0,0.0
10:34:19,SCANNING,WATCH_PE,26015.25,26027.46,26038.0,-10.55,26000,NSE-NIFTY-02Jan25-26000-PE,0.0,0.0,0.0,0.0,0.0,10000.0,0.0
10:34:23,SCANNING,WATCH_PE,26015.7,26027.61,26038.07,-10.46,26000,NSE-NIFTY-02Jan25-26000-PE,0.0,0.0,0.0,0.0,0.0,10000.0,0.0
10:34:25,SCANNING,WATCH_PE,26016.45,26027.86,26038.17,-10.32,26000,NSE-NIFTY-02Jan25-26000-PE,0.0,0.0,0.0,0.0,0.0,10000.0,0.0
10:34:28,SCANNING,WATCH_PE,26017.2,26028.11,26038.28,-10.17,26000,NSE-NIFTY-02Jan25-26000-PE,0.0,0.0,0.0,0.0,0.0,10000.0,0.0
10:34:32,SCANNING,WATCH_PE,26018.7,26028.61,26038.5,-9.89,26000,NSE-NIFTY-02Jan25-26000-PE,0.0,0.0,0.0,0.0,0.0,10000.0,0.0
10:34:34,SCANNING,WATCH_PE,26017.25,26028.12,26038.29,-10.17,26000,NSE-NIFTY-02Jan25-26000-PE,0.0,0.0,0.0,0.0,0.0,10000.0,0.0
10:34:37,SCANNING,WATCH_PE,26018.7,26028.61,26038.5,-9.89,26000,NSE-NIFTY-02Jan25-26000-PE,0.0,0.0,0.0,0.0,0.0,10000.0,0.0
10:34:40,SCANNING,WATCH_PE,26018.75,26028.62,26038.5,-9.88,26000,NSE-NIFTY-02Jan25-26000-PE,0.0,0.0,0.0,0.0,0.0,10000.0,0.0
10:34:43,SCANNING,WATCH_PE,26017.9,26028.34,26038.38,-10.04,26000,NSE-NIFTY-02Jan25-26000-PE,0.0,0.0,0.0,0.0,0.0,10000.0,0.0
10:34:45,SCANNING,WATCH_PE,26018.9,26028.67,26038.52,-9.85,26000,NSE-NIFTY-02Jan25-26000-PE,0.0,0.0,0.0,0.0,0.0,10000.0,0.0
10:34:48,SCANNING,WATCH_PE,26018.8,26028.64,26038.51,-9.87,26000,NSE-NIFTY-02Jan25-26000-PE,0.0,0.0,0.0,0.0,0.0,10000.0,0.0
10:34:51,SCANNING,WATCH_PE,26018.75,26028.62,26038.5,-9.88,26000,NSE-NIFTY-02Jan25-26000-PE,0.0,0.0,0.0,0.0,0.0,10000.0,0.0
10:34:54,SCANNING,WATCH_PE,26019.25,26028.79,26038.57,-9.78,26000,NSE-NIFTY-02Jan25-26000-PE,0.0,0.0,0.0,0.0,0.0,10000.0,0.0
10:34:57,SCANNING,WATCH_PE,26019.4,26028.84,26038.6,-9.76,26000,NSE-NIFTY-02Jan25-26000-PE,0.0,0.0,0.0,0.0,0.0,10000.0,0.0
10:34:59,SCANNING,WATCH_PE,26019.4,26028.84,26038.6,-9.76,26000,NSE-NIFTY-02Jan25-26000-PE,0.0,0.0,0.0,0.0,0.0,10000.0,0.0
10:35:02,SCANNING,WATCH_PE,26018.65,26025.44,26035.75,-10.3,26000,NSE-NIFTY-02Jan25-26000-PE,0.0,0.0,0.0,0.0,0.0,10000.0,0.0
10:35:04,SCANNING,WATCH_PE,26018.95,26025.54,26035.79,-10.25,26000,NSE-NIFTY-02Jan25-26000-PE,0.0,0.0,0.0,0.0,0.0,10000.0,0.0
10:35:07,SCANNING,WATCH_PE,26017.7,26025.13,26035.61,-10.48,26000,NSE-NIFTY-02Jan25-26000-PE,0.0,0.0,0.0,0.0,0.0,10000.0,0.0
10:35:10,SCANNING,WATCH_PE,26019.3,26025.66,26035.84,-10.18,26000,NSE-NIFTY-02Jan25-26000-PE,0.0,0.0,0.0,0.0,0.0,10000.0,0.0
10:35:13,SCANNING,WATCH_PE,26018.05,26025.24,26035.66,-10.42,26000,NSE-NIFTY-02Jan25-26000-PE,0.0,0.0,0.0,0.0,0.0,10000.0,0.0
10:35:15,SCANNING,WATCH_PE,26019.2,26025.63,26035.82,-10.2,26000,NSE-NIFTY-02Jan25-26000-PE,0.0,0.0,0.0,0.0,0.0,10000.0,0.0
10:35:18,SCANNING,WATCH_PE,26017.8,26025.16,26035.62,-10.46,26000,NSE-NIFTY-02Jan25-26000-PE,0.0,0.0,0.0,0.0,0.0,10000.0,0.0
10:35:21,SCANNING,WATCH_PE,26018.2,26025.29,26035.68,-10.39,26000,NSE-NIFTY-02Jan25-26000-PE,0.0,0.0,0.0,0.0,0.0,10000.0,0.0
10:35:23,SCANNING,WATCH_PE,26019.5,26025.73,26035.87,-10.14,26000,NSE-NIFTY-02Jan25-26000-PE,0.0,0.0,0.0,0.0,0.0,10000.0,0.0
10:35:26,SCANNING,WATCH_PE,26019.4,26025.69,26035.85,-10.16,26000,NSE-NIFTY-02Jan25-26000-PE,0.0,0.0,0.0,0.0,0.0,10000.0,0.0
10:35:29,SCANNING,WATCH_PE,26019.4,26025.69,26035.85,-10.16,26000,NSE-NIFTY-02Jan25-26000-PE,0.0,0.0,0.0,0.0,0.0,10000.0,0.0
10:35:32,SCANNING,WATCH_PE,26019.4,26025.69,26035.85,-10.16,26000,NSE-NIFTY-02Jan25-26000-PE,0.0,0.0,0.0,0.0,0.0,10000.0,0.0
10:35:34,SCANNING,WATCH_PE,26019.05,26025.58,26035.8,-10.23,26000,NSE-NIFTY-02Jan25-26000-PE,0.0,0.0,0.0,0.0,0.0,10000.0,0.0
10:35:36,SCANNING,WATCH_PE,26019.0,26025.56,26035.8,-10.24,26000,NSE-NIFTY-02Jan25-26000-PE,0.0,0.0,0.0,0.0,0.0,10000.0,0.0
10:35:39,SCANNING,WATCH_PE,26019.35,26025.68,26035.85,-10.17,26000,NSE-NIFTY-02Jan25-26000-PE,0.0,0.0,0.0,0.0,0.0,10000.0,0.0
10:35:41,SCANNING,WATCH_PE,26018.7,26025.46,26035.75,-10.29,26000,NSE-NIFTY-02Jan25-26000-PE,0.0,0.0,0.0,0.0,0.0,10000.0,0.0
10:35:43,SCANNING,WATCH_PE,26018.7,26025.46,26035.75,-10.29,26000,NSE-NIFTY-02Jan25-26000-PE,0.0,0.0,0.0,0.0,0.0,10000.0,0.0
10:35:45,SCANNING,WATCH_PE,26020.3,26025.99,26035.98,-9.99,26000,NSE-NIFTY-02Jan25-26000-PE,0.0,0.0,0.0,0.0,0.0,10000.0,0.0
10:35:48,SCANNING,WATCH_PE,26020.2,26025.96,26035.97,-10.01,26000,NSE-NIFTY-02Jan25-26000-PE,0.0,0.0,0.0,0.0,0.0,10000.0,0.0
10:35:50,SCANNING,WATCH_PE,26019.7,26025.79,26035.9,-10.1,26000,NSE-NIFTY-02Jan25-26000-PE,0.0,0.0,0.0,0.0,0.0,10000.0,0.0
10:35:53,SCANNING,WATCH_PE,26020.45,26026.04,26036.0,-9.96,26000,NSE-NIFTY-02Jan25-26000-PE,0.0,0.0,0.0,0.0,0.0,10000.0,0.0
10:35:56,SCANNING,WATCH_PE,26020.05,26025.91,26035.95,-10.04,26000,NSE-NIFTY-02Jan25-26000-PE,0.0,0.0,0.0,0.0,0.0,10000.0,0.0
10:35:58,SCANNING,WATCH_PE,26020.05,26025.91,26035.95,-10.04,26000,NSE-NIFTY-02Jan25-26000-PE,0.0,0.0,0.0,0.0,0.0,10000.0,0.0
10:36:01,SCANNING,WATCH_PE,26020.05,26025.91,26035.95,-10.04,26000,NSE-NIFTY-02Jan25-26000-PE,0.0,0.0,0.0,0.0,0.0,10000.0,0.0
10:36:03,SCANNING,WATCH_PE,26020.5,26026.06,26036.01,-9.95,26000,NSE-NIFTY-02Jan25-26000-PE,0.0,0.0,0.0,0.0,0.0,10000.0,0.0
10:36:08,SCANNING,WATCH_PE,26020.05,26025.91,26035.95,-10.04,26000,NSE-NIFTY-02Jan25-26000-PE,0.0,0.0,0.0,0.0,0.0,10000.0,0.0
10:36:10,SCANNING,WATCH_PE,26021.55,26026.41,26036.16,-9.75,26000,NSE-NIFTY-02Jan25-26000-PE,0.0,0.0,0.0,0.0,0.0,10000.0,0.0
10:36:13,SCANNING,WATCH_PE,26020.85,26026.18,26036.06,-9.88,26000,NSE-NIFTY-02Jan25-26000-PE,0.0,0.0,0.0,0.0,0.0,10000.0,0.0
10:36:15,SCANNING,WATCH_PE,26021.35,26026.34,26036.13,-9.79,26000,NSE-NIFTY-02Jan25-26000-PE,0.0,0.0,0.0,0.0,0.0,10000.0,0.0
10:36:17,SCANNING,WATCH_PE,26020.35,26026.01,26035.99,-9.98,26000,NSE-NIFTY-02Jan25-26000-PE,0.0,0.0,0.0,0.0,0.0,10000.0,0.0
10:36:19,SCANNING,WATCH_PE,26020.9,26026.19,26036.07,-9.87,26000,NSE-NIFTY-02Jan25-26000-PE,0.0,0.0,0.0,0.0,0.0,10000.0,0.0
10:36:22,SCANNING,WATCH_PE,26021.5,26026.39,26036.15,-9.76,26000,NSE-NIFTY-02Jan25-26000-PE,0.0,0.0,0.0,0.0,0.0,10000.0,0.0
10:36:25,SCANNING,WATCH_PE,26021.45,26026.38,26036.15,-9.77,26000,NSE-NIFTY-02Jan25-26000-PE,0.0,0.0,0.0,0.0,0.0,10000.0,0.0
10:36:28,SCANNING,WATCH_PE,26021.15,26026.28,26036.1,-9.83,26000,NSE-NIFTY-02Jan25-26000-PE,0.0,0.0,0.0,0.0,0.0,10000.0,0.0
10:36:31,SCANNING,WATCH_PE,26020.65,26026.11,26036.03,-9.92,26000,NSE-NIFTY-02Jan25-26000-PE,0.0,0.0,0.0,0.0,0.0,10000.0,0.0
10:36:33,SCANNING,WATCH_PE,26020.35,26026.01,26035.99,-9.98,26000,NSE-NIFTY-02Jan25-26000-PE,0.0,0.0,0.0,0.0,0.0,10000.0,0.0
10:36:35,SCANNING,WATCH_PE,26020.9,26026.19,26036.07,-9.87,26000,NSE-NIFTY-02Jan25-26000-PE,0.0,0.0,0.0,0.0,0.0,10000.0,0.0
10:36:37,SCANNING,WATCH_PE,26020.7,26026.13,26036.04,-9.91,26000,NSE-NIFTY-02Jan25-26000-PE,0.0,0.0,0.0,0.0,0.0,10000.0,0.0
10:36:40,SCANNING,WATCH_PE,26020.5,26026.06,26036.01,-9.95,26000,NSE-NIFTY-02Jan25-26000-PE,0.0,0.0,0.0,0.0,0.0,10000.0,0.0
10:36:42,SCANNING,WATCH_PE,26019.95,26025.88,26035.93,-10.06,26000,NSE-NIFTY-02Jan25-26000-PE,0.0,0.0,0.0,0.0,0.0,10000.0,0.0
10:36:44,SCANNING,WATCH_PE,26019.25,26025.64,26035.83,-10.19,26000,NSE-NIFTY-02Jan25-26000-PE,0.0,0.0,0.0,0.0,0.0,10000.0,0.0
10:36:46,SCANNING,WATCH_PE,26020.2,26025.96,26035.97,-10.01,26000,NSE-NIFTY-02Jan25-26000-PE,0.0,0.0,0.0,0.0,0.0,10000.0,0.0
10:36:49,SCANNING,WATCH_PE,26019.6,26025.76,26035.88,-10.12,26000,NSE-NIFTY-02Jan25-26000-PE,0.0,0.0,0.0,0.0,0.0,10000.0,0.0
10:36:51,SCANNING,WATCH_PE,26018.95,26025.54,26035.79,-10.25,26000,NSE-NIFTY-02Jan25-26000-PE,0.0,0.0,0.0,0.0,0.0,10000.0,0.0
10:36:54,SCANNING,WATCH_PE,26019.05,26025.58,26035.8,-10.23,26000,NSE-NIFTY-02Jan25-26000-PE,0.0,0.0,0.0,0.0,0.0,10000.0,0.0
10:36:56,SCANNING,WATCH_PE,26019.15,26025.61,26035.82,-10.21,26000,NSE-NIFTY-02Jan25-26000-PE,0.0,0.0,0.0,0.0,0.0,10000.0,0.0
10:36:59,SCANNING,WATCH_PE,26019.15,26025.61,26035.82,-10.21,26000,NSE-NIFTY-02Jan25-26000-PE,0.0,0.0,0.0,0.0,0.0,10000.0,0.0
10:37:02,SCANNING,WATCH_PE,26020.2,26025.96,26035.97,-10.01,26000,NSE-NIFTY-02Jan25-26000-PE,0.0,0.0,0.0,0.0,0.0,10000.0,0.0
10:37:04,SCANNING,WATCH_PE,26019.4,26025.69,26035.85,-10.16,26000,NSE-NIFTY-02Jan25-26000-PE,0.0,0.0,0.0,0.0,0.0,10000.0,0.0
10:37:07,SCANNING,WATCH_PE,26020.15,26025.94,26035.96,-10.02,26000,NSE-NIFTY-02Jan25-26000-PE,0.0,0.0,0.0,0.0,0.0,10000.0,0.0
10:37:09,SCANNING,WATCH_PE,26018.65,26025.44,26035.75,-10.3,26000,NSE-NIFTY-02Jan25-26000-PE,0.0,0.0,0.0,0.0,0.0,10000.0,0.0
10:37:11,SCANNING,WATCH_PE,26020.85,26026.18,26036.06,-9.88,26000,NSE-NIFTY-02Jan25-26000-PE,0.0,0.0,0.0,0.0,0.0,10000.0,0.0
10:37:13,SCANNING,WATCH_PE,26021.25,26026.31,26036.12,-9.81,26000,NSE-NIFTY-02Jan25-26000-PE,0.0,0.0,0.0,0.0,0.0,10000.0,0.0
10:37:16,SCANNING,WATCH_PE,26021.0,26026.23,26036.08,-9.86,26000,NSE-NIFTY-02Jan25-26000-PE,0.0,0.0,0.0,0.0,0.0,10000.0,0.0
10:37:18,SCANNING,WATCH_PE,26021.55,26026.41,26036.16,-9.75,26000,NSE-NIFTY-02Jan25-26000-PE,0.0,0.0,0.0,0.0,0.0,10000.0,0.0
10:37:21,SCANNING,WATCH_PE,26021.05,26026.24,26036.09,-9.85,26000,NSE-NIFTY-02Jan25-26000-PE,0.0,0.0,0.0,0.0,0.0,10000.0,0.0
10:37:23,SCANNING,WATCH_PE,26019.95,26025.88,26035.93,-10.06,26000,NSE-NIFTY-02Jan25-26000-PE,0.0,0.0,0.0,0.0,0.0,10000.0,0.0
10:37:26,SCANNING,WATCH_PE,26020.3,26025.99,26035.98,-9.99,26000,NSE-NIFTY-02Jan25-26000-PE,0.0,0.0,0.0,0.0,0.0,10000.0,0.0
10:37:29,SCANNING,WATCH_PE,26019.9,26025.86,26035.92,-10.06,26000,NSE-NIFTY-02Jan25-26000-PE,0.0,0.0,0.0,0.0,0.0,10000.0,0.0
10:37:31,SCANNING,WATCH_PE,26021.4,26026.36,26036.14,-9.78,26000,NSE-NIFTY-02Jan25-26000-PE,0.0,0.0,0.0,0.0,0.0,10000.0,0.0
10:37:33,SCANNING,WATCH_PE,26021.15,26026.28,26036.1,-9.83,26000,NSE-NIFTY-02Jan25-26000-PE,0.0,0.0,0.0,0.0,0.0,10000.0,0.0
10:37:36,SCANNING,WATCH_PE,26020.0,26025.89,26035.94,-10.05,26000,NSE-NIFTY-02Jan25-26000-PE,0.0,0.0,0.0,0.0,0.0,10000.0,0.0
10:37:39,SCANNING,WATCH_PE,26019.95,26025.88,26035.93,-10.06,26000,NSE-NIFTY-02Jan25-26000-PE,0.0,0.0,0.0,0.0,0.0,10000.0,0.0
10:37:42,SCANNING,WATCH_PE,26018.25,26025.31,26035.69,-10.38,26000,NSE-NIFTY-02Jan25-26000-PE,0.0,0.0,0.0,0.0,0.0,10000.0,0.0
10:37:44,SCANNING,WATCH_PE,26019.55,26025.74,26035.87,-10.13,26000,NSE-NIFTY-02Jan25-26000-PE,0.0,0.0,0.0,0.0,0.0,10000.0,0.0
10:37:46,SCANNING,WATCH_PE,26019.3,26025.66,26035.84,-10.18,26000,NSE-NIFTY-02Jan25-26000-PE,0.0,0.0,0.0,0.0,0.0,10000.0,0.0
10:37:48,SCANNING,WATCH_PE,26018.8,26025.49,26035.77,-10.27,26000,NSE-NIFTY-02Jan25-26000-PE,0.0,0.0,0.0,0.0,0.0,10000.0,0.0
10:37:50,SCANNING,WATCH_PE,26019.65,26025.78,26035.89,-10.11,26000,NSE-NIFTY-02Jan25-26000-PE,0.0,0.0,0.0,0.0,0.0,10000.0,0.0
10:37:52,SCANNING,WATCH_PE,26020.15,26025.94,26035.96,-10.02,26000,NSE-NIFTY-02Jan25-26000-PE,0.0,0.0,0.0,0.0,0.0,10000.0,0.0
10:37:55,SCANNING,WATCH_PE,26019.75,26025.81,26035.9,-10.09,26000,NSE-NIFTY-02Jan25-26000-PE,0.0,0.0,0.0,0.0,0.0,10000.0,0.0
10:37:57,SCANNING,WATCH_PE,26019.45,26025.71,26035.86,-10.15,26000,NSE-NIFTY-02Jan25-26000-PE,0.0,0.0,0.0,0.0,0.0,10000.0,0.0
10:38:00,SCANNING,WATCH_PE,26019.45,26025.71,26035.86,-10.15,26000,NSE-NIFTY-02Jan25-26000-PE,0.0,0.0,0.0,0.0,0.0,10000.0,0.0
10:38:03,SCANNING,WATCH_PE,26019.05,26025.58,26035.8,-10.23,26000,NSE-NIFTY-02Jan25-26000-PE,0.0,0.0,0.0,0.0,0.0,10000.0,0.0
10:38:05,SCANNING,WATCH_PE,26019.15,26025.61,26035.82,-10.21,26000,NSE-NIFTY-02Jan25-26000-PE,0.0,0.0,0.0,0.0,0.0,10000.0,0.0
10:38:07,SCANNING,WATCH_PE,26018.75,26025.48,26035.76,-10.28,26000,NSE-NIFTY-02Jan25-26000-PE,0.0,0.0,0.0,0.0,0.0,10000.0,0.0
10:38:09,SCANNING,WATCH_PE,26018.95,26025.54,26035.79,-10.25,26000,NSE-NIFTY-02Jan25-26000-PE,0.0,0.0,0.0,0.0,0.0,10000.0,0.0
10:38:12,SCANNING,WATCH_PE,26018.2,26025.29,26035.68,-10.39,26000,NSE-NIFTY-02Jan25-26000-PE,0.0,0.0,0.0,0.0,0.0,10000.0,0.0
10:38:15,SCANNING,WATCH_PE,26017.05,26024.91,26035.52,-10.61,26000,NSE-NIFTY-02Jan25-26000-PE,0.0,0.0,0.0,0.0,0.0,10000.0,0.0
10:38:18,SCANNING,WATCH_PE,26017.5,26025.06,26035.58,-10.52,26000,NSE-NIFTY-02Jan25-26000-PE,0.0,0.0,0.0,0.0,0.0,10000.0,0.0
10:38:20,SCANNING,WATCH_PE,26018.8,26025.49,26035.77,-10.27,26000,NSE-NIFTY-02Jan25-26000-PE,0.0,0.0,0.0,0.0,0.0,10000.0,0.0
10:38:23,SCANNING,WATCH_PE,26019.4,26025.69,26035.85,-10.16,26000,NSE-NIFTY-02Jan25-26000-PE,0.0,0.0,0.0,0.0,0.0,10000.0,0.0
10:38:26,SCANNING,WATCH_PE,26020.2,26025.96,26035.97,-10.01,26000,NSE-NIFTY-02Jan25-26000-PE,0.0,0.0,0.0,0.0,0.0,10000.0,0.0
10:38:28,SCANNING,WATCH_PE,26018.95,26025.54,26035.79,-10.25,26000,NSE-NIFTY-02Jan25-26000-PE,0.0,0.0,0.0,0.0,0.0,10000.0,0.0
10:38:30,SCANNING,WATCH_PE,26018.2,26025.29,26035.68,-10.39,26000,NSE-NIFTY-02Jan25-26000-PE,0.0,0.0,0.0,0.0,0.0,10000.0,0.0
10:38:32,SCANNING,WATCH_PE,26018.85,26025.51,26035.77,-10.26,26000,NSE-NIFTY-02Jan25-26000-PE,0.0,0.0,0.0,0.0,0.0,10000.0,0.0
10:38:34,SCANNING,WATCH_PE,26017.85,26025.18,26035.63,-10.46,26000,NSE-NIFTY-02Jan25-26000-PE,0.0,0.0,0.0,0.0,0.0,10000.0,0.0
10:38:36,SCANNING,WATCH_PE,26019.1,26025.59,26035.81,-10.22,26000,NSE-NIFTY-02Jan25-26000-PE,0.0,0.0,0.0,0.0,0.0,10000.0,0.0
10:38:38,SCANNING,WATCH_PE,26019.3,26025.66,26035.84,-10.18,26000,NSE-NIFTY-02Jan25-26000-PE,0.0,0.0,0.0,0.0,0.0,10000.0,0.0
10:38:41,SCANNING,WATCH_PE,26017.05,26024.91,26035.52,-10.61,26000,NSE-NIFTY-02Jan25-26000-PE,0.0,0.0,0.0,0.0,0.0,10000.0,0.0
10:38:44,SCANNING,WATCH_PE,26018.85,26025.51,26035.77,-10.26,26000,NSE-NIFTY-02Jan25-26000-PE,0.0,0.0,0.0,0.0,0.0,10000.0,0.0
10:38:47,SCANNING,WATCH_PE,26018.8,26025.49,26035.77,-10.27,26000,NSE-NIFTY-02Jan25-26000-PE,0.0,0.0,0.0,0.0,0.0,10000.0,0.0
10:38:49,SCANNING,WATCH_PE,26017.7,26025.13,26035.61,-10.48,26000,NSE-NIFTY-02Jan25-26000-PE,0.0,0.0,0.0,0.0,0.0,10000.0,0.0
10:38:51,SCANNING,WATCH_PE,26018.6,26025.43,26035.74,-10.31,26000,NSE-NIFTY-02Jan25-26000-PE,0.0,0.0,0.0,0.0,0.0,10000.0,0.0
10:38:54,SCANNING,WATCH_PE,26019.4,26025.69,26035.85,-10.16,26000,NSE-NIFTY-02Jan25-26000-PE,0.0,0.0,0.0,0.0,0.0,10000.0,0.0
10:38:57,SCANNING,WATCH_PE,26018.9,26025.53,26035.78,-10.26,26000,NSE-NIFTY-02Jan25-26000-PE,0.0,0.0,0.0,0.0,0.0,10000.0,0.0
10:39:00,SCANNING,WATCH_PE,26018.9,26025.53,26035.78,-10.26,26000,NSE-NIFTY-02Jan25-26000-PE,0.0,0.0,0.0,0.0,0.0,10000.0,0.0
10:39:03,SCANNING,WATCH_PE,26019.05,26025.58,26035.8,-10.23,26000,NSE-NIFTY-02Jan25-26000-PE,0.0,0.0,0.0,0.0,0.0,10000.0,0.0
10:39:07,SCANNING,WATCH_PE,26018.9,26025.53,26035.78,-10.26,26000,NSE-NIFTY-02Jan25-26000-PE,0.0,0.0,0.0,0.0,0.0,10000.0,0.0
10:39:11,SCANNING,WATCH_PE,26019.25,26025.64,26035.83,-10.19,26000,NSE-NIFTY-02Jan25-26000-PE,0.0,0.0,0.0,0.0,0.0,10000.0,0.0
10:39:14,SCANNING,WATCH_PE,26018.4,26025.36,26035.71,-10.35,26000,NSE-NIFTY-02Jan25-26000-PE,0.0,0.0,0.0,0.0,0.0,10000.0,0.0
10:39:16,SCANNING,WATCH_PE,26020.6,26026.09,26036.02,-9.93,26000,NSE-NIFTY-02Jan25-26000-PE,0.0,0.0,0.0,0.0,0.0,10000.0,0.0
10:39:19,SCANNING,WATCH_PE,26019.65,26025.78,26035.89,-10.11,26000,NSE-NIFTY-02Jan25-26000-PE,0.0,0.0,0.0,0.0,0.0,10000.0,0.0
10:39:21,SCANNING,WATCH_PE,26021.0,26026.23,26036.08,-9.86,26000,NSE-NIFTY-02Jan25-26000-PE,0.0,0.0,0.0,0.0,0.0,10000.0,0.0
10:39:24,SCANNING,WATCH_PE,26020.55,26026.08,26036.02,-9.94,26000,NSE-NIFTY-02Jan25-26000-PE,0.0,0.0,0.0,0.0,0.0,10000.0,0.0
10:39:28,SCANNING,WATCH_PE,26022.05,26026.58,26036.23,-9.66,26000,NSE-NIFTY-02Jan25-26000-PE,0.0,0.0,0.0,0.0,0.0,10000.0,0.0
10:39:31,SCANNING,WATCH_PE,26021.25,26026.31,26036.12,-9.81,26000,NSE-NIFTY-02Jan25-26000-PE,0.0,0.0,0.0,0.0,0.0,10000.0,0.0
10:39:34,SCANNING,WATCH_PE,26020.75,26026.14,26036.05,-9.9,26000,NSE-NIFTY-02Jan25-26000-PE,0.0,0.0,0.0,0.0,0.0,10000.0,0.0
10:39:37,SCANNING,WATCH_PE,26019.6,26025.76,26035.88,-10.12,26000,NSE-NIFTY-02Jan25-26000-PE,0.0,0.0,0.0,0.0,0.0,10000.0,0.0
10:39:40,SCANNING,WATCH_PE,26019.85,26025.84,26035.92,-10.07,26000,NSE-NIFTY-02Jan25-26000-PE,0.0,0.0,0.0,0.0,0.0,10000.0,0.0
10:39:42,SCANNING,WATCH_PE,26018.85,26025.51,26035.77,-10.26,26000,NSE-NIFTY-02Jan25-26000-PE,0.0,0.0,0.0,0.0,0.0,10000.0,0.0
10:39:47,SCANNING,WATCH_PE,26019.7,26025.79,26035.9,-10.1,26000,NSE-NIFTY-02Jan25-26000-PE,0.0,0.0,0.0,0.0,0.0,10000.0,0.0
10:39:50,SCANNING,WATCH_PE,26020.5,26026.06,26036.01,-9.95,26000,NSE-NIFTY-02Jan25-26000-PE,0.0,0.0,0.0,0.0,0.0,10000.0,0.0
10:39:53,SCANNING,WATCH_PE,26019.75,26025.81,26035.9,-10.09,26000,NSE-NIFTY-02Jan25-26000-PE,0.0,0.0,0.0,0.0,0.0,10000.0,0.0
10:39:55,SCANNING,WATCH_PE,26018.35,26025.34,26035.7,-10.36,26000,NSE-NIFTY-02Jan25-26000-PE,0.0,0.0,0.0,0.0,0.0,10000.0,0.0
10:39:58,SCANNING,WATCH_PE,26018.35,26025.34,26035.7,-10.36,26000,NSE-NIFTY-02Jan25-26000-PE,0.0,0.0,0.0,0.0,0.0,10000.0,0.0
10:40:01,SCANNING,WATCH_PE,26018.35,26025.34,26035.7,-10.36,26000,NSE-NIFTY-02Jan25-26000-PE,0.0,0.0,0.0,0.0,0.0,10000.0,0.0
10:40:04,SCANNING,WATCH_PE,26018.65,26023.11,26033.27,-10.16,26000,NSE-NIFTY-02Jan25-26000-PE,0.0,0.0,0.0,0.0,0.0,10000.0,0.0
10:40:06,SCANNING,WATCH_PE,26017.5,26022.73,26033.1,-10.37,26000,NSE-NIFTY-02Jan25-26000-PE,0.0,0.0,0.0,0.0,0.0,10000.0,0.0
10:40:08,SCANNING,WATCH_PE,26016.4,26022.36,26032.95,-10.58,26000,NSE-NIFTY-02Jan25-26000-PE,0.0,0.0,0.0,0.0,0.0,10000.0,0.0
10:40:11,SCANNING,WATCH_PE,26016.15,26022.28,26032.91,-10.63,26000,NSE-NIFTY-02Jan25-26000-PE,0.0,0.0,0.0,0.0,0.0,10000.0,0.0
10:40:13,SCANNING,WATCH_PE,26017.25,26022.65,26033.07,-10.42,26000,NSE-NIFTY-02Jan25-26000-PE,0.0,0.0,0.0,0.0,0.0,10000.0,0.0
10:40:16,SCANNING,WATCH_PE,26017.2,26022.63,26033.06,-10.43,26000,NSE-NIFTY-02Jan25-26000-PE,0.0,0.0,0.0,0.0,0.0,10000.0,0.0
10:40:19,SCANNING,WATCH_PE,26017.35,26022.68,26033.08,-10.4,26000,NSE-NIFTY-02Jan25-26000-PE,0.0,0.0,0.0,0.0,0.0,10000.0,0.0
10:40:22,SCANNING,WATCH_PE,26016.3,26022.33,26032.93,-10.6,26000,NSE-NIFTY-02Jan25-26000-PE,0.0,0.0,0.0,0.0,0.0,10000.0,0.0
10:40:25,SCANNING,WATCH_PE,26016.65,26022.45,26032.98,-10.54,26000,NSE-NIFTY-02Jan25-26000-PE,0.0,0.0,0.0,0.0,0.0,10000.0,0.0
10:40:27,SCANNING,WATCH_PE,26014.95,26021.88,26032.74,-10.86,26000,NSE-NIFTY-02Jan25-26000-PE,0.0,0.0,0.0,0.0,0.0,10000.0,0.0
10:40:31,SCANNING,WATCH_PE,26015.8,26022.16,26032.86,-10.7,26000,NSE-NIFTY-02Jan25-26000-PE,0.0,0.0,0.0,0.0,0.0,10000.0,0.0
10:40:34,SCANNING,WATCH_PE,26016.15,26022.28,26032.91,-10.63,26000,NSE-NIFTY-02Jan25-26000-PE,0.0,0.0,0.0,0.0,0.0,10000.0,0.0
10:40:37,SCANNING,WATCH_PE,26016.75,26022.48,26033.0,-10.52,26000,NSE-NIFTY-02Jan25-26000-PE,0.0,0.0,0.0,0.0,0.0,10000.0,0.0
10:40:40,SCANNING,WATCH_PE,26017.25,26022.65,26033.07,-10.42,26000,NSE-NIFTY-02Jan25-26000-PE,0.0,0.0,0.0,0.0,0.0,10000.0,0.0
10:40:43,SCANNING,WATCH_PE,26018.1,26022.93,26033.19,-10.26,26000,NSE-NIFTY-02Jan25-26000-PE,0.0,0.0,0.0,0.0,0.0,10000.0,0.0
10:40:46,SCANNING,WATCH_PE,26017.7,26022.8,26033.13,-10.34,26000,NSE-NIFTY-02Jan25-26000-PE,0.0,0.0,0.0,0.0,0.0,10000.0,0.0
10:40:48,SCANNING,WATCH_PE,26017.0,26022.56,26033.03,-10.47,26000,NSE-NIFTY-02Jan25-26000-PE,0.0,0.0,0.0,0.0,0.0,10000.0,0.0
10:40:51,SCANNING,WATCH_PE,26016.45,26022.38,26032.95,-10.57,26000,NSE-NIFTY-02Jan25-26000-PE,0.0,0.0,0.0,0.0,0.0,10000.0,0.0
10:40:53,SCANNING,WATCH_PE,26015.55,26022.08,26032.82,-10.75,26000,NSE-NIFTY-02Jan25-26000-PE,0.0,0.0,0.0,0.0,0.0,10000.0,0.0
10:40:56,SCANNING,WATCH_PE,26014.8,26021.83,26032.72,-10.89,26000,NSE-NIFTY-02Jan25-26000-PE,0.0,0.0,0.0,0.0,0.0,10000.0,0.0
10:40:59,SCANNING,WATCH_PE,26014.8,26021.83,26032.72,-10.89,26000,NSE-NIFTY-02Jan25-26000-PE,0.0,0.0,0.0,0.0,0.0,10000.0,0.0
10:41:02,SCANNING,WATCH_PE,26014.45,26021.71,26032.67,-10.96,26000,NSE-NIFTY-02Jan25-26000-PE,0.0,0.0,0.0,0.0,0.0,10000.0,0.0
10:41:05,SCANNING,WATCH_PE,26015.55,26022.08,26032.82,-10.75,26000,NSE-NIFTY-02Jan25-26000-PE,0.0,0.0,0.0,0.0,0.0,10000.0,0.0
10:41:09,SCANNING,WATCH_PE,26014.2,26021.63,26032.63,-11.0,26000,NSE-NIFTY-02Jan25-26000-PE,0.0,0.0,0.0,0.0,0.0,10000.0,0.0
10:41:11,SCANNING,WATCH_PE,26014.15,26021.61,26032.62,-11.01,26000,NSE-NIFTY-02Jan25-26000-PE,0.0,0.0,0.0,0.0,0.0,10000.0,0.0
10:41:13,SCANNING,WATCH_PE,26015.85,26022.18,26032.87,-10.69,26000,NSE-NIFTY-02Jan25-26000-PE,0.0,0.0,0.0,0.0,0.0,10000.0,0.0
10:41:15,SCANNING,WATCH_PE,26014.65,26021.78,26032.7,-10.92,26000,NSE-NIFTY-02Jan25-26000-PE,0.0,0.0,0.0,0.0,0.0,10000.0,0.0
10:41:17,SCANNING,WATCH_PE,26015.85,26022.18,26032.87,-10.69,26000,NSE-NIFTY-02Jan25-26000-PE,0.0,0.0,0.0,0.0,0.0,10000.0,0.0
10:41:20,SCANNING,WATCH_PE,26016.3,26022.33,26032.93,-10.6,26000,NSE-NIFTY-02Jan25-26000-PE,0.0,0.0,0.0,0.0,0.0,10000.0,0.0
10:41:22,SCANNING,WATCH_PE,26015.55,26022.08,26032.82,-10.75,26000,NSE-NIFTY-02Jan25-26000-PE,0.0,0.0,0.0,0.0,0.0,10000.0,0.0
