14:19:17,STRATEGY_B_3min,26305.25,54,True,26395.93,26300,1.75,75.95,62.15,239536,376663,0.5329,-0.4671,SCANNING,0,Waiting for entry
14:19:33,STRATEGY_B_3min,26306.25,55,True,26395.97,26300,1.75,75.8,62.2,239536,376663,0.5314,-0.4686,SCANNING,0,Waiting for entry
14:19:49,STRATEGY_B_3min,26303.6,52,True,26396.02,26300,1.75,75.9,62.05,239536,376663,0.5327,-0.4673,SCANNING,0,Waiting for entry
14:20:05,STRATEGY_B_3min,26305.7,54,True,26396.02,26300,1.75,75.65,62.15,239536,376663,0.5329,-0.4671,SCANNING,0,Waiting for entry
14:20:24,STRATEGY_B_3min,26308.85,58,True,26396.06,26300,1.75,76.5,61.25,239536,376663,0.5324,-0.4676,SCANNING,0,Waiting for entry
14:20:40,STRATEGY_B_3min,26308.5,57,True,26396.08,26300,1.76,75.95,61.9,238659,378304,0.5366,-0.4634,SCANNING,0,Waiting for entry
14:20:57,STRATEGY_B_3min,26306.35,55,True,26396.08,26300,1.76,75.65,61.9,238659,378304,0.5333,-0.4667,SCANNING,0,Waiting for entry
14:21:14,STRATEGY_B_3min,26306.55,55,True,26396.1,26300,1.76,76,61.6,238659,378304,0.5325,-0.4675,SCANNING,0,Waiting for entry
14:21:30,STRATEGY_B_3min,26305.85,54,True,26396.13,26300,1.75,76.5,60.9,238659,378304,0.5359,-0.4641,SCANNING,0,Waiting for entry
14:21:47,STRATEGY_B_3min,26310.1,59,True,26396.14,26300,1.75,76.9,60.95,238659,378304,0.5376,-0.4624,SCANNING,0,Waiting for entry
14:22:02,STRATEGY_B_3min,26308.9,58,True,26396.16,26300,1.75,76.2,61.2,238659,378304,0.5333,-0.4667,SCANNING,0,Waiting for entry
14:22:19,STRATEGY_B_3min,26308.5,57,True,26396.18,26300,1.75,76.7,61,238659,378304,0.5364,-0.4636,SCANNING,0,Waiting for entry
14:22:34,STRATEGY_B_3min,26310.95,59,True,26396.25,26300,1.75,78.1,59.85,238659,378304,0.5378,-0.4622,SCANNING,0,Waiting for entry
14:22:49,STRATEGY_B_3min,26310.1,59,True,26396.31,26300,1.75,78.15,59.9,238659,378304,0.5431,-0.4569,SCANNING,0,Waiting for entry
14:23:07,STRATEGY_B_3min,26309.65,58,True,26396.34,26300,1.75,78.1,59.45,238659,378304,0.545,-0.455,SCANNING,0,Waiting for entry
14:23:23,STRATEGY_B_3min,26311.35,60,True,26396.36,26300,1.75,77.95,59.75,238659,378304,0.5455,-0.4545,SCANNING,0,Waiting for entry
14:23:40,STRATEGY_B_3min,26312.05,60,True,26396.4,26300,1.75,77.9,59.85,238341,379408,0.542,-0.458,SCANNING,0,Waiting for entry
14:23:57,STRATEGY_B_3min,26312.65,61,True,26396.42,26300,1.75,78.65,59,238341,379408,0.5441,-0.4559,SCANNING,0,Waiting for entry
14:24:17,STRATEGY_B_3min,26310.3,58,True,26396.52,26300,1.75,78.95,58.35,238341,379408,0.5454,-0.4546,SCANNING,0,Waiting for entry
14:24:33,STRATEGY_B_3min,26312.15,60,True,26396.56,26300,1.75,78,59.05,238341,379408,0.5504,-0.4496,SCANNING,0,Waiting for entry
14:24:49,STRATEGY_B_3min,26313.2,61,True,26396.59,26300,1.75,78.5,58.5,238341,379408,0.5467,-0.4533,SCANNING,0,Waiting for entry
14:25:06,STRATEGY_B_3min,26312.5,61,True,26396.65,26300,1.75,78.45,58.55,238341,379408,0.5464,-0.4536,SCANNING,0,Waiting for entry
14:25:23,STRATEGY_B_3min,26310.7,59,True,26396.68,26300,1.75,77.75,59.35,238341,379408,0.5468,-0.4532,SCANNING,0,Waiting for entry
14:25:42,STRATEGY_B_3min,26310.0,58,True,26396.74,26300,1.75,77.15,59.45,238341,379408,0.5398,-0.4602,SCANNING,0,Waiting for entry
14:25:59,STRATEGY_B_3min,26310.5,58,True,26396.77,26300,1.75,77.5,59.8,238341,379408,0.5428,-0.4572,SCANNING,0,Waiting for entry
14:26:15,STRATEGY_B_3min,26309.4,57,True,26396.8,26300,1.75,77.15,59.9,238341,379408,0.544,-0.456,SCANNING,0,Waiting for entry
14:26:31,STRATEGY_B_3min,26309.1,57,True,26396.84,26300,1.75,77.05,59.95,238341,379408,0.542,-0.458,SCANNING,0,Waiting for entry
14:26:51,STRATEGY_B_3min,26309.5,57,True,26396.87,26300,1.74,76.95,59.75,233803,383660,0.5424,-0.4576,SCANNING,0,Waiting for entry
14:27:10,STRATEGY_B_3min,26310.7,58,True,26396.91,26300,1.74,77.25,59.5,233803,383660,0.5431,-0.4569,SCANNING,0,Waiting for entry
14:27:26,STRATEGY_B_3min,26311.55,59,True,26396.95,26300,1.74,77.6,59.45,233803,383660,0.5432,-0.4568,SCANNING,0,Waiting for entry
14:27:43,STRATEGY_B_3min,26311.45,59,True,26396.98,26300,1.74,77.1,59.9,233803,383660,0.5431,-0.4569,SCANNING,0,Waiting for entry
14:27:58,STRATEGY_B_3min,26310.3,58,True,26397.01,26300,1.74,77.15,60.05,233803,383660,0.5415,-0.4585,SCANNING,0,Waiting for entry
14:28:13,STRATEGY_B_3min,26310.25,58,True,26397.02,26300,1.74,77.15,59.75,233803,383660,0.5409,-0.4591,SCANNING,0,Waiting for entry
14:28:31,STRATEGY_B_3min,26306.5,53,True,26397.05,26300,1.74,76.7,60.1,233803,383660,0.5411,-0.4589,SCANNING,0,Waiting for entry
14:28:47,STRATEGY_B_3min,26307.35,54,True,26397.07,26300,1.74,76.4,60.15,233803,383660,0.5396,-0.4604,SCANNING,0,Waiting for entry
14:29:04,STRATEGY_B_3min,26308.2,55,True,26397.08,26300,1.74,76.7,60.1,233803,383660,0.5401,-0.4599,SCANNING,0,Waiting for entry
14:29:21,STRATEGY_B_3min,26309.9,57,True,26397.1,26300,1.74,76.8,59.8,233803,383660,0.5409,-0.4591,SCANNING,0,Waiting for entry
14:29:37,STRATEGY_B_3min,26307.4,54,True,26397.11,26300,1.74,75.05,60.5,233668,386792,0.5409,-0.4591,SCANNING,0,Waiting for entry
14:29:54,STRATEGY_B_3min,26307.3,54,True,26397.15,26300,1.74,75.35,60.6,233668,386792,0.537,-0.463,SCANNING,0,Waiting for entry
14:30:13,STRATEGY_B_3min,26305.75,52,True,26397.17,26300,1.74,74.75,60.85,233668,386792,0.535,-0.465,SCANNING,0,Waiting for entry
14:30:29,STRATEGY_B_3min,26300.2,46,True,26397.25,26300,1.74,73.15,62.3,233668,386792,0.534,-0.466,SCANNING,0,Waiting for entry
14:30:47,STRATEGY_B_3min,26298.6,45,True,26397.36,26300,1.74,72.25,62.9,233668,386792,0.5251,-0.4749,SCANNING,0,Waiting for entry
14:31:03,STRATEGY_B_3min,26298.65,45,True,26397.36,26300,1.74,71.15,63.4,233668,386792,0.5223,-0.4777,SCANNING,0,Waiting for entry
14:31:25,STRATEGY_B_3min,26296.65,43,True,26397.41,26300,1.74,70.35,63.8,233668,386792,0.5222,-0.4778,SCANNING,0,Waiting for entry
14:31:42,STRATEGY_B_3min,26297.65,44,True,26397.47,26300,1.74,71.25,63.15,233668,386792,0.5166,-0.4834,SCANNING,0,Waiting for entry
14:31:58,STRATEGY_B_3min,26294.9,42,True,26397.48,26300,1.74,71.15,63.45,233668,386792,0.5205,-0.4795,SCANNING,0,Waiting for entry
14:32:16,STRATEGY_B_3min,26291.95,40,True,26397.51,26300,1.74,70.65,64,233668,386792,0.5215,-0.4785,SCANNING,0,Waiting for entry
14:32:32,STRATEGY_B_3min,26290.95,39,True,26397.52,26300,1.74,68.9,64.9,233668,386792,0.5151,-0.4849,SCANNING,0,Waiting for entry
14:32:49,STRATEGY_B_3min,26283.5,35,True,26397.54,26300,1.75,67.3,65.75,230844,378480,0.5102,-0.4898,SCANNING,0,Waiting for entry
14:33:03,STRATEGY_B_3min,26288.9,38,True,26397.57,26300,1.75,68.65,64.4,230844,378480,0.504,-0.496,SCANNING,0,Waiting for entry
14:33:17,STRATEGY_B_3min,26285.15,35,True,26397.59,26300,1.75,67.5,65.8,230844,378480,0.5109,-0.4891,SCANNING,0,Waiting for entry
14:33:31,STRATEGY_B_3min,26286.8,36,True,26397.62,26300,1.75,67.95,65.75,230844,378480,0.5069,-0.4931,SCANNING,0,Waiting for entry
14:33:46,STRATEGY_B_3min,26284.85,35,True,26397.64,26300,1.75,67.4,66.2,230844,378480,0.5065,-0.4935,SCANNING,0,Waiting for entry
14:34:03,STRATEGY_B_3min,26288.4,38,True,26397.68,26300,1.75,68.85,65.3,230844,378480,0.5057,-0.4943,SCANNING,0,Waiting for entry
14:34:19,STRATEGY_B_3min,26283.35,34,True,26397.7,26300,1.75,67.75,66,230844,378480,0.5087,-0.4913,SCANNING,0,Waiting for entry
14:34:36,STRATEGY_B_3min,26279.4,32,True,26397.73,26300,1.75,66.3,66.95,230844,378480,0.5063,-0.4937,SCANNING,0,Waiting for entry
14:34:52,STRATEGY_B_3min,26284.6,35,True,26397.77,26300,1.75,67.85,65.9,230844,378480,0.5011,-0.4989,SCANNING,0,Waiting for entry
14:35:07,STRATEGY_B_3min,26284.05,35,True,26397.81,26300,1.75,67.8,66.25,230844,378480,0.4996,-0.5004,SCANNING,0,Waiting for entry
14:35:23,STRATEGY_B_3min,26281.3,33,True,26397.86,26300,1.75,67.65,66.15,230844,378480,0.5027,-0.4973,SCANNING,0,Waiting for entry
14:35:38,STRATEGY_B_3min,26280.05,33,True,26397.88,26300,1.73,67.3,66.7,241739,366096,0.5031,-0.4969,SCANNING,0,Waiting for entry
14:35:55,STRATEGY_B_3min,26283.4,34,True,26397.92,26300,1.73,67.6,66.35,241739,366096,0.5072,-0.4928,SCANNING,0,Waiting for entry
14:36:10,STRATEGY_B_3min,26278.35,32,True,26397.95,26300,1.73,66.6,66.6,241739,366096,0.5009,-0.4991,SCANNING,0,Waiting for entry
14:36:28,STRATEGY_B_3min,26279.6,32,True,26398.03,26300,1.73,67.75,66.05,241739,366096,0.501,-0.499,SCANNING,0,Waiting for entry
14:36:44,STRATEGY_B_3min,26278.55,32,True,26398.09,26300,1.73,68.15,65.5,241739,366096,0.5057,-0.4943,SCANNING,0,Waiting for entry
14:37:00,STRATEGY_B_3min,26277.45,31,True,26398.11,26300,1.73,68.3,65.6,241739,366096,0.5077,-0.4923,SCANNING,0,Waiting for entry
14:37:16,STRATEGY_B_3min,26277.55,31,True,26398.13,26300,1.73,68.2,65.9,241739,366096,0.5067,-0.4933,SCANNING,0,Waiting for entry
14:37:33,STRATEGY_B_3min,26278.6,32,True,26398.14,26300,1.73,67.9,65.9,241739,366096,0.5069,-0.4931,SCANNING,0,Waiting for entry
14:37:49,STRATEGY_B_3min,26275.4,30,True,26398.2,26300,1.73,67.3,66.5,241739,366096,0.5034,-0.4966,SCANNING,0,Waiting for entry
14:38:06,STRATEGY_B_3min,26275.9,30,True,26398.23,26300,1.73,66.6,66.45,241739,366096,0.5039,-0.4961,SCANNING,0,Waiting for entry
14:38:22,STRATEGY_B_3min,26277.0,31,True,26398.23,26300,1.73,66.95,66.4,241739,366096,0.5033,-0.4967,SCANNING,0,Waiting for entry
14:38:37,STRATEGY_B_3min,26274.15,30,True,26398.27,26250,1.72,96.2,46.2,101094,276772,0.6172,-0.3828,SCANNING,0,Waiting for entry
14:38:53,STRATEGY_B_3min,26276.15,31,True,26398.32,26300,1.71,66.95,66.4,250221,361568,0.5035,-0.4965,SCANNING,0,Waiting for entry
14:39:10,STRATEGY_B_3min,26276.05,31,True,26398.34,26300,1.71,67.7,65.65,250221,361568,0.5032,-0.4968,SCANNING,0,Waiting for entry
14:39:24,STRATEGY_B_3min,26275.0,30,True,26398.34,26300,1.71,68,66.2,250221,361568,0.5052,-0.4948,SCANNING,0,Waiting for entry
14:39:40,STRATEGY_B_3min,26275.3,30,True,26398.36,26300,1.71,66.95,66.3,250221,361568,0.5066,-0.4934,SCANNING,0,Waiting for entry
14:39:57,STRATEGY_B_3min,26274.65,30,True,26398.37,26250,1.71,96.05,46.5,101094,276772,0.6171,-0.3829,SCANNING,0,Waiting for entry
14:40:15,STRATEGY_B_3min,26268.55,27,True,26398.43,26250,1.71,91.05,48.4,101094,276772,0.6059,-0.3941,SCANNING,0,Waiting for entry
14:40:33,STRATEGY_B_3min,26272.2,29,True,26398.46,26250,1.71,93.75,47.15,101094,276772,0.6001,-0.3999,SCANNING,0,Waiting for entry
14:40:49,STRATEGY_B_3min,26271.0,28,True,26398.48,26250,1.71,93.55,47.35,101094,276772,0.6091,-0.3909,SCANNING,0,Waiting for entry
14:41:08,STRATEGY_B_3min,26272.95,29,True,26398.51,26250,1.71,95.15,46.45,101094,276772,0.6107,-0.3893,SCANNING,0,Waiting for entry
14:41:24,STRATEGY_B_3min,26272.95,29,True,26398.52,26250,1.71,95.7,46.6,101094,276772,0.6128,-0.3872,SCANNING,0,Waiting for entry
14:41:39,STRATEGY_B_3min,26274.75,30,True,26398.53,26250,1.69,95.65,46.65,104914,275198,0.613,-0.387,SCANNING,0,Waiting for entry
14:41:54,STRATEGY_B_3min,26273.1,29,True,26398.54,26250,1.68,95.85,46.3,104914,275198,0.6148,-0.3852,SCANNING,0,Waiting for entry
14:42:14,STRATEGY_B_3min,26275.55,31,True,26398.56,26300,1.68,66.6,66.4,253484,354656,0.501,-0.499,SCANNING,0,Waiting for entry
14:42:30,STRATEGY_B_3min,26276.45,32,True,26398.57,26300,1.68,66.8,66.25,253484,354656,0.5019,-0.4981,SCANNING,0,Waiting for entry
14:42:46,STRATEGY_B_3min,26274.9,30,True,26398.57,26250,1.68,95.2,46.6,104914,275198,0.6139,-0.3861,SCANNING,0,Waiting for entry
14:42:58,STRATEGY_B_3min,26275.4,31,True,26398.59,26300,1.68,65.85,67.2,253484,354656,0.4971,-0.5029,SCANNING,0,Waiting for entry
14:43:15,STRATEGY_B_3min,26274.3,30,True,26398.59,26250,1.68,95.2,46.95,104914,275198,0.6129,-0.3871,SCANNING,0,Waiting for entry
14:43:34,STRATEGY_B_3min,26273.35,29,True,26398.63,26250,1.68,95.3,46.65,104914,275198,0.6113,-0.3887,SCANNING,0,Waiting for entry
14:43:46,STRATEGY_B_3min,26272.9,29,True,26398.63,26250,1.68,94.05,47.05,104914,275198,0.6128,-0.3872,SCANNING,0,Waiting for entry
14:43:59,STRATEGY_B_3min,26272.4,29,True,26398.64,26250,1.68,94.9,47.05,104914,275198,0.6099,-0.3901,SCANNING,0,Waiting for entry
14:44:12,STRATEGY_B_3min,26272.9,29,True,26398.64,26250,1.68,94.3,47.15,104914,275198,0.61,-0.39,SCANNING,0,Waiting for entry
14:44:25,STRATEGY_B_3min,26271.75,28,True,26398.64,26250,1.68,94.55,47.4,104914,275198,0.61,-0.39,SCANNING,0,Waiting for entry
14:44:43,STRATEGY_B_3min,26272.65,29,True,26398.65,26250,1.66,94.5,47.5,108830,273479,0.61,-0.39,SCANNING,0,Waiting for entry
14:44:58,STRATEGY_B_3min,26271.95,28,True,26398.65,26250,1.66,94.7,47.4,108830,273479,0.6099,-0.3901,SCANNING,0,Waiting for entry
14:45:14,STRATEGY_B_3min,26270.25,28,True,26398.7,26250,1.66,91.45,49.05,108830,273479,0.6056,-0.3944,SCANNING,0,Waiting for entry
14:45:29,STRATEGY_B_3min,26270.4,28,True,26398.72,26250,1.66,92.45,48.8,108830,273479,0.6004,-0.3996,SCANNING,0,Waiting for entry
14:45:44,STRATEGY_B_3min,26271.95,29,True,26398.73,26250,1.66,93.75,48.05,108830,273479,0.6013,-0.3987,SCANNING,0,Waiting for entry
14:45:59,STRATEGY_B_3min,26271.45,28,True,26398.74,26250,1.66,93.95,48,108830,273479,0.6008,-0.3992,SCANNING,0,Waiting for entry
14:46:17,STRATEGY_B_3min,26272.1,29,True,26398.76,26250,1.66,93.65,48.35,108830,273479,0.6077,-0.3923,SCANNING,0,Waiting for entry
14:46:32,STRATEGY_B_3min,26271.3,28,True,26398.77,26250,1.66,93.45,48.65,108830,273479,0.6073,-0.3927,SCANNING,0,Waiting for entry
14:46:49,STRATEGY_B_3min,26270.05,28,True,26398.78,26250,1.66,93.4,48.65,108830,273479,0.6043,-0.3957,SCANNING,0,Waiting for entry
14:47:05,STRATEGY_B_3min,26269.95,27,True,26398.79,26250,1.66,92.35,49,108830,273479,0.6043,-0.3957,SCANNING,0,Waiting for entry
14:47:23,STRATEGY_B_3min,26269.7,27,True,26398.8,26250,1.66,92.8,48.65,108830,273479,0.6022,-0.3978,SCANNING,0,Waiting for entry
14:47:42,STRATEGY_B_3min,26267.8,26,True,26398.82,26250,1.64,92.35,49.05,109350,269554,0.6021,-0.3979,SCANNING,0,Waiting for entry
14:48:03,STRATEGY_B_3min,26269.7,27,True,26398.83,26250,1.64,92.4,48.9,109350,269554,0.601,-0.399,SCANNING,0,Waiting for entry
14:48:20,STRATEGY_B_3min,26268.45,27,True,26398.86,26250,1.64,93.25,48.5,109350,269554,0.5999,-0.4001,SCANNING,0,Waiting for entry
14:48:37,STRATEGY_B_3min,26269.75,29,True,26398.87,26250,1.64,93.4,48.45,109350,269554,0.6037,-0.3963,SCANNING,0,Waiting for entry
14:48:56,STRATEGY_B_3min,26269.5,28,True,26398.89,26250,1.64,93.25,48.5,109350,269554,0.605,-0.395,SCANNING,0,Waiting for entry
14:49:16,STRATEGY_B_3min,26267.95,27,True,26398.93,26250,1.64,92.1,49,109350,269554,0.6052,-0.3948,SCANNING,0,Waiting for entry
14:49:38,STRATEGY_B_3min,26267.4,26,True,26398.97,26250,1.64,93.2,48.6,109350,269554,0.6016,-0.3984,SCANNING,0,Waiting for entry
14:49:53,STRATEGY_B_3min,26268.05,27,True,26398.99,26250,1.64,93.3,48.65,109350,269554,0.6052,-0.3948,SCANNING,0,Waiting for entry
14:50:13,STRATEGY_B_3min,26273.75,33,True,26399.03,26250,1.64,95.2,47,109350,269554,0.6034,-0.3966,SCANNING,0,Waiting for entry
14:50:30,STRATEGY_B_3min,26273.45,33,True,26399.03,26250,1.64,95.45,47,109350,269554,0.6102,-0.3898,SCANNING,0,Waiting for entry
14:50:53,STRATEGY_B_3min,26276.25,36,True,26399.09,26300,1.62,66.9,66.6,260239,326734,0.4998,-0.5002,SCANNING,0,Waiting for entry
14:51:08,STRATEGY_B_3min,26282.25,42,True,26399.11,26300,1.62,68.55,63.2,260239,326734,0.5021,-0.4979,SCANNING,0,Waiting for entry
14:51:23,STRATEGY_B_3min,26284.4,44,True,26399.17,26300,1.62,68.8,64.1,260239,326734,0.5134,-0.4866,SCANNING,0,Waiting for entry
14:51:40,STRATEGY_B_3min,26284.6,44,True,26399.23,26300,1.62,69.35,63.4,260239,326734,0.5124,-0.4876,SCANNING,0,Waiting for entry
14:51:54,STRATEGY_B_3min,26285.35,44,True,26399.28,26300,1.62,69.3,62.9,260239,326734,0.5126,-0.4874,SCANNING,0,Waiting for entry
14:52:11,STRATEGY_B_3min,26286.65,45,True,26399.32,26300,1.62,69.9,62.45,260239,326734,0.5157,-0.4843,SCANNING,0,Waiting for entry
14:52:26,STRATEGY_B_3min,26285.7,45,True,26399.37,26300,1.62,68.95,63.8,260239,326734,0.5114,-0.4886,SCANNING,0,Waiting for entry
14:52:45,STRATEGY_B_3min,26282.45,42,True,26399.4,26300,1.62,67.8,64.5,260239,326734,0.5138,-0.4862,SCANNING,0,Waiting for entry
14:52:59,STRATEGY_B_3min,26282.35,42,True,26399.4,26300,1.62,67.95,64.55,260239,326734,0.5074,-0.4926,SCANNING,0,Waiting for entry
14:53:12,STRATEGY_B_3min,26283.7,43,True,26399.42,26300,1.62,67.4,65,260239,326734,0.5074,-0.4926,SCANNING,0,Waiting for entry
14:53:24,STRATEGY_B_3min,26284.2,43,True,26399.43,26300,1.62,68.1,64.65,260239,326734,0.506,-0.494,SCANNING,0,Waiting for entry
14:53:39,STRATEGY_B_3min,26284.4,44,True,26399.46,26300,1.61,68.3,64.45,260239,326734,0.5058,-0.4942,SCANNING,0,Waiting for entry
14:53:52,STRATEGY_B_3min,26284.85,44,True,26399.47,26300,1.59,68.05,64.7,263638,314141,0.5098,-0.4902,SCANNING,0,Waiting for entry
14:54:06,STRATEGY_B_3min,26285.25,44,True,26399.49,26300,1.59,69.5,63.45,263638,314141,0.5131,-0.4869,SCANNING,0,Waiting for entry
14:54:19,STRATEGY_B_3min,26286.1,45,True,26399.49,26300,1.59,69.3,63.9,263638,314141,0.5128,-0.4872,SCANNING,0,Waiting for entry
14:54:35,STRATEGY_B_3min,26285.1,44,True,26399.52,26300,1.59,69.05,63.55,263638,314141,0.5134,-0.4866,SCANNING,0,Waiting for entry
14:54:47,STRATEGY_B_3min,26287.8,46,True,26399.53,26300,1.59,69.4,63,263638,314141,0.5138,-0.4862,SCANNING,0,Waiting for entry
14:55:02,STRATEGY_B_3min,26285.9,45,True,26399.54,26300,1.59,69.35,63.15,263638,314141,0.5156,-0.4844,SCANNING,0,Waiting for entry
14:55:18,STRATEGY_B_3min,26284.6,44,True,26399.55,26300,1.59,68.75,63.7,263638,314141,0.5156,-0.4844,SCANNING,0,Waiting for entry
14:55:32,STRATEGY_B_3min,26286.25,45,True,26399.57,26300,1.59,69.35,63.25,263638,314141,0.5157,-0.4843,SCANNING,0,Waiting for entry
14:55:45,STRATEGY_B_3min,26286.1,45,True,26399.59,26300,1.59,69.5,62.95,263638,314141,0.5151,-0.4849,SCANNING,0,Waiting for entry
14:55:57,STRATEGY_B_3min,26288.0,47,True,26399.66,26300,1.59,69.5,62.8,263638,314141,0.5163,-0.4837,SCANNING,0,Waiting for entry
14:56:12,STRATEGY_B_3min,26287.75,46,True,26399.68,26300,1.59,69.75,62.8,263638,314141,0.5166,-0.4834,SCANNING,0,Waiting for entry
14:56:27,STRATEGY_B_3min,26288.9,47,True,26399.73,26300,1.59,70.05,62.5,263638,314141,0.517,-0.483,SCANNING,0,Waiting for entry
14:56:42,STRATEGY_B_3min,26288.7,47,True,26399.74,26300,1.59,70,62.9,258503,306574,0.5177,-0.4823,SCANNING,0,Waiting for entry
14:56:59,STRATEGY_B_3min,26287.6,46,True,26399.77,26300,1.58,69.1,63.55,258503,306574,0.5176,-0.4824,SCANNING,0,Waiting for entry
14:57:11,STRATEGY_B_3min,26290.0,48,True,26399.78,26300,1.58,69.95,62.4,258503,306574,0.5155,-0.4845,SCANNING,0,Waiting for entry
14:57:24,STRATEGY_B_3min,26290.7,49,True,26399.79,26300,1.58,70.6,62.05,258503,306574,0.5189,-0.4811,SCANNING,0,Waiting for entry
14:57:37,STRATEGY_B_3min,26294.0,51,True,26399.84,26300,1.58,72.2,60.8,258503,306574,0.5247,-0.4753,SCANNING,0,Waiting for entry
14:57:51,STRATEGY_B_3min,26293.05,51,True,26399.91,26300,1.58,71,62,258503,306574,0.5271,-0.4729,SCANNING,0,Waiting for entry
14:58:04,STRATEGY_B_3min,26291.75,50,True,26399.95,26300,1.58,71.15,62.45,258503,306574,0.5237,-0.4763,SCANNING,0,Waiting for entry
14:58:20,STRATEGY_B_3min,26292.65,50,True,26399.98,26300,1.58,71.15,62.15,258503,306574,0.5216,-0.4784,SCANNING,0,Waiting for entry
14:58:36,STRATEGY_B_3min,26293.6,51,True,26400.0,26300,1.58,71.75,61.55,258503,306574,0.5228,-0.4772,SCANNING,0,Waiting for entry
14:58:53,STRATEGY_B_3min,26295.4,52,True,26400.01,26300,1.58,71.6,61.75,258503,306574,0.5249,-0.4751,SCANNING,0,Waiting for entry
14:59:09,STRATEGY_B_3min,26294.05,51,True,26400.06,26300,1.58,72,62.05,258503,306574,0.5236,-0.4764,SCANNING,0,Waiting for entry
14:59:26,STRATEGY_B_3min,26295.7,52,True,26400.09,26300,1.58,72.4,61.65,258503,306574,0.5257,-0.4743,SCANNING,0,Waiting for entry
14:59:43,STRATEGY_B_3min,26295.4,52,True,26400.15,26300,1.58,71.5,62.05,258503,306574,0.5242,-0.4758,SCANNING,0,Waiting for entry
15:00:00,STRATEGY_B_3min,26293.7,51,True,26400.2,26300,1.59,71.6,62.5,252816,305059,0.52,-0.48,SCANNING,0,Waiting for entry
15:00:16,STRATEGY_B_3min,26305.2,59,True,26400.35,26300,1.58,73.6,60,252816,305059,0.5305,-0.4695,SCANNING,0,Waiting for entry
15:00:37,STRATEGY_B_3min,26306.15,59,True,26400.39,26300,1.58,75,58.95,252816,305059,0.5352,-0.4648,SCANNING,0,Waiting for entry
15:00:54,STRATEGY_B_3min,26306.95,60,True,26400.46,26300,1.58,76.35,57.35,252816,305059,0.5414,-0.4586,SCANNING,0,Waiting for entry
15:01:10,STRATEGY_B_3min,26307.6,60,True,26400.5,26300,1.58,74.85,58.7,252816,305059,0.5452,-0.4548,SCANNING,0,Waiting for entry
15:01:28,STRATEGY_B_3min,26308.05,60,True,26400.61,26300,1.58,75.25,58.6,252816,305059,0.5404,-0.4596,SCANNING,0,Waiting for entry
15:01:45,STRATEGY_B_3min,26310.2,61,True,26400.67,26300,1.58,75.8,58.5,252816,305059,0.5404,-0.4596,SCANNING,0,Waiting for entry
15:02:03,STRATEGY_B_3min,26307.75,60,True,26400.72,26300,1.58,75.3,58.8,252816,305059,0.5398,-0.4602,SCANNING,0,Waiting for entry
15:02:19,STRATEGY_B_3min,26309.55,61,True,26400.79,26300,1.58,75.3,58.9,252816,305059,0.5385,-0.4615,SCANNING,0,Waiting for entry
15:02:33,STRATEGY_B_3min,26309.65,61,True,26400.81,26300,1.58,75.4,58.75,252816,305059,0.5398,-0.4602,SCANNING,0,Waiting for entry
15:02:50,STRATEGY_B_3min,26310.95,62,True,26400.89,26300,1.6,75.95,58.4,239428,306485,0.5412,-0.4588,SCANNING,0,Waiting for entry
15:03:07,STRATEGY_B_3min,26310.7,61,True,26400.92,26300,1.6,75.95,58.25,239428,306485,0.5432,-0.4568,SCANNING,0,Waiting for entry
15:03:21,STRATEGY_B_3min,26312.35,62,True,26400.94,26300,1.6,76.25,58.2,239428,306485,0.5438,-0.4562,SCANNING,0,Waiting for entry
15:03:34,STRATEGY_B_3min,26313.5,63,True,26401.0,26300,1.6,76.55,57.95,239428,306485,0.5441,-0.4559,SCANNING,0,Waiting for entry
15:03:48,STRATEGY_B_3min,26312.3,62,True,26401.03,26300,1.6,76.3,57.9,239428,306485,0.5438,-0.4562,SCANNING,0,Waiting for entry
15:04:02,STRATEGY_B_3min,26313.4,63,True,26401.16,26300,1.6,76.95,57.9,239428,306485,0.545,-0.455,SCANNING,0,Waiting for entry
15:04:19,STRATEGY_B_3min,26313.25,63,True,26401.21,26300,1.6,75.4,58.35,239428,306485,0.546,-0.454,SCANNING,0,Waiting for entry
15:04:35,STRATEGY_B_3min,26312.4,62,True,26401.36,26300,1.6,75,58.85,239428,306485,0.5417,-0.4583,SCANNING,0,Waiting for entry
15:04:48,STRATEGY_B_3min,26311.0,61,True,26401.4,26300,1.6,74.6,59.05,239428,306485,0.541,-0.459,SCANNING,0,Waiting for entry
15:05:03,STRATEGY_B_3min,26308.85,60,True,26401.46,26300,1.6,75.35,58.9,239428,306485,0.5407,-0.4593,SCANNING,0,Waiting for entry
15:05:18,STRATEGY_B_3min,26311.5,62,True,26401.48,26300,1.6,75.75,58.7,239428,306485,0.5415,-0.4585,SCANNING,0,Waiting for entry
15:05:31,STRATEGY_B_3min,26311.75,62,True,26401.51,26300,1.6,75.15,58.9,239428,306485,0.5405,-0.4595,SCANNING,0,Waiting for entry
15:05:50,STRATEGY_B_3min,26312.95,63,True,26401.55,26300,1.6,75.75,58.75,224366,306584,0.5398,-0.4602,SCANNING,0,Waiting for entry
15:06:05,STRATEGY_B_3min,26314.65,63,True,26401.6,26300,1.6,76.15,58.45,224366,306584,0.5421,-0.4579,SCANNING,0,Waiting for entry
15:06:19,STRATEGY_B_3min,26314.75,63,True,26401.65,26300,1.6,76.7,57.85,224366,306584,0.5421,-0.4579,SCANNING,0,Waiting for entry
15:06:33,STRATEGY_B_3min,26316.05,64,True,26401.68,26300,1.6,76.9,58.05,224366,306584,0.5465,-0.4535,SCANNING,0,Waiting for entry
15:06:45,STRATEGY_B_3min,26314.85,63,True,26401.72,26300,1.6,75.9,58.95,224366,306584,0.5419,-0.4581,SCANNING,0,Waiting for entry
15:06:58,STRATEGY_B_3min,26314.8,63,True,26401.75,26300,1.6,76.6,58.55,224366,306584,0.5442,-0.4558,SCANNING,0,Waiting for entry
15:07:12,STRATEGY_B_3min,26316.55,64,True,26401.78,26300,1.6,76.7,58.3,224366,306584,0.5451,-0.4549,SCANNING,0,Waiting for entry
15:07:27,STRATEGY_B_3min,26314.9,63,True,26401.84,26300,1.6,76.9,58.25,224366,306584,0.5453,-0.4547,SCANNING,0,Waiting for entry
15:07:40,STRATEGY_B_3min,26315.8,64,True,26401.86,26300,1.6,77.5,58.05,224366,306584,0.5456,-0.4544,SCANNING,0,Waiting for entry
15:07:54,STRATEGY_B_3min,26316.15,64,True,26401.88,26300,1.6,77.45,57.9,224366,306584,0.5468,-0.4532,SCANNING,0,Waiting for entry
15:08:08,STRATEGY_B_3min,26316.15,64,True,26401.93,26300,1.6,77.4,57.9,224366,306584,0.5475,-0.4525,SCANNING,0,Waiting for entry
15:08:22,STRATEGY_B_3min,26317.2,65,True,26401.96,26300,1.6,77.05,57.9,224366,306584,0.5461,-0.4539,SCANNING,0,Waiting for entry
15:08:37,STRATEGY_B_3min,26315.75,64,True,26402.1,26300,1.6,77.2,57.9,224366,306584,0.547,-0.453,SCANNING,0,Waiting for entry
15:08:52,STRATEGY_B_3min,26316.9,64,True,26402.26,26300,1.59,77.4,57.9,218678,301495,0.5462,-0.4538,SCANNING,0,Waiting for entry
15:09:07,STRATEGY_B_3min,26318.2,65,True,26402.38,26300,1.59,77.7,57.75,218678,301495,0.5476,-0.4524,SCANNING,0,Waiting for entry
15:09:22,STRATEGY_B_3min,26319.9,66,True,26402.52,26300,1.59,77.8,56.95,218678,301495,0.5496,-0.4504,SCANNING,0,Waiting for entry
15:09:38,STRATEGY_B_3min,26321.1,66,True,26402.68,26300,1.59,78.7,56.05,218678,301495,0.5508,-0.4492,SCANNING,0,Waiting for entry
15:09:55,STRATEGY_B_3min,26320.95,66,True,26402.79,26300,1.59,78.45,56.4,218678,301495,0.5528,-0.4472,SCANNING,0,Waiting for entry
15:10:11,STRATEGY_B_3min,26323.05,67,True,26403.03,26300,1.59,83.1,53.4,218678,301495,0.5533,-0.4467,SCANNING,0,Waiting for entry
15:10:28,STRATEGY_B_3min,26328.1,69,True,26403.57,26350,1.59,58.35,74.4,154077,73479,0.4608,-0.5392,SCANNING,0,Waiting for entry
15:10:44,STRATEGY_B_3min,26328.4,69,True,26403.91,26350,1.59,57.2,76.35,154077,73479,0.4604,-0.5396,SCANNING,0,Waiting for entry
15:10:58,STRATEGY_B_3min,26328.4,69,True,26404.16,26350,1.59,57.7,77.1,154077,73479,0.456,-0.544,SCANNING,0,Waiting for entry
15:11:14,STRATEGY_B_3min,26328.65,70,True,26404.26,26350,1.59,57.5,76.8,154077,73479,0.4545,-0.5455,SCANNING,0,Waiting for entry
15:11:27,STRATEGY_B_3min,26327.3,69,True,26404.27,26350,1.59,57.05,76.85,154077,73479,0.4545,-0.5455,SCANNING,0,Waiting for entry
15:11:42,STRATEGY_B_3min,26329.75,70,True,26404.3,26350,1.59,57.9,76.45,154077,73479,0.4554,-0.5446,SCANNING,0,Waiting for entry
15:11:57,STRATEGY_B_3min,26327.85,69,True,26404.38,26350,1.62,58.45,75.9,142475,74245,0.4592,-0.5408,SCANNING,0,Waiting for entry
15:12:09,STRATEGY_B_3min,26330.05,70,True,26404.43,26350,1.62,59.05,75.95,142475,74245,0.4586,-0.5414,SCANNING,0,Waiting for entry
15:12:24,STRATEGY_B_3min,26331.1,70,True,26404.48,26350,1.62,58.55,76.15,142475,74245,0.4604,-0.5396,SCANNING,0,Waiting for entry
15:12:39,STRATEGY_B_3min,26324.5,65,True,26404.61,26300,1.62,81.6,55.45,199778,293245,0.5614,-0.4386,SCANNING,0,Waiting for entry
15:12:51,STRATEGY_B_3min,26327.3,67,True,26404.69,26350,1.62,55.3,78.4,142475,74245,0.4465,-0.5535,SCANNING,0,Waiting for entry
15:13:05,STRATEGY_B_3min,26330.2,70,True,26404.74,26350,1.62,55.8,78.3,142475,74245,0.4472,-0.5528,SCANNING,0,Waiting for entry
15:13:19,STRATEGY_B_3min,26329.25,69,True,26404.85,26350,1.62,55.5,78.05,142475,74245,0.449,-0.551,SCANNING,0,Waiting for entry
15:13:35,STRATEGY_B_3min,26330.3,70,True,26404.88,26350,1.62,55.4,78.45,142475,74245,0.4484,-0.5516,SCANNING,0,Waiting for entry
15:13:49,STRATEGY_B_3min,26327.15,67,True,26404.93,26350,1.62,55.05,78.95,142475,74245,0.4454,-0.5546,SCANNING,0,Waiting for entry
15:14:02,STRATEGY_B_3min,26326.15,66,True,26404.97,26350,1.62,55,78.85,142475,74245,0.4433,-0.5567,SCANNING,0,Waiting for entry
15:14:15,STRATEGY_B_3min,26325.85,66,True,26405.03,26350,1.62,54.75,79,142475,74245,0.444,-0.556,SCANNING,0,Waiting for entry
15:14:28,STRATEGY_B_3min,26326.6,67,True,26405.07,26350,1.62,55.4,78.55,142475,74245,0.4461,-0.5539,SCANNING,0,Waiting for entry
15:14:44,STRATEGY_B_3min,26322.75,64,True,26405.15,26300,1.62,79.95,56.6,199778,293245,0.5633,-0.4367,SCANNING,0,Waiting for entry
15:14:58,STRATEGY_B_3min,26322.9,64,True,26405.2,26300,1.63,80.65,56.35,192316,282614,0.5567,-0.4433,SCANNING,0,Waiting for entry
15:15:10,STRATEGY_B_3min,26323.85,64,True,26405.27,26300,1.62,80.15,57.3,192316,282614,0.5548,-0.4452,SCANNING,0,Waiting for entry
15:15:23,STRATEGY_B_3min,26323.6,64,True,26405.3,26300,1.62,79,57.15,192316,282614,0.5536,-0.4464,SCANNING,0,Waiting for entry
15:15:36,STRATEGY_B_3min,26320.55,62,True,26405.33,26300,1.62,77.75,57.8,192316,282614,0.552,-0.448,SCANNING,0,Waiting for entry
15:15:48,STRATEGY_B_3min,26320.95,62,True,26405.37,26300,1.62,77.15,58.45,192316,282614,0.5491,-0.4509,SCANNING,0,Waiting for entry
15:16:00,STRATEGY_B_3min,26320.95,62,True,26405.41,26300,1.62,77.75,58.4,192316,282614,0.5454,-0.4546,SCANNING,0,Waiting for entry
15:16:15,STRATEGY_B_3min,26323.45,64,True,26405.45,26300,1.62,78.2,58.05,192316,282614,0.548,-0.452,SCANNING,0,Waiting for entry
15:16:29,STRATEGY_B_3min,26322.45,63,True,26405.52,26300,1.62,78.55,57.65,192316,282614,0.5476,-0.4524,SCANNING,0,Waiting for entry
15:16:42,STRATEGY_B_3min,26322.4,63,True,26405.55,26300,1.62,79,57.8,192316,282614,0.5494,-0.4506,SCANNING,0,Waiting for entry
15:16:57,STRATEGY_B_3min,26322.4,63,True,26405.63,26300,1.62,79.25,57.95,192316,282614,0.5505,-0.4495,SCANNING,0,Waiting for entry
15:17:10,STRATEGY_B_3min,26322.75,64,True,26405.72,26300,1.62,79.05,58,192316,282614,0.548,-0.452,SCANNING,0,Waiting for entry
15:17:24,STRATEGY_B_3min,26322.45,63,True,26405.81,26300,1.62,78.9,58.15,192316,282614,0.5497,-0.4503,SCANNING,0,Waiting for entry
15:17:39,STRATEGY_B_3min,26322.1,63,True,26405.9,26300,1.62,78.8,58.1,192316,282614,0.5488,-0.4512,SCANNING,0,Waiting for entry
15:17:52,STRATEGY_B_3min,26323.15,64,True,26405.95,26300,1.61,80,56.65,184466,274284,0.5497,-0.4503,SCANNING,0,Waiting for entry
15:18:08,STRATEGY_B_3min,26324.5,65,True,26406.05,26300,1.61,79.3,57.35,184466,274284,0.5548,-0.4452,SCANNING,0,Waiting for entry
15:18:21,STRATEGY_B_3min,26324.85,65,True,26406.08,26300,1.61,78.95,57.35,184466,274284,0.5523,-0.4477,SCANNING,0,Waiting for entry
15:18:36,STRATEGY_B_3min,26324.85,65,True,26406.11,26300,1.61,78.8,57.4,184466,274284,0.5523,-0.4477,SCANNING,0,Waiting for entry
15:18:49,STRATEGY_B_3min,26324.1,65,True,26406.14,26300,1.61,78.75,57.25,184466,274284,0.5514,-0.4486,SCANNING,0,Waiting for entry
15:19:04,STRATEGY_B_3min,26324.85,65,True,26406.18,26300,1.61,78.5,57.4,184466,274284,0.5523,-0.4477,SCANNING,0,Waiting for entry
15:19:21,STRATEGY_B_3min,26323.45,64,True,26406.25,26300,1.61,78.15,58.2,184466,274284,0.5508,-0.4492,SCANNING,0,Waiting for entry
15:19:34,STRATEGY_B_3min,26322.5,63,True,26406.29,26300,1.61,78.45,57.85,184466,274284,0.5497,-0.4503,SCANNING,0,Waiting for entry
15:19:47,STRATEGY_B_3min,26325.25,65,True,26406.39,26350,1.61,52.45,81.7,137890,81024,0.4299,-0.5701,SCANNING,0,Waiting for entry
15:20:03,STRATEGY_B_3min,26325.5,65,True,26406.54,26350,1.61,53,81.65,137890,81024,0.4312,-0.5688,SCANNING,0,Waiting for entry
