Timestamp,Spot_LTP,Fut_LTP,Fut_Open,Fut_High,Fut_Low,RSI,RSI_Ready,VWAP,EMA5,EMA13,Candle_Body,Candle_Green,ATM_Strike,PCR,Total_CE_OI,Total_PE_OI,CE_Symbol,CE_Strike,CE_LTP,CE_OI,CE_Delta,CE_Gamma,CE_Theta,CE_Vega,CE_IV,PE_Symbol,PE_Strike,PE_LTP,PE_OI,PE_Delta,PE_Gamma,PE_Theta,PE_Vega,PE_IV
15:04:53,25936.45,26101.0,26098.0,26103.0,26097.7,49.9,True,26086.85,25930.82,25934.54,3.0,True,25950,0.72,1085590,783658,NIFTY2610625950CE,25950,133.85,27941,0.5658,0.0014,-7.7505,14.1781,7.67,NIFTY2610625950PE,25950,90.6,22323,-0.4342,0.0014,-7.7505,14.1781,7.67
15:05:01,25938.6,26101.2,26100.4,26102.0,26100.2,51.6,True,26086.86,25933.42,25935.12,0.8,True,25950,0.72,1085590,783658,NIFTY2610625950CE,25950,133.75,27941,0.5635,0.0014,-7.7931,14.1899,7.71,NIFTY2610625950PE,25950,90.35,22323,-0.4365,0.0014,-7.7931,14.1899,7.71
15:05:09,25938.2,26101.5,26100.4,26102.0,26099.4,51.3,True,26086.87,25933.28,25935.06,1.1,True,25950,0.72,1085590,783658,NIFTY2610625950CE,25950,134.1,27941,0.5639,0.0014,-7.8064,14.1878,7.72,NIFTY2610625950PE,25950,90.95,22323,-0.4361,0.0014,-7.8064,14.1878,7.72
15:05:17,25940.9,26101.2,26100.4,26102.0,26099.4,53.3,True,26086.87,25934.18,25935.45,0.8,True,25950,0.72,1085588,783658,NIFTY2610625950CE,25950,134.2,27941,0.5632,0.0014,-7.8072,14.1916,7.72,NIFTY2610625950PE,25950,90.4,22323,-0.4368,0.0014,-7.8072,14.1916,7.72
15:05:24,25939.75,26101.0,26100.4,26102.0,26099.4,52.5,True,26086.88,25933.8,25935.28,0.6,True,25950,0.72,1085588,783658,NIFTY2610625950CE,25950,133.9,27941,0.5632,0.0014,-7.8072,14.1916,7.72,NIFTY2610625950PE,25950,90.5,22323,-0.4368,0.0014,-7.8072,14.1916,7.72
15:05:32,25943.75,26102.5,26100.4,26102.5,26099.4,55.2,True,26086.89,25935.13,25935.85,2.1,True,25950,0.72,1085588,783657,NIFTY2610625950CE,25950,134.7,27941,0.5653,0.0014,-7.775,14.18,7.69,NIFTY2610625950PE,25950,89.95,22323,-0.4347,0.0014,-7.775,14.18,7.69
15:05:39,25948.65,26102.0,26100.4,26103.0,26099.4,58.2,True,26086.9,25936.77,25936.55,1.6,True,25950,0.72,1085588,783657,NIFTY2610625950CE,25950,134.85,27941,0.5661,0.0014,-7.7705,14.1759,7.69,NIFTY2610625950PE,25950,89.85,22323,-0.4339,0.0014,-7.7705,14.1759,7.69
15:05:46,25946.6,26101.6,26100.4,26103.0,26099.4,57.0,True,26086.9,25936.08,25936.26,1.2,True,25950,0.72,1086191,784102,NIFTY2610625950CE,25950,134.4,27941,0.5661,0.0014,-7.7705,14.1759,7.69,NIFTY2610625950PE,25950,90.6,22323,-0.4339,0.0014,-7.7705,14.1759,7.69
15:05:53,25948.0,26103.3,26100.4,26103.3,26099.4,57.8,True,26086.91,25936.55,25936.46,2.9,True,25950,0.72,1090057,789090,NIFTY2610625950CE,25950,134.85,28107,0.5655,0.0014,-7.8125,14.1794,7.73,NIFTY2610625950PE,25950,90,22829,-0.4345,0.0014,-7.8125,14.1794,7.73
15:06:01,25948.15,26103.6,26102.4,26103.6,26102.3,57.9,True,26086.92,25940.42,25938.13,1.2,True,25950,0.72,1090029,789176,NIFTY2610625950CE,25950,134.95,28107,0.5649,0.0014,-7.8082,14.1819,7.73,NIFTY2610625950PE,25950,89.9,22829,-0.4351,0.0014,-7.8082,14.1819,7.73
15:06:08,25948.95,26105.0,26102.4,26105.0,26102.3,58.4,True,26086.93,25940.68,25938.24,2.6,True,25950,0.72,1089938,789184,NIFTY2610625950CE,25950,135.75,28107,0.5649,0.0014,-7.8082,14.1819,7.73,NIFTY2610625950PE,25950,89.3,22829,-0.4351,0.0014,-7.8082,14.1819,7.73
15:06:16,25950.1,26105.1,26102.4,26108.5,26102.3,59.1,True,26086.93,25941.07,25938.41,2.7,True,25950,0.72,1090008,789306,NIFTY2610625950CE,25950,135.7,28107,0.5661,0.0014,-7.7986,14.1749,7.72,NIFTY2610625950PE,25950,89.4,22829,-0.4339,0.0014,-7.7986,14.1749,7.72
15:06:23,25947.7,26110.4,26102.4,26110.4,26102.3,57.5,True,26086.95,25940.27,25938.07,8.0,True,25950,0.72,1089880,789306,NIFTY2610625950CE,25950,135.8,28107,0.5671,0.0014,-7.7908,14.1695,7.72,NIFTY2610625950PE,25950,89.4,22829,-0.4329,0.0014,-7.7908,14.1695,7.72
15:06:30,25953.9,26106.4,26102.4,26112.4,26102.3,61.2,True,26086.96,25942.33,25938.95,4.0,True,25950,0.72,1089877,789306,NIFTY2610625950CE,25950,135.95,28107,0.5671,0.0014,-7.7908,14.1695,7.72,NIFTY2610625950PE,25950,88.7,22829,-0.4329,0.0014,-7.7908,14.1695,7.72
15:06:38,25955.65,26110.0,26102.4,26115.0,26102.3,62.1,True,26086.98,25942.92,25939.2,7.6,True,25950,0.72,1089933,789306,NIFTY2610625950CE,25950,138,28107,0.5702,0.0014,-7.7757,14.1515,7.71,NIFTY2610625950PE,25950,86.9,22829,-0.4298,0.0014,-7.7757,14.1515,7.71
15:06:46,25955.1,26115.0,26102.4,26116.0,26102.3,61.8,True,26086.99,25942.73,25939.12,12.6,True,25950,0.72,1089984,789303,NIFTY2610625950CE,25950,138.25,28107,0.5702,0.0014,-7.7757,14.1515,7.71,NIFTY2610625950PE,25950,86.7,22829,-0.4298,0.0014,-7.7757,14.1515,7.71
15:06:52,25954.05,26110.7,26102.4,26116.9,26102.3,61.2,True,26086.99,25942.38,25938.97,8.3,True,25950,0.72,1089986,789303,NIFTY2610625950CE,25950,138,28107,0.5749,0.0014,-7.7396,14.1222,7.69,NIFTY2610625950PE,25950,87.45,22829,-0.4251,0.0014,-7.7396,14.1222,7.69
15:07:00,25955.65,26116.0,26117.0,26117.0,26110.7,62.1,True,26087.0,25946.81,25941.36,1.0,False,25950,0.72,1089986,789304,NIFTY2610625950CE,25950,138.6,28107,0.5756,0.0014,-7.7387,14.117,7.69,NIFTY2610625950PE,25950,86.75,22829,-0.4244,0.0014,-7.7387,14.117,7.69
15:07:08,25948.55,26112.0,26117.0,26117.3,26110.7,56.7,True,26087.01,25944.44,25940.34,5.0,False,25950,0.72,1089987,789306,NIFTY2610625950CE,25950,136.5,28107,0.5759,0.0014,-7.7503,14.1151,7.7,NIFTY2610625950PE,25950,88.1,22829,-0.4241,0.0014,-7.7503,14.1151,7.7
15:07:15,25943.2,26110.0,26117.0,26117.3,26110.0,52.9,True,26087.02,25942.66,25939.58,7.0,False,25950,0.72,1089987,789306,NIFTY2610625950CE,25950,135.35,28107,0.5759,0.0014,-7.7503,14.1151,7.7,NIFTY2610625950PE,25950,89.15,22829,-0.4241,0.0014,-7.7503,14.1151,7.7
15:07:23,25937.05,26109.9,26117.0,26117.3,26106.4,49.1,True,26087.03,25940.61,25938.7,7.1,False,25950,0.72,1089987,789306,NIFTY2610625950CE,25950,134.7,28107,0.5708,0.0014,-7.7118,14.1469,7.65,NIFTY2610625950PE,25950,90,22829,-0.4292,0.0014,-7.7118,14.1469,7.65
15:07:31,25936.0,26111.7,26117.0,26117.3,26106.4,48.5,True,26087.04,25940.26,25938.55,5.3,False,25950,0.72,1089987,789306,NIFTY2610625950CE,25950,134.3,28107,0.5652,0.0014,-7.7912,14.1792,7.71,NIFTY2610625950PE,25950,89.65,22829,-0.4348,0.0014,-7.7912,14.1792,7.71
15:07:39,25933.65,26106.0,26117.0,26117.3,26105.2,47.3,True,26087.04,25939.47,25938.21,11.0,False,25950,0.72,1089987,789308,NIFTY2610625950CE,25950,134.35,28107,0.5658,0.0014,-7.7688,14.1763,7.69,NIFTY2610625950PE,25950,89.45,22829,-0.4342,0.0014,-7.7688,14.1763,7.69
15:07:47,25931.1,26105.0,26117.0,26117.3,26105.0,45.9,True,26087.05,25938.62,25937.85,12.0,False,25950,0.72,1089987,789308,NIFTY2610625950CE,25950,134.1,28107,0.5658,0.0014,-7.7688,14.1763,7.69,NIFTY2610625950PE,25950,89.7,22829,-0.4342,0.0014,-7.7688,14.1763,7.69
15:07:56,25930.55,26110.0,26117.0,26117.3,26105.0,45.7,True,26087.06,25938.44,25937.77,7.0,False,25950,0.72,1089987,789308,NIFTY2610625950CE,25950,134.2,28107,0.5663,0.0014,-7.7688,14.1732,7.69,NIFTY2610625950PE,25950,89.65,22829,-0.4337,0.0014,-7.7688,14.1732,7.69
15:08:04,25929.1,26106.0,26105.0,26106.0,26104.2,44.9,True,26087.07,25935.33,25936.53,1.0,True,25950,0.72,1089987,789308,NIFTY2610625950CE,25950,134.25,28107,0.5664,0.0014,-7.7339,14.1716,7.66,NIFTY2610625950PE,25950,89.6,22829,-0.4336,0.0014,-7.7339,14.1716,7.66
15:08:12,25927.15,26105.0,26105.0,26106.0,26104.2,43.9,True,26087.07,25934.68,25936.25,0.0,False,25950,0.72,1089987,789308,NIFTY2610625950CE,25950,135,28107,0.5667,0.0014,-7.7394,14.1703,7.66,NIFTY2610625950PE,25950,89.2,22829,-0.4333,0.0014,-7.7394,14.1703,7.66
15:08:19,25925.7,26107.0,26105.0,26107.0,26104.2,43.2,True,26087.08,25934.19,25936.05,2.0,True,25950,0.72,1089987,789308,NIFTY2610625950CE,25950,134.95,28107,0.5667,0.0014,-7.7394,14.1703,7.66,NIFTY2610625950PE,25950,89.4,22829,-0.4333,0.0014,-7.7394,14.1703,7.66
15:08:28,25925.65,26107.0,26105.0,26107.0,26104.2,43.2,True,26087.08,25934.18,25936.04,2.0,True,25950,0.72,1089973,789308,NIFTY2610625950CE,25950,135.15,28107,0.567,0.0014,-7.7896,14.1687,7.71,NIFTY2610625950PE,25950,89.35,22829,-0.433,0.0014,-7.7896,14.1687,7.71
15:08:35,25931.45,26109.5,26105.0,26109.5,26104.2,46.2,True,26087.09,25936.11,25936.87,4.5,True,25950,0.72,1089973,789308,NIFTY2610625950CE,25950,136.35,28107,0.5682,0.0014,-7.7624,14.1615,7.69,NIFTY2610625950PE,25950,88.5,22829,-0.4318,0.0014,-7.7624,14.1615,7.69
15:08:41,25933.45,26107.5,26105.0,26110.0,26104.2,47.4,True,26087.1,25936.78,25937.15,2.5,True,25950,0.72,1089972,789308,NIFTY2610625950CE,25950,136.45,28107,0.5682,0.0014,-7.7624,14.1615,7.69,NIFTY2610625950PE,25950,88.2,22829,-0.4318,0.0014,-7.7624,14.1615,7.69
15:08:49,25935.95,26110.0,26105.0,26110.0,26104.2,48.9,True,26087.11,25937.61,25937.51,5.0,True,25950,0.73,1089005,790753,NIFTY2610625950CE,25950,137.65,27386,0.5713,0.0014,-7.7593,14.1433,7.7,NIFTY2610625950PE,25950,87.4,23516,-0.4287,0.0014,-7.7593,14.1433,7.7
15:08:56,25938.1,26111.0,26105.0,26111.0,26104.2,50.1,True,26087.11,25938.33,25937.82,6.0,True,25950,0.73,1092243,798897,NIFTY2610625950CE,25950,138,27386,0.5748,0.0014,-7.7492,14.1206,7.7,NIFTY2610625950PE,25950,87.1,23516,-0.4252,0.0014,-7.7492,14.1206,7.7
15:09:03,25939.65,26110.2,26109.8,26111.9,26109.8,50.9,True,26087.12,25938.77,25938.08,0.4,True,25950,0.73,1092202,798900,NIFTY2610625950CE,25950,137.6,27386,0.5748,0.0014,-7.7492,14.1206,7.7,NIFTY2610625950PE,25950,87.4,23516,-0.4252,0.0014,-7.7492,14.1206,7.7
15:09:10,25938.75,26109.4,26109.8,26111.9,26109.4,50.4,True,26087.13,25938.47,25937.95,0.4,False,25950,0.73,1092202,798922,NIFTY2610625950CE,25950,137.15,27386,0.574,0.0014,-7.7481,14.1257,7.69,NIFTY2610625950PE,25950,87.85,23516,-0.426,0.0014,-7.7481,14.1257,7.69
15:09:18,25939.75,26108.7,26109.8,26111.9,26108.7,51.0,True,26087.13,25938.8,25938.09,1.1,False,25950,0.73,1092675,798912,NIFTY2610625950CE,25950,136.95,27386,0.5713,0.0014,-7.7551,14.1428,7.69,NIFTY2610625950PE,25950,88.2,23516,-0.4287,0.0014,-7.7551,14.1428,7.69
15:09:25,25936.2,26107.0,26109.8,26111.9,26107.0,49.0,True,26087.14,25937.62,25937.59,2.8,False,25950,0.73,1092783,798912,NIFTY2610625950CE,25950,135.8,27386,0.5713,0.0014,-7.7551,14.1428,7.69,NIFTY2610625950PE,25950,89.2,23516,-0.4287,0.0014,-7.7551,14.1428,7.69
15:09:32,25937.3,26107.3,26109.8,26112.0,26107.0,49.6,True,26087.15,25937.98,25937.74,2.5,False,25950,0.73,1092783,798912,NIFTY2610625950CE,25950,135.8,27386,0.5683,0.0014,-7.7695,14.1603,7.7,NIFTY2610625950PE,25950,88.5,23516,-0.4317,0.0014,-7.7695,14.1603,7.7
15:09:40,25936.65,26109.1,26109.8,26112.0,26107.0,49.2,True,26087.15,25937.77,25937.65,0.7,False,25950,0.73,1092783,798908,NIFTY2610625950CE,25950,135.6,27386,0.5694,0.0014,-7.7505,14.1541,7.68,NIFTY2610625950PE,25950,89.05,23516,-0.4306,0.0014,-7.7505,14.1541,7.68
15:09:48,25938.9,26107.0,26109.8,26112.0,26107.0,50.5,True,26087.16,25938.52,25937.97,2.8,False,25950,0.73,1092778,798908,NIFTY2610625950CE,25950,135.15,27386,0.5694,0.0014,-7.7505,14.1541,7.68,NIFTY2610625950PE,25950,89.05,23516,-0.4306,0.0014,-7.7505,14.1541,7.68
15:09:54,25940.45,26108.5,26109.8,26112.0,26107.0,51.4,True,26087.16,25939.03,25938.19,1.3,False,25950,0.73,1092778,798928,NIFTY2610625950CE,25950,135,27386,0.5677,0.0014,-7.7633,14.164,7.69,NIFTY2610625950PE,25950,89.55,23516,-0.4323,0.0014,-7.7633,14.164,7.69
15:10:02,25936.05,26107.5,26107.0,26107.5,26105.6,48.8,True,26087.17,25938.04,25937.89,0.5,True,25950,0.73,1092778,798933,NIFTY2610625950CE,25950,136.5,27386,0.5658,0.0014,-7.7798,14.1742,7.7,NIFTY2610625950PE,25950,88.35,23516,-0.4342,0.0014,-7.7798,14.1742,7.7
15:10:10,25938.05,26108.0,26107.0,26108.9,26105.6,49.9,True,26087.18,25938.71,25938.17,1.0,True,25950,0.73,1092782,798933,NIFTY2610625950CE,25950,136.45,27386,0.5658,0.0014,-7.7798,14.1742,7.7,NIFTY2610625950PE,25950,88.2,23516,-0.4342,0.0014,-7.7798,14.1742,7.7
15:10:16,25937.0,26107.5,26107.0,26108.9,26105.6,49.3,True,26087.18,25938.36,25938.02,0.5,True,25950,0.73,1092782,798965,NIFTY2610625950CE,25950,135.95,27386,0.57,0.0014,-7.7437,14.1497,7.68,NIFTY2610625950PE,25950,88.9,23516,-0.43,0.0014,-7.7437,14.1497,7.68
15:10:23,25935.75,26105.6,26107.0,26108.9,26105.5,48.6,True,26087.19,25937.94,25937.84,1.4,False,25950,0.73,1092782,798974,NIFTY2610625950CE,25950,135.65,27386,0.57,0.0014,-7.7437,14.1497,7.68,NIFTY2610625950PE,25950,88.7,23516,-0.43,0.0014,-7.7437,14.1497,7.68
15:10:31,25937.4,26106.9,26107.0,26108.9,26105.5,49.6,True,26087.19,25938.49,25938.08,0.1,False,25950,0.73,1092781,799004,NIFTY2610625950CE,25950,136.4,27386,0.5676,0.0014,-7.7627,14.1636,7.69,NIFTY2610625950PE,25950,88.45,23516,-0.4324,0.0014,-7.7627,14.1636,7.69
15:10:39,25937.25,26107.3,26107.0,26108.9,26105.5,49.5,True,26087.21,25938.44,25938.06,0.3,True,25950,0.73,1092786,799003,NIFTY2610625950CE,25950,136.45,27386,0.5676,0.0014,-7.7627,14.1636,7.69,NIFTY2610625950PE,25950,87.9,23516,-0.4324,0.0014,-7.7627,14.1636,7.69
15:10:46,25932.55,26105.9,26107.0,26108.9,26105.5,46.9,True,26087.22,25936.87,25937.39,1.1,False,25950,0.73,1092800,799003,NIFTY2610625950CE,25950,135.85,27386,0.5698,0.0014,-7.7794,14.1507,7.71,NIFTY2610625950PE,25950,88.9,23516,-0.4302,0.0014,-7.7794,14.1507,7.71
15:10:54,25931.6,26105.7,26107.0,26108.9,26105.5,46.4,True,26087.22,25936.56,25937.25,1.3,False,25950,0.73,1092800,799003,NIFTY2610625950CE,25950,135.75,27386,0.5704,0.0014,-7.7805,14.1471,7.71,NIFTY2610625950PE,25950,89.15,23516,-0.4296,0.0014,-7.7805,14.1471,7.71
15:11:02,25933.9,26105.7,26107.1,26107.5,26105.6,47.8,True,26087.23,25935.67,25936.77,1.4,False,25950,0.73,1092800,799003,NIFTY2610625950CE,25950,136.5,27386,0.5692,0.0014,-7.774,14.1538,7.7,NIFTY2610625950PE,25950,88.9,23516,-0.4308,0.0014,-7.774,14.1538,7.7
15:11:10,25934.7,26107.0,26107.1,26107.5,26105.6,48.3,True,26087.23,25935.94,25936.89,0.1,False,25950,0.73,1092801,799003,NIFTY2610625950CE,25950,136.15,27386,0.5692,0.0014,-7.774,14.1538,7.7,NIFTY2610625950PE,25950,88.45,23516,-0.4308,0.0014,-7.774,14.1538,7.7
15:11:18,25932.2,26106.0,26107.1,26107.5,26105.4,46.8,True,26087.23,25935.1,25936.53,1.1,False,25950,0.73,1092801,799003,NIFTY2610625950CE,25950,136.15,27386,0.5702,0.0014,-7.7548,14.1475,7.69,NIFTY2610625950PE,25950,88.7,23516,-0.4298,0.0014,-7.7548,14.1475,7.69
15:11:25,25931.0,26106.7,26107.1,26107.5,26105.4,46.1,True,26087.24,25934.7,25936.36,0.4,False,25950,0.73,1092801,799003,NIFTY2610625950CE,25950,136.3,27386,0.5701,0.0014,-7.7471,14.1483,7.68,NIFTY2610625950PE,25950,88.6,23516,-0.4299,0.0014,-7.7471,14.1483,7.68
15:11:32,25931.35,26106.6,26107.1,26107.5,26105.4,46.3,True,26087.24,25934.82,25936.41,0.5,False,25950,0.73,1092801,799003,NIFTY2610625950CE,25950,136.45,27386,0.5701,0.0014,-7.7471,14.1483,7.68,NIFTY2610625950PE,25950,88.6,23516,-0.4299,0.0014,-7.7471,14.1483,7.68
15:11:38,25930.85,26106.1,26107.1,26107.5,26105.4,46.0,True,26087.25,25934.65,25936.34,1.0,False,25950,0.73,1092802,799003,NIFTY2610625950CE,25950,136.25,27386,0.5693,0.0014,-7.784,14.1535,7.71,NIFTY2610625950PE,25950,88.85,23516,-0.4307,0.0014,-7.784,14.1535,7.71
15:11:46,25931.65,26106.1,26107.1,26107.5,26105.4,46.4,True,26087.25,25934.92,25936.45,1.0,False,25950,0.73,1094136,799144,NIFTY2610625950CE,25950,136.35,27386,0.5691,0.0014,-7.785,14.1544,7.71,NIFTY2610625950PE,25950,88.8,23516,-0.4309,0.0014,-7.785,14.1544,7.71
15:11:52,25931.7,26106.3,26107.1,26107.5,26105.2,46.5,True,26087.25,25934.94,25936.46,0.8,False,25950,0.73,1100519,808415,NIFTY2610625950CE,25950,135,27161,0.5687,0.0014,-7.7676,14.156,7.7,NIFTY2610625950PE,25950,89.6,24120,-0.4313,0.0014,-7.7676,14.156,7.7
15:12:00,25931.35,26105.5,26105.2,26106.1,26105.2,46.3,True,26087.26,25933.74,25935.73,0.3,True,25950,0.74,1098353,808415,NIFTY2610625950CE,25950,134.8,27161,0.5687,0.0014,-7.7676,14.156,7.7,NIFTY2610625950PE,25950,89.45,24120,-0.4313,0.0014,-7.7676,14.156,7.7
15:12:08,25929.95,26105.1,26105.2,26106.1,26105.1,45.5,True,26087.27,25933.27,25935.53,0.1,False,25950,0.74,1098509,808357,NIFTY2610625950CE,25950,135.25,27161,0.5662,0.0014,-7.7736,14.1705,7.69,NIFTY2610625950PE,25950,89.3,24120,-0.4338,0.0014,-7.7736,14.1705,7.69
15:12:14,25931.75,26105.5,26105.2,26106.1,26105.1,46.5,True,26087.27,25933.87,25935.79,0.3,True,25950,0.74,1099129,808494,NIFTY2610625950CE,25950,135.5,27161,0.5662,0.0014,-7.7736,14.1705,7.69,NIFTY2610625950PE,25950,89,24120,-0.4338,0.0014,-7.7736,14.1705,7.69
15:12:21,25932.45,26105.2,26105.2,26106.1,26105.1,47.0,True,26087.28,25934.11,25935.89,0.0,False,25950,0.74,1099145,808506,NIFTY2610625950CE,25950,135.45,27161,0.5668,0.0014,-7.7228,14.167,7.64,NIFTY2610625950PE,25950,88.8,24120,-0.4332,0.0014,-7.7228,14.167,7.64
15:12:28,25931.2,26105.5,26105.2,26106.1,26105.1,46.2,True,26087.3,25933.69,25935.71,0.3,True,25950,0.74,1099145,808506,NIFTY2610625950CE,25950,135.25,27161,0.5668,0.0014,-7.7228,14.167,7.64,NIFTY2610625950PE,25950,88.95,24120,-0.4332,0.0014,-7.7228,14.167,7.64
15:12:35,25932.6,26107.0,26105.2,26107.0,26105.1,47.1,True,26087.31,25934.16,25935.91,1.8,True,25950,0.74,1099141,808514,NIFTY2610625950CE,25950,136.35,27161,0.5686,0.0014,-7.7649,14.1566,7.69,NIFTY2610625950PE,25950,88.45,24120,-0.4314,0.0014,-7.7649,14.1566,7.69
15:12:43,25931.7,26108.9,26105.2,26109.0,26105.1,46.5,True,26087.32,25933.86,25935.78,3.7,True,25950,0.74,1099141,808514,NIFTY2610625950CE,25950,136.45,27161,0.5701,0.0014,-7.7479,14.1476,7.68,NIFTY2610625950PE,25950,88.35,24120,-0.4299,0.0014,-7.7479,14.1476,7.68
15:12:50,25931.85,26109.1,26105.2,26110.0,26105.1,46.6,True,26087.33,25933.91,25935.8,3.9,True,25950,0.74,1099147,808522,NIFTY2610625950CE,25950,136.6,27161,0.5701,0.0014,-7.7479,14.1476,7.68,NIFTY2610625950PE,25950,88.2,24120,-0.4299,0.0014,-7.7479,14.1476,7.68
15:12:57,25931.85,26109.1,26105.2,26110.0,26105.1,46.6,True,26087.33,25933.91,25935.8,3.9,True,25950,0.74,1099247,808517,NIFTY2610625950CE,25950,136.45,27161,0.5698,0.0014,-7.7709,14.1496,7.7,NIFTY2610625950PE,25950,88,24120,-0.4302,0.0014,-7.7709,14.1496,7.7
15:13:04,25935.4,26110.1,26109.0,26112.0,26109.0,49.0,True,26087.36,25934.41,25935.74,1.1,True,25950,0.74,1099247,808511,NIFTY2610625950CE,25950,137.3,27161,0.5703,0.0014,-7.7577,14.1457,7.69,NIFTY2610625950PE,25950,87.2,24120,-0.4297,0.0014,-7.7577,14.1457,7.69
15:13:13,25934.9,26113.0,26109.0,26113.0,26109.0,48.7,True,26087.36,25934.24,25935.67,4.0,True,25950,0.74,1099247,808511,NIFTY2610625950CE,25950,136.95,27161,0.5703,0.0014,-7.7577,14.1457,7.69,NIFTY2610625950PE,25950,87,24120,-0.4297,0.0014,-7.7577,14.1457,7.69
15:13:20,25937.0,26112.0,26109.0,26114.0,26109.0,50.1,True,26087.37,25934.94,25935.97,3.0,True,25950,0.74,1099247,808511,NIFTY2610625950CE,25950,136.95,27161,0.572,0.0014,-7.7357,14.1354,7.67,NIFTY2610625950PE,25950,87.15,24120,-0.428,0.0014,-7.7357,14.1354,7.67
15:13:26,25936.55,26112.7,26109.0,26114.0,26109.0,49.8,True,26087.37,25934.79,25935.91,3.7,True,25950,0.74,1099247,808511,NIFTY2610625950CE,25950,137,27161,0.573,0.0014,-7.7286,14.129,7.67,NIFTY2610625950PE,25950,87.65,24120,-0.427,0.0014,-7.7286,14.129,7.67
15:13:33,25939.05,26112.7,26109.0,26114.0,26109.0,51.3,True,26087.38,25935.62,25936.26,3.7,True,25950,0.74,1099247,808511,NIFTY2610625950CE,25950,136.9,27161,0.573,0.0014,-7.7286,14.129,7.67,NIFTY2610625950PE,25950,87.7,24120,-0.427,0.0014,-7.7286,14.129,7.67
15:13:41,25936.7,26113.0,26109.0,26114.0,26109.0,49.9,True,26087.39,25934.84,25935.93,4.0,True,25950,0.74,1099247,808511,NIFTY2610625950CE,25950,137.4,27161,0.5724,0.0014,-7.7538,14.133,7.69,NIFTY2610625950PE,25950,87.75,24120,-0.4276,0.0014,-7.7538,14.133,7.69
15:13:48,25937.3,26112.6,26109.0,26114.5,26109.0,50.3,True,26087.41,25935.04,25936.01,3.6,True,25950,0.74,1099247,808511,NIFTY2610625950CE,25950,137.35,27161,0.5725,0.0014,-7.7551,14.1326,7.69,NIFTY2610625950PE,25950,87.8,24120,-0.4275,0.0014,-7.7551,14.1326,7.69
15:13:55,25935.55,26112.6,26109.0,26114.5,26109.0,49.1,True,26087.42,25934.46,25935.76,3.6,True,25950,0.74,1099250,808511,NIFTY2610625950CE,25950,137.7,27161,0.5725,0.0014,-7.7551,14.1326,7.69,NIFTY2610625950PE,25950,87.65,24120,-0.4275,0.0014,-7.7551,14.1326,7.69
15:14:02,25939.8,26113.2,26115.0,26115.7,26112.6,52.0,True,26087.46,25936.24,25936.34,1.8,False,25950,0.74,1099250,808511,NIFTY2610625950CE,25950,138,27161,0.5728,0.0014,-7.7639,14.1298,7.7,NIFTY2610625950PE,25950,86.95,24120,-0.4272,0.0014,-7.7639,14.1298,7.7
15:14:10,25939.75,26115.0,26115.0,26115.7,26112.6,52.0,True,26087.47,25936.22,25936.33,0.0,False,25950,0.74,1099250,808511,NIFTY2610625950CE,25950,138,27161,0.5744,0.0014,-7.7388,14.1197,7.68,NIFTY2610625950PE,25950,86.9,24120,-0.4256,0.0014,-7.7388,14.1197,7.68
15:14:16,25940.8,26115.6,26115.0,26117.8,26112.6,52.6,True,26087.48,25936.57,25936.48,0.6,True,25950,0.74,1099250,808511,NIFTY2610625950CE,25950,138,27161,0.5744,0.0014,-7.7388,14.1197,7.68,NIFTY2610625950PE,25950,86.9,24120,-0.4256,0.0014,-7.7388,14.1197,7.68
15:14:23,25937.6,26115.0,26115.0,26117.8,26112.6,50.6,True,26087.51,25935.5,25936.03,0.0,False,25950,0.74,1099250,808511,NIFTY2610625950CE,25950,138,27161,0.5745,0.0014,-7.7401,14.1194,7.69,NIFTY2610625950PE,25950,86.85,24120,-0.4255,0.0014,-7.7401,14.1194,7.69
15:14:30,25938.05,26114.1,26115.0,26117.8,26112.6,50.9,True,26087.54,25935.65,25936.09,0.9,False,25950,0.74,1099250,808511,NIFTY2610625950CE,25950,137.5,27161,0.5745,0.0014,-7.7401,14.1194,7.69,NIFTY2610625950PE,25950,87.25,24120,-0.4255,0.0014,-7.7401,14.1194,7.69
15:14:37,25938.85,26115.1,26115.0,26117.8,26112.6,51.4,True,26087.56,25935.92,25936.2,0.1,True,25950,0.74,1099250,808511,NIFTY2610625950CE,25950,137.95,27161,0.5749,0.0014,-7.742,14.1164,7.69,NIFTY2610625950PE,25950,86.85,24120,-0.4251,0.0014,-7.742,14.1164,7.69
15:14:44,25943.2,26118.9,26115.0,26118.9,26112.6,54.0,True,26087.58,25937.37,25936.83,3.9,True,25950,0.74,1099250,808511,NIFTY2610625950CE,25950,138.15,27161,0.5744,0.0014,-7.7599,14.1201,7.71,NIFTY2610625950PE,25950,86.45,24120,-0.4256,0.0014,-7.7599,14.1201,7.71
15:14:51,25942.0,26115.5,26115.0,26118.9,26112.6,53.3,True,26087.6,25936.97,25936.65,0.5,True,25950,0.74,1102861,815590,NIFTY2610625950CE,25950,137.95,27116,0.5744,0.0014,-7.7599,14.1201,7.71,NIFTY2610625950PE,25950,86.8,24259,-0.4256,0.0014,-7.7599,14.1201,7.71
15:14:59,25942.0,26115.0,26118.0,26118.0,26112.8,53.3,True,26087.69,25936.97,25936.65,3.0,False,25950,0.74,1103817,818038,NIFTY2610625950CE,25950,138.45,27116,0.5754,0.0014,-7.7315,14.1131,7.68,NIFTY2610625950PE,25950,86.15,24259,-0.4246,0.0014,-7.7315,14.1131,7.68
15:15:07,25938.35,26115.0,26118.0,26118.8,26112.8,50.8,True,26087.7,25937.43,25936.9,3.0,False,25950,0.74,1104416,818097,NIFTY2610625950CE,25950,138.45,27116,0.5764,0.0014,-7.7248,14.1057,7.68,NIFTY2610625950PE,25950,85.8,24259,-0.4236,0.0014,-7.7248,14.1057,7.68
15:15:15,25939.2,26116.4,26118.0,26118.8,26112.8,51.4,True,26087.74,25937.71,25937.02,1.6,False,25950,0.74,1104416,818097,NIFTY2610625950CE,25950,138.85,27116,0.5771,0.0014,-7.7168,14.1016,7.67,NIFTY2610625950PE,25950,85.8,24259,-0.4229,0.0014,-7.7168,14.1016,7.67
15:15:22,25938.2,26118.0,26118.0,26118.9,26112.8,50.7,True,26087.76,25937.38,25936.88,0.0,False,25950,0.74,1104330,818097,NIFTY2610625950CE,25950,139,27116,0.5771,0.0014,-7.7168,14.1016,7.67,NIFTY2610625950PE,25950,85.25,24259,-0.4229,0.0014,-7.7168,14.1016,7.67
15:15:30,25940.1,26117.1,26118.0,26119.0,26112.8,52.0,True,26087.79,25938.01,25937.15,0.9,False,25950,0.74,1104330,818097,NIFTY2610625950CE,25950,139.2,27116,0.5787,0.0014,-7.6836,14.0903,7.64,NIFTY2610625950PE,25950,84.8,24259,-0.4213,0.0014,-7.6836,14.0903,7.64
15:15:37,25937.7,26117.0,26118.0,26119.0,26112.8,50.4,True,26087.82,25937.21,25936.8,1.0,False,25950,0.74,1104328,818099,NIFTY2610625950CE,25950,139,27116,0.5787,0.0014,-7.6836,14.0903,7.64,NIFTY2610625950PE,25950,85.55,24259,-0.4213,0.0014,-7.6836,14.0903,7.64
15:15:45,25938.5,26115.0,26118.0,26119.8,26112.8,50.9,True,26087.84,25937.48,25936.92,3.0,False,25950,0.74,1104302,818097,NIFTY2610625950CE,25950,138.25,27116,0.5796,0.0014,-7.6894,14.0847,7.65,NIFTY2610625950PE,25950,85.9,24259,-0.4204,0.0014,-7.6894,14.0847,7.65
15:15:52,25936.75,26117.5,26118.0,26120.0,26112.8,49.7,True,26087.88,25936.9,25936.67,0.5,False,25950,0.74,1104302,818097,NIFTY2610625950CE,25950,138.5,27116,0.5773,0.0014,-7.6946,14.1002,7.65,NIFTY2610625950PE,25950,85.6,24259,-0.4227,0.0014,-7.6946,14.1002,7.65
15:15:59,25936.75,26118.2,26117.6,26118.2,26117.5,49.7,True,26087.92,25936.9,25936.67,0.6,True,25950,0.74,1104298,818162,NIFTY2610625950CE,25950,138.75,27116,0.5784,0.0014,-7.689,14.0923,7.65,NIFTY2610625950PE,25950,85.1,24259,-0.4216,0.0014,-7.689,14.0923,7.65
15:16:07,25939.35,26118.2,26117.6,26118.2,26117.5,51.5,True,26087.93,25937.71,25937.05,0.6,True,25950,0.74,1104298,818135,NIFTY2610625950CE,25950,139.05,27116,0.5794,0.0014,-7.6762,14.0854,7.64,NIFTY2610625950PE,25950,85,24259,-0.4206,0.0014,-7.6762,14.0854,7.64
15:16:14,25942.4,26119.7,26117.6,26119.7,26117.5,53.4,True,26087.93,25938.73,25937.49,2.1,True,25950,0.74,1104298,818136,NIFTY2610625950CE,25950,139.05,27116,0.5794,0.0014,-7.6762,14.0854,7.64,NIFTY2610625950PE,25950,84.25,24259,-0.4206,0.0014,-7.6762,14.0854,7.64
15:16:21,25941.7,26118.9,26117.6,26119.7,26117.5,53.0,True,26087.94,25938.5,25937.39,1.3,True,25950,0.74,1104298,818136,NIFTY2610625950CE,25950,139.3,27116,0.5798,0.0014,-7.6903,14.0826,7.66,NIFTY2610625950PE,25950,84.5,24259,-0.4202,0.0014,-7.6903,14.0826,7.66
15:16:27,25940.55,26118.2,26117.6,26119.7,26117.5,52.2,True,26087.97,25938.11,25937.22,0.6,True,25950,0.74,1104298,818136,NIFTY2610625950CE,25950,139,27116,0.5809,0.0014,-7.6538,14.0744,7.62,NIFTY2610625950PE,25950,84.35,24259,-0.4191,0.0014,-7.6538,14.0744,7.62
15:16:35,25940.05,26118.5,26117.6,26119.7,26117.5,51.9,True,26087.98,25937.95,25937.15,0.9,True,25950,0.74,1104298,818136,NIFTY2610625950CE,25950,138.75,27116,0.5809,0.0014,-7.6538,14.0744,7.62,NIFTY2610625950PE,25950,84.4,24259,-0.4191,0.0014,-7.6538,14.0744,7.62
15:16:42,25938.7,26118.5,26117.6,26119.7,26117.5,51.1,True,26087.99,25937.5,25936.96,0.9,True,25950,0.74,1104298,818136,NIFTY2610625950CE,25950,138.8,27116,0.5804,0.0014,-7.6734,14.0781,7.64,NIFTY2610625950PE,25950,84.65,24259,-0.4196,0.0014,-7.6734,14.0781,7.64
15:16:49,25940.8,26118.5,26117.6,26119.7,26117.5,52.4,True,26088.03,25938.2,25937.26,0.9,True,25950,0.74,1104298,818136,NIFTY2610625950CE,25950,138.65,27116,0.58,0.0014,-7.6693,14.0807,7.64,NIFTY2610625950PE,25950,85,24259,-0.42,0.0014,-7.6693,14.0807,7.64
15:16:56,25940.4,26118.1,26117.6,26119.7,26117.5,52.2,True,26088.04,25938.06,25937.2,0.5,True,25950,0.74,1104298,818136,NIFTY2610625950CE,25950,138.4,27116,0.58,0.0014,-7.6693,14.0807,7.64,NIFTY2610625950PE,25950,84.9,24259,-0.42,0.0014,-7.6693,14.0807,7.64
15:17:04,25940.45,26121.0,26118.5,26121.0,26118.3,52.2,True,26088.08,25938.86,25937.67,2.5,True,25950,0.74,1104298,818136,NIFTY2610625950CE,25950,139.1,27116,0.58,0.0014,-7.6693,14.0807,7.64,NIFTY2610625950PE,25950,84.95,24259,-0.42,0.0014,-7.6693,14.0807,7.64
15:17:10,25940.5,26119.3,26118.5,26121.0,26118.3,52.2,True,26088.08,25938.88,25937.67,0.8,True,25950,0.74,1104298,818136,NIFTY2610625950CE,25950,139.3,27116,0.5791,0.0014,-7.6655,14.0867,7.63,NIFTY2610625950PE,25950,84.95,24259,-0.4209,0.0014,-7.6655,14.0867,7.63
15:17:18,25940.35,26120.0,26118.5,26121.0,26118.3,52.1,True,26088.1,25938.83,25937.65,1.5,True,25950,0.74,1104298,818136,NIFTY2610625950CE,25950,138.8,27116,0.5798,0.0014,-7.6649,14.0815,7.63,NIFTY2610625950PE,25950,84.7,24259,-0.4202,0.0014,-7.6649,14.0815,7.63
15:17:25,25939.6,26120.0,26118.5,26121.0,26118.3,51.6,True,26088.12,25938.58,25937.54,1.5,True,25950,0.74,1104298,818136,NIFTY2610625950CE,25950,139,27116,0.5802,0.0014,-7.674,14.0788,7.64,NIFTY2610625950PE,25950,84.45,24259,-0.4198,0.0014,-7.674,14.0788,7.64
15:17:32,25939.25,26120.0,26118.5,26121.0,26118.3,51.3,True,26088.15,25938.46,25937.49,1.5,True,25950,0.74,1104298,818136,NIFTY2610625950CE,25950,138.95,27116,0.5802,0.0014,-7.674,14.0788,7.64,NIFTY2610625950PE,25950,84.95,24259,-0.4198,0.0014,-7.674,14.0788,7.64
15:17:39,25939.45,26119.0,26118.5,26121.0,26118.3,51.5,True,26088.16,25938.53,25937.52,0.5,True,25950,0.74,1104298,818142,NIFTY2610625950CE,25950,138.8,27116,0.5798,0.0014,-7.6413,14.0818,7.61,NIFTY2610625950PE,25950,84.55,24259,-0.4202,0.0014,-7.6413,14.0818,7.61
15:17:46,25941.95,26121.0,26118.5,26121.3,26118.3,53.2,True,26088.19,25939.36,25937.88,2.5,True,25950,0.74,1104298,818142,NIFTY2610625950CE,25950,139.2,27116,0.5798,0.0014,-7.6413,14.0818,7.61,NIFTY2610625950PE,25950,83.5,24259,-0.4202,0.0014,-7.6413,14.0818,7.61
15:17:52,25943.3,26119.5,26118.5,26123.0,26118.3,54.0,True,26088.21,25939.81,25938.07,1.0,True,25950,0.74,1104811,820583,NIFTY2610625950CE,25950,139.95,26163,0.5806,0.0014,-7.6569,14.0758,7.62,NIFTY2610625950PE,25950,82.25,24283,-0.4194,0.0014,-7.6569,14.0758,7.62
15:17:59,25943.3,26119.9,26119.0,26121.9,26119.0,54.0,True,26088.24,25939.81,25938.07,0.9,True,25950,0.75,1104979,824809,NIFTY2610625950CE,25950,140.8,26163,0.5855,0.0014,-7.599,14.0403,7.59,NIFTY2610625950PE,25950,81.65,24283,-0.4145,0.0014,-7.599,14.0403,7.59
15:18:07,25943.3,26121.0,26119.0,26122.9,26119.0,54.0,True,26088.26,25940.97,25938.82,2.0,True,25950,0.75,1105196,824803,NIFTY2610625950CE,25950,140.75,26163,0.5855,0.0014,-7.599,14.0403,7.59,NIFTY2610625950PE,25950,81.75,24283,-0.4145,0.0014,-7.599,14.0403,7.59
15:18:15,25946.4,26122.4,26119.0,26124.8,26119.0,56.0,True,26088.28,25942.01,25939.26,3.4,True,25950,0.75,1105196,824807,NIFTY2610625950CE,25950,140.9,26163,0.5874,0.0014,-7.5781,14.0259,7.57,NIFTY2610625950PE,25950,81.45,24283,-0.4126,0.0014,-7.5781,14.0259,7.57
15:18:21,25944.15,26123.0,26119.0,26124.8,26119.0,54.6,True,26088.28,25941.26,25938.94,4.0,True,25950,0.75,1105196,824807,NIFTY2610625950CE,25950,140.9,26163,0.5886,0.0014,-7.5457,14.0164,7.55,NIFTY2610625950PE,25950,81.45,24283,-0.4114,0.0014,-7.5457,14.0164,7.55
15:18:28,25942.15,26124.8,26119.0,26125.0,26119.0,53.1,True,26088.3,25940.59,25938.66,5.8,True,25950,0.75,1105208,824820,NIFTY2610625950CE,25950,140.85,26163,0.5886,0.0014,-7.5457,14.0164,7.55,NIFTY2610625950PE,25950,81.65,24283,-0.4114,0.0014,-7.5457,14.0164,7.55
15:18:35,25944.15,26123.1,26119.0,26125.0,26119.0,54.6,True,26088.37,25941.26,25938.94,4.1,True,25950,0.75,1105207,824820,NIFTY2610625950CE,25950,140.85,26163,0.5882,0.0014,-7.5507,14.0194,7.55,NIFTY2610625950PE,25950,81.35,24283,-0.4118,0.0014,-7.5507,14.0194,7.55
15:18:43,25944.6,26127.3,26119.0,26127.3,26119.0,54.9,True,26088.41,25941.41,25939.01,8.3,True,25950,0.75,1105207,824820,NIFTY2610625950CE,25950,140.9,26163,0.5886,0.0014,-7.5545,14.0166,7.55,NIFTY2610625950PE,25950,81.85,24283,-0.4114,0.0014,-7.5545,14.0166,7.55
15:18:50,25945.3,26126.6,26119.0,26127.5,26119.0,55.4,True,26088.46,25941.64,25939.11,7.6,True,25950,0.75,1105207,824820,NIFTY2610625950CE,25950,140.65,26163,0.5886,0.0014,-7.5545,14.0166,7.55,NIFTY2610625950PE,25950,82,24283,-0.4114,0.0014,-7.5545,14.0166,7.55
15:18:57,25944.6,26126.6,26119.0,26127.5,26119.0,54.9,True,26088.46,25941.41,25939.01,7.6,True,25950,0.75,1105215,824820,NIFTY2610625950CE,25950,140.25,26163,0.5848,0.0014,-7.6033,14.0444,7.59,NIFTY2610625950PE,25950,83.05,24283,-0.4152,0.0014,-7.6033,14.0444,7.59
15:19:05,25944.2,26121.1,26126.5,26126.5,26120.1,54.6,True,26088.55,25942.34,25939.75,5.4,False,25950,0.75,1105215,824836,NIFTY2610625950CE,25950,140.45,26163,0.5848,0.0014,-7.6033,14.0444,7.59,NIFTY2610625950PE,25950,82.9,24283,-0.4152,0.0014,-7.6033,14.0444,7.59
15:19:13,25942.05,26120.2,26126.5,26126.5,26120.1,52.8,True,26088.57,25941.62,25939.44,6.3,False,25950,0.75,1105215,824836,NIFTY2610625950CE,25950,140.2,26163,0.5845,0.0014,-7.6181,14.0471,7.6,NIFTY2610625950PE,25950,82.95,24283,-0.4155,0.0014,-7.6181,14.0471,7.6
15:19:21,25941.85,26121.9,26126.5,26126.5,26120.1,52.7,True,26088.59,25941.55,25939.41,4.6,False,25950,0.75,1105215,824837,NIFTY2610625950CE,25950,140.05,26163,0.5844,0.0014,-7.5982,14.0475,7.58,NIFTY2610625950PE,25950,83.15,24283,-0.4156,0.0014,-7.5982,14.0475,7.58
15:19:28,25940.45,26122.0,26126.5,26126.5,26120.1,51.6,True,26088.61,25941.09,25939.21,4.5,False,25950,0.75,1105215,824837,NIFTY2610625950CE,25950,139.45,26163,0.5834,0.0014,-7.6115,14.055,7.59,NIFTY2610625950PE,25950,83.35,24283,-0.4166,0.0014,-7.6115,14.055,7.59
15:19:36,25940.3,26120.1,26126.5,26126.5,26120.1,51.5,True,26088.63,25941.04,25939.19,6.4,False,25950,0.75,1105215,824837,NIFTY2610625950CE,25950,138.9,26163,0.5831,0.0014,-7.6201,14.0566,7.6,NIFTY2610625950PE,25950,83.35,24283,-0.4169,0.0014,-7.6201,14.0566,7.6
15:19:44,25941.15,26121.0,26126.5,26126.5,26120.0,52.1,True,26088.66,25941.32,25939.31,5.5,False,25950,0.75,1105215,824837,NIFTY2610625950CE,25950,139.35,26163,0.5831,0.0014,-7.6201,14.0566,7.6,NIFTY2610625950PE,25950,83.3,24283,-0.4169,0.0014,-7.6201,14.0566,7.6
15:19:51,25940.15,26119.9,26126.5,26126.5,26118.5,51.4,True,26088.67,25940.99,25939.17,6.6,False,25950,0.75,1105215,824838,NIFTY2610625950CE,25950,139.25,26163,0.5829,0.0014,-7.6137,14.0586,7.59,NIFTY2610625950PE,25950,83.35,24283,-0.4171,0.0014,-7.6137,14.0586,7.59
15:19:59,25940.15,26119.9,26126.5,26126.5,26118.5,51.4,True,26088.67,25940.99,25939.17,6.6,False,25950,0.75,1105215,824838,NIFTY2610625950CE,25950,139.4,26163,0.5829,0.0014,-7.6137,14.0586,7.59,NIFTY2610625950PE,25950,82.9,24283,-0.4171,0.0014,-7.6137,14.0586,7.59
15:20:06,25937.4,26121.0,26118.5,26123.4,26118.5,49.2,True,26088.77,25939.79,25938.92,2.5,True,25950,0.75,1105215,824838,NIFTY2610625950CE,25950,140.55,26163,0.5835,0.0014,-7.611,14.0532,7.59,NIFTY2610625950PE,25950,83.15,24283,-0.4165,0.0014,-7.611,14.0532,7.59
15:20:13,25939.7,26121.1,26118.5,26123.4,26118.5,51.0,True,26088.78,25940.56,25939.24,2.6,True,25950,0.75,1105215,824838,NIFTY2610625950CE,25950,140,26163,0.5835,0.0014,-7.611,14.0532,7.59,NIFTY2610625950PE,25950,83.4,24283,-0.4165,0.0014,-7.611,14.0532,7.59
15:20:20,25941.35,26124.1,26118.5,26124.1,26118.5,52.3,True,26088.8,25941.11,25939.48,5.6,True,25950,0.75,1105215,824850,NIFTY2610625950CE,25950,140.1,26163,0.5842,0.0014,-7.6275,14.048,7.61,NIFTY2610625950PE,25950,83.45,24283,-0.4158,0.0014,-7.6275,14.048,7.61
15:20:27,25940.9,26122.2,26118.5,26124.1,26118.5,51.9,True,26088.81,25940.96,25939.42,3.7,True,25950,0.75,1105216,824850,NIFTY2610625950CE,25950,140.5,26163,0.5845,0.0014,-7.6289,14.0461,7.61,NIFTY2610625950PE,25950,83.65,24283,-0.4155,0.0014,-7.6289,14.0461,7.61
15:20:35,25940.3,26122.0,26118.5,26124.1,26118.5,51.5,True,26088.83,25940.76,25939.33,3.5,True,25950,0.75,1105216,824850,NIFTY2610625950CE,25950,140.25,26163,0.5845,0.0014,-7.6289,14.0461,7.61,NIFTY2610625950PE,25950,83.65,24283,-0.4155,0.0014,-7.6289,14.0461,7.61
15:20:43,25941.25,26120.5,26118.5,26124.1,26118.5,52.2,True,26088.86,25941.08,25939.47,2.0,True,25950,0.75,1105216,824850,NIFTY2610625950CE,25950,140.1,26163,0.5836,0.0014,-7.6323,14.0523,7.61,NIFTY2610625950PE,25950,83.95,24283,-0.4164,0.0014,-7.6323,14.0523,7.61
15:20:51,25941.9,26120.0,26118.5,26124.1,26118.5,52.7,True,26088.87,25941.29,25939.56,1.5,True,25950,0.75,1109952,829087,NIFTY2610625950CE,25950,139.35,26512,0.5826,0.0014,-7.6392,14.0602,7.61,NIFTY2610625950PE,25950,84.15,24807,-0.4174,0.0014,-7.6392,14.0602,7.61
15:20:58,25941.9,26120.0,26118.5,26124.1,26118.5,52.7,True,26088.87,25941.29,25939.56,1.5,True,25950,0.75,1116909,835231,NIFTY2610625950CE,25950,139.5,26512,0.5817,0.0014,-7.6669,14.0653,7.64,NIFTY2610625950PE,25950,84.3,24807,-0.4183,0.0014,-7.6669,14.0653,7.64
15:21:06,25940.55,26119.5,26122.0,26122.3,26118.1,51.5,True,26088.91,25941.04,25939.7,2.5,False,25950,0.75,1117011,835298,NIFTY2610625950CE,25950,139.8,26512,0.5817,0.0014,-7.6669,14.0653,7.64,NIFTY2610625950PE,25950,84.4,24807,-0.4183,0.0014,-7.6669,14.0653,7.64
15:21:13,25941.0,26119.7,26122.0,26122.3,26118.1,51.9,True,26088.92,25941.19,25939.76,2.3,False,25950,0.75,1117016,835298,NIFTY2610625950CE,25950,139.9,26512,0.5812,0.0014,-7.6628,14.0693,7.63,NIFTY2610625950PE,25950,84.5,24807,-0.4188,0.0014,-7.6628,14.0693,7.63
15:21:21,25941.85,26119.0,26122.0,26122.3,26118.1,52.6,True,26088.92,25941.48,25939.89,3.0,False,25950,0.75,1117153,835301,NIFTY2610625950CE,25950,139.75,26512,0.5812,0.0014,-7.6628,14.0693,7.63,NIFTY2610625950PE,25950,84.85,24807,-0.4188,0.0014,-7.6628,14.0693,7.63
15:21:28,25941.35,26119.7,26122.0,26122.3,26118.1,52.2,True,26088.94,25941.31,25939.81,2.3,False,25950,0.75,1117153,835301,NIFTY2610625950CE,25950,139.75,26512,0.581,0.0014,-7.7074,14.071,7.67,NIFTY2610625950PE,25950,84.2,24807,-0.419,0.0014,-7.7074,14.071,7.67
15:21:36,25941.75,26119.9,26122.0,26122.3,26118.1,52.5,True,26088.95,25941.44,25939.87,2.1,False,25950,0.75,1117153,835301,NIFTY2610625950CE,25950,139.95,26512,0.581,0.0014,-7.7074,14.071,7.67,NIFTY2610625950PE,25950,84.15,24807,-0.419,0.0014,-7.7074,14.071,7.67
15:21:44,25940.95,26120.0,26122.0,26122.3,26118.1,51.8,True,26088.97,25941.18,25939.76,2.0,False,25950,0.75,1117153,835301,NIFTY2610625950CE,25950,140.15,26512,0.5814,0.0014,-7.6555,14.0674,7.62,NIFTY2610625950PE,25950,84.4,24807,-0.4186,0.0014,-7.6555,14.0674,7.62
15:21:52,25941.8,26120.0,26122.0,26122.3,26118.1,52.6,True,26088.98,25941.46,25939.88,2.0,False,25950,0.75,1117153,835303,NIFTY2610625950CE,25950,140.45,26512,0.5814,0.0014,-7.6555,14.0674,7.62,NIFTY2610625950PE,25950,84.15,24807,-0.4186,0.0014,-7.6555,14.0674,7.62
15:22:00,25942.95,26120.0,26119.9,26120.0,26119.0,53.5,True,26089.02,25941.96,25940.32,0.1,True,25950,0.75,1117214,835350,NIFTY2610625950CE,25950,140.25,26512,0.582,0.0014,-7.7089,14.0632,7.68,NIFTY2610625950PE,25950,84,24807,-0.418,0.0014,-7.7089,14.0632,7.68
15:22:07,25940.9,26119.0,26119.9,26120.0,26119.0,51.7,True,26089.03,25941.27,25940.02,0.9,False,25950,0.75,1117214,835350,NIFTY2610625950CE,25950,140.3,26512,0.582,0.0014,-7.7089,14.0632,7.68,NIFTY2610625950PE,25950,84.05,24807,-0.418,0.0014,-7.7089,14.0632,7.68
15:22:15,25943.55,26118.1,26119.9,26120.0,26118.1,54.0,True,26089.04,25942.16,25940.4,1.8,False,25950,0.75,1117214,835351,NIFTY2610625950CE,25950,140.1,26512,0.582,0.0014,-7.7089,14.0632,7.68,NIFTY2610625950PE,25950,84.15,24807,-0.418,0.0014,-7.7089,14.0632,7.68
15:22:23,25941.25,26118.6,26119.9,26120.0,26118.1,52.1,True,26089.05,25941.39,25940.07,1.3,False,25950,0.75,1117214,835351,NIFTY2610625950CE,25950,140.05,26512,0.5813,0.0014,-7.6674,14.0675,7.64,NIFTY2610625950PE,25950,84.45,24807,-0.4187,0.0014,-7.6674,14.0675,7.64
15:22:30,25941.0,26119.0,26119.9,26120.0,26118.1,51.8,True,26089.06,25941.31,25940.04,0.9,False,25950,0.75,1117214,835351,NIFTY2610625950CE,25950,139.95,26512,0.5818,0.0014,-7.6876,14.0641,7.66,NIFTY2610625950PE,25950,84.15,24807,-0.4182,0.0014,-7.6876,14.0641,7.66
15:22:38,25942.7,26120.0,26119.9,26120.0,26118.0,53.3,True,26089.07,25941.87,25940.28,0.1,True,25950,0.75,1117222,835309,NIFTY2610625950CE,25950,140.4,26512,0.5813,0.0014,-7.6985,14.0678,7.67,NIFTY2610625950PE,25950,84.4,24807,-0.4187,0.0014,-7.6985,14.0678,7.67
15:22:46,25943.45,26118.6,26119.9,26120.9,26118.0,53.9,True,26089.07,25942.12,25940.39,1.3,False,25950,0.75,1117222,835309,NIFTY2610625950CE,25950,140.4,26512,0.5815,0.0014,-7.6812,14.0661,7.65,NIFTY2610625950PE,25950,84.35,24807,-0.4185,0.0014,-7.6812,14.0661,7.65
15:22:53,25942.25,26118.6,26119.9,26120.9,26118.0,52.9,True,26089.08,25941.72,25940.22,1.3,False,25950,0.75,1117222,835309,NIFTY2610625950CE,25950,140.5,26512,0.5815,0.0014,-7.6812,14.0661,7.65,NIFTY2610625950PE,25950,84.3,24807,-0.4185,0.0014,-7.6812,14.0661,7.65
15:23:00,25941.6,26120.9,26120.0,26120.9,26118.1,52.3,True,26089.11,25941.68,25940.42,0.9,True,25950,0.75,1117222,835309,NIFTY2610625950CE,25950,140.6,26512,0.5817,0.0014,-7.6721,14.0642,7.64,NIFTY2610625950PE,25950,84.1,24807,-0.4183,0.0014,-7.6721,14.0642,7.64
15:23:07,25943.3,26119.0,26120.0,26120.9,26118.1,53.9,True,26089.12,25942.25,25940.66,1.0,False,25950,0.75,1117222,835309,NIFTY2610625950CE,25950,140.2,26512,0.5823,0.0014,-7.6725,14.0599,7.64,NIFTY2610625950PE,25950,84.1,24807,-0.4177,0.0014,-7.6725,14.0599,7.64
15:23:14,25944.85,26120.0,26120.0,26120.9,26118.1,55.1,True,26089.13,25942.77,25940.88,0.0,False,25950,0.75,1117222,835314,NIFTY2610625950CE,25950,141,26512,0.5823,0.0014,-7.6725,14.0599,7.64,NIFTY2610625950PE,25950,84,24807,-0.4177,0.0014,-7.6725,14.0599,7.64
15:23:22,25945.4,26119.0,26120.0,26120.9,26118.1,55.6,True,26089.14,25942.95,25940.96,1.0,False,25950,0.75,1117222,835314,NIFTY2610625950CE,25950,141.4,26512,0.583,0.0014,-7.6554,14.0552,7.63,NIFTY2610625950PE,25950,83.55,24807,-0.417,0.0014,-7.6554,14.0552,7.63
15:23:32,25944.15,26119.1,26120.0,26120.9,26118.1,54.6,True,26089.15,25942.53,25940.78,0.9,False,25950,0.75,1117229,835314,NIFTY2610625950CE,25950,141.6,26512,0.5839,0.0014,-7.6583,14.0486,7.64,NIFTY2610625950PE,25950,83.6,24807,-0.4161,0.0014,-7.6583,14.0486,7.64
15:23:42,25945.35,26120.9,26120.0,26120.9,26118.1,55.5,True,26089.16,25942.93,25940.95,0.9,True,25950,0.75,1117229,835314,NIFTY2610625950CE,25950,141.35,26512,0.5843,0.0014,-7.6859,14.0457,7.67,NIFTY2610625950PE,25950,83.4,24807,-0.4157,0.0014,-7.6859,14.0457,7.67
15:23:50,25946.35,26120.9,26120.0,26121.0,26118.1,56.3,True,26089.17,25943.27,25941.09,0.9,True,25950,0.75,1117229,834849,NIFTY2610625950CE,25950,141.65,26512,0.5849,0.0014,-7.6624,14.0415,7.64,NIFTY2610625950PE,25950,83.25,24807,-0.4151,0.0014,-7.6624,14.0415,7.64
15:23:58,25946.35,26120.9,26120.0,26121.0,26118.1,56.3,True,26089.17,25943.27,25941.09,0.9,True,25950,0.74,1124518,835234,NIFTY2610625950CE,25950,141.6,26321,0.5849,0.0014,-7.6624,14.0415,7.64,NIFTY2610625950PE,25950,83.4,24369,-0.4151,0.0014,-7.6624,14.0415,7.64
15:24:05,25943.0,26120.9,26120.2,26121.8,26120.2,53.0,True,26089.19,25943.18,25941.37,0.7,True,25950,0.74,1125432,835286,NIFTY2610625950CE,25950,141.3,26321,0.5849,0.0014,-7.6719,14.0409,7.65,NIFTY2610625950PE,25950,83.6,24369,-0.4151,0.0014,-7.6719,14.0409,7.65
15:24:15,25942.95,26121.1,26120.2,26122.0,26120.2,52.9,True,26089.21,25943.16,25941.36,0.9,True,25950,0.74,1125463,835473,NIFTY2610625950CE,25950,141.35,26321,0.5849,0.0014,-7.6719,14.0409,7.65,NIFTY2610625950PE,25950,83.2,24369,-0.4151,0.0014,-7.6719,14.0409,7.65
15:24:23,25941.75,26122.0,26120.2,26122.0,26120.0,51.8,True,26089.23,25942.76,25941.19,1.8,True,25950,0.74,1125519,835478,NIFTY2610625950CE,25950,141.55,26321,0.5847,0.0014,-7.6693,14.0417,7.65,NIFTY2610625950PE,25950,83.35,24369,-0.4153,0.0014,-7.6693,14.0417,7.65
15:24:31,25943.7,26121.0,26120.2,26122.1,26120.0,53.6,True,26089.24,25943.41,25941.47,0.8,True,25950,0.74,1125771,835497,NIFTY2610625950CE,25950,141.15,26321,0.5844,0.0014,-7.658,14.0438,7.64,NIFTY2610625950PE,25950,83,24369,-0.4156,0.0014,-7.658,14.0438,7.64
15:24:41,25947.85,26120.0,26120.2,26122.1,26120.0,57.5,True,26089.25,25944.79,25942.06,0.2,False,25950,0.74,1125771,835497,NIFTY2610625950CE,25950,141.2,26321,0.5853,0.0014,-7.6595,14.0375,7.64,NIFTY2610625950PE,25950,82.7,24369,-0.4147,0.0014,-7.6595,14.0375,7.64
15:24:51,25947.9,26120.0,26120.2,26122.1,26119.9,57.5,True,26089.27,25944.81,25942.07,0.2,False,25950,0.74,1125815,835502,NIFTY2610625950CE,25950,141.1,26321,0.5853,0.0014,-7.6135,14.0374,7.6,NIFTY2610625950PE,25950,82.8,24369,-0.4147,0.0014,-7.6135,14.0374,7.6
15:24:58,25947.9,26120.0,26120.2,26122.1,26119.9,57.5,True,26089.27,25944.81,25942.07,0.2,False,25950,0.74,1125815,835514,NIFTY2610625950CE,25950,141.25,26321,0.5856,0.0014,-7.6018,14.0347,7.59,NIFTY2610625950PE,25950,82.35,24369,-0.4144,0.0014,-7.6018,14.0347,7.59
15:25:06,25944.05,26120.8,26121.0,26122.0,26120.0,53.5,True,26089.29,25944.56,25942.35,0.2,False,25950,0.74,1125815,835515,NIFTY2610625950CE,25950,141.65,26321,0.5858,0.0014,-7.5944,14.0326,7.58,NIFTY2610625950PE,25950,82.2,24369,-0.4142,0.0014,-7.5944,14.0326,7.58
15:25:10,25945.55,26120.8,26121.0,26122.0,26120.0,55.0,True,26089.3,25945.06,25942.56,0.2,False,25950,0.74,1125815,835515,NIFTY2610625950CE,25950,141.5,26321,0.5858,0.0014,-7.5944,14.0326,7.58,NIFTY2610625950PE,25950,82.05,24369,-0.4142,0.0014,-7.5944,14.0326,7.58
15:25:13,25944.75,26120.1,26121.0,26122.0,26120.0,54.2,True,26089.31,25944.79,25942.45,0.9,False,25950,0.74,1125817,835515,NIFTY2610625950CE,25950,141.25,26321,0.5858,0.0014,-7.5944,14.0326,7.58,NIFTY2610625950PE,25950,82,24369,-0.4142,0.0014,-7.5944,14.0326,7.58
15:25:16,25949.0,26121.5,26121.0,26122.0,26119.5,58.4,True,26089.31,25946.21,25943.06,0.5,True,25950,0.74,1125817,835515,NIFTY2610625950CE,25950,141.5,26321,0.5858,0.0014,-7.5944,14.0326,7.58,NIFTY2610625950PE,25950,81.9,24369,-0.4142,0.0014,-7.5944,14.0326,7.58
15:25:18,25949.8,26121.5,26121.0,26122.0,26119.5,59.1,True,26089.32,25946.47,25943.17,0.5,True,25950,0.74,1125817,835515,NIFTY2610625950CE,25950,141.5,26321,0.5872,0.0014,-7.5983,14.0222,7.59,NIFTY2610625950PE,25950,81.15,24369,-0.4128,0.0014,-7.5983,14.0222,7.59
15:25:22,25947.25,26122.0,26121.0,26122.0,26119.5,56.8,True,26089.33,25945.62,25942.81,1.0,True,25950,0.74,1125817,835517,NIFTY2610625950CE,25950,141.2,26321,0.5872,0.0014,-7.5983,14.0222,7.59,NIFTY2610625950PE,25950,81.45,24369,-0.4128,0.0014,-7.5983,14.0222,7.59
15:25:25,25949.55,26122.0,26121.0,26122.0,26119.5,58.9,True,26089.33,25946.39,25943.14,1.0,True,25950,0.74,1125817,835517,NIFTY2610625950CE,25950,141.6,26321,0.5872,0.0014,-7.5983,14.0222,7.59,NIFTY2610625950PE,25950,81.35,24369,-0.4128,0.0014,-7.5983,14.0222,7.59
15:25:27,25948.95,26120.3,26121.0,26122.0,26119.5,58.4,True,26089.33,25946.19,25943.05,0.7,False,25950,0.74,1125817,835517,NIFTY2610625950CE,25950,141.1,26321,0.5889,0.0014,-7.5535,14.0091,7.55,NIFTY2610625950PE,25950,81.65,24369,-0.4111,0.0014,-7.5535,14.0091,7.55
15:25:31,25949.25,26120.3,26121.0,26122.0,26119.5,58.6,True,26089.34,25946.29,25943.09,0.7,False,25950,0.74,1125817,835517,NIFTY2610625950CE,25950,141.55,26321,0.5889,0.0014,-7.5535,14.0091,7.55,NIFTY2610625950PE,25950,81.35,24369,-0.4111,0.0014,-7.5535,14.0091,7.55
15:25:33,25949.25,26122.0,26121.0,26123.0,26119.5,58.6,True,26089.34,25946.29,25943.09,1.0,True,25950,0.74,1125817,835517,NIFTY2610625950CE,25950,141.7,26321,0.5889,0.0014,-7.5535,14.0091,7.55,NIFTY2610625950PE,25950,81.6,24369,-0.4111,0.0014,-7.5535,14.0091,7.55
15:25:37,25945.0,26123.0,26121.0,26123.0,26119.5,54.4,True,26089.35,25944.87,25942.49,2.0,True,25950,0.74,1125817,835517,NIFTY2610625950CE,25950,141.55,26321,0.5889,0.0014,-7.5535,14.0091,7.55,NIFTY2610625950PE,25950,81.65,24369,-0.4111,0.0014,-7.5535,14.0091,7.55
15:25:39,25947.05,26122.0,26121.0,26123.0,26119.5,56.6,True,26089.35,25945.56,25942.78,1.0,True,25950,0.74,1125817,835517,NIFTY2610625950CE,25950,141.65,26321,0.5888,0.0014,-7.5971,14.0102,7.59,NIFTY2610625950PE,25950,81.45,24369,-0.4112,0.0014,-7.5971,14.0102,7.59
15:25:42,25947.45,26122.5,26121.0,26123.0,26119.5,57.0,True,26089.35,25945.69,25942.84,1.5,True,25950,0.74,1125817,835517,NIFTY2610625950CE,25950,141.6,26321,0.5888,0.0014,-7.5971,14.0102,7.59,NIFTY2610625950PE,25950,81.5,24369,-0.4112,0.0014,-7.5971,14.0102,7.59
15:25:45,25947.95,26123.0,26121.0,26123.0,26119.5,57.6,True,26089.36,25945.86,25942.91,2.0,True,25950,0.74,1125817,835517,NIFTY2610625950CE,25950,141.6,26321,0.5888,0.0014,-7.5971,14.0102,7.59,NIFTY2610625950PE,25950,81.5,24369,-0.4112,0.0014,-7.5971,14.0102,7.59
15:25:50,25948.8,26122.5,26121.0,26123.0,26119.5,58.3,True,26089.37,25946.14,25943.03,1.5,True,25950,0.74,1125817,835517,NIFTY2610625950CE,25950,141.5,26321,0.5878,0.0014,-7.5685,14.0182,7.56,NIFTY2610625950PE,25950,81.4,24369,-0.4122,0.0014,-7.5685,14.0182,7.56
15:25:53,25948.55,26122.5,26121.0,26123.0,26119.5,58.1,True,26089.37,25946.06,25942.99,1.5,True,25950,0.74,1125817,835517,NIFTY2610625950CE,25950,141.25,26321,0.5878,0.0014,-7.5685,14.0182,7.56,NIFTY2610625950PE,25950,81.4,24369,-0.4122,0.0014,-7.5685,14.0182,7.56
15:25:56,25948.55,26122.5,26121.0,26123.0,26119.5,58.1,True,26089.37,25946.06,25942.99,1.5,True,25950,0.74,1125817,835516,NIFTY2610625950CE,25950,141.7,26321,0.5878,0.0014,-7.5685,14.0182,7.56,NIFTY2610625950PE,25950,81.25,24369,-0.4122,0.0014,-7.5685,14.0182,7.56
15:25:59,25948.55,26121.2,26122.3,26123.0,26120.7,58.1,True,26089.4,25946.06,25942.99,1.1,False,25950,0.74,1125817,835516,NIFTY2610625950CE,25950,141.75,26321,0.5878,0.0014,-7.5685,14.0182,7.56,NIFTY2610625950PE,25950,81.1,24369,-0.4122,0.0014,-7.5685,14.0182,7.56
15:26:03,25953.15,26123.5,26122.3,26123.5,26120.1,61.8,True,26089.42,25948.42,25944.44,1.2,True,25950,0.74,1125817,835516,NIFTY2610625950CE,25950,141.75,26321,0.5898,0.0014,-7.5641,14.0018,7.57,NIFTY2610625950PE,25950,81.1,24369,-0.4102,0.0014,-7.5641,14.0018,7.57
15:26:06,25954.6,26120.5,26122.3,26123.5,26120.1,62.8,True,26089.42,25948.9,25944.65,1.8,False,25950,0.74,1125817,835516,NIFTY2610625950CE,25950,141.55,26321,0.5898,0.0014,-7.5641,14.0018,7.57,NIFTY2610625950PE,25950,80.9,24369,-0.4102,0.0014,-7.5641,14.0018,7.57
15:26:09,25953.05,26120.0,26122.3,26123.5,26120.0,61.7,True,26089.43,25948.39,25944.43,2.3,False,25950,0.74,1125817,835516,NIFTY2610625950CE,25950,141.95,26321,0.5898,0.0014,-7.5641,14.0018,7.57,NIFTY2610625950PE,25950,80.6,24369,-0.4102,0.0014,-7.5641,14.0018,7.57
15:26:13,25951.95,26121.0,26122.3,26123.5,26120.0,60.9,True,26089.44,25948.02,25944.27,1.3,False,25950,0.74,1125817,835516,NIFTY2610625950CE,25950,141.45,26321,0.5898,0.0014,-7.5641,14.0018,7.57,NIFTY2610625950PE,25950,80.7,24369,-0.4102,0.0014,-7.5641,14.0018,7.57
15:26:15,25952.05,26124.8,26122.3,26124.8,26120.0,60.9,True,26089.45,25948.05,25944.29,2.5,True,25950,0.74,1125817,835516,NIFTY2610625950CE,25950,142,26321,0.5898,0.0014,-7.5641,14.0018,7.57,NIFTY2610625950PE,25950,80.5,24369,-0.4102,0.0014,-7.5641,14.0018,7.57
15:26:18,25953.7,26125.0,26122.3,26125.0,26120.0,62.2,True,26089.45,25948.6,25944.52,2.7,True,25950,0.74,1125817,835516,NIFTY2610625950CE,25950,141.3,26321,0.5898,0.0014,-7.5641,14.0018,7.57,NIFTY2610625950PE,25950,80.2,24369,-0.4102,0.0014,-7.5641,14.0018,7.57
15:26:21,25951.75,26125.0,26122.3,26125.0,26120.0,60.7,True,26089.45,25947.95,25944.24,2.7,True,25950,0.74,1125817,835516,NIFTY2610625950CE,25950,141.95,26321,0.5912,0.0014,-7.555,13.9904,7.56,NIFTY2610625950PE,25950,80.5,24369,-0.4088,0.0014,-7.555,13.9904,7.56
15:26:24,25951.7,26124.0,26122.3,26125.0,26120.0,60.7,True,26089.47,25947.94,25944.24,1.7,True,25950,0.74,1125817,835516,NIFTY2610625950CE,25950,141.6,26321,0.5912,0.0014,-7.555,13.9904,7.56,NIFTY2610625950PE,25950,80.25,24369,-0.4088,0.0014,-7.555,13.9904,7.56
15:26:28,25950.35,26122.0,26122.3,26125.0,26120.0,59.6,True,26089.47,25947.49,25944.04,0.3,False,25950,0.74,1125817,835516,NIFTY2610625950CE,25950,142,26321,0.5912,0.0014,-7.555,13.9904,7.56,NIFTY2610625950PE,25950,80.2,24369,-0.4088,0.0014,-7.555,13.9904,7.56
15:26:31,25952.4,26124.0,26122.3,26125.0,26120.0,61.2,True,26089.47,25948.17,25944.34,1.7,True,25950,0.74,1125817,835516,NIFTY2610625950CE,25950,142,26321,0.5919,0.0014,-7.5323,13.9851,7.54,NIFTY2610625950PE,25950,80,24369,-0.4081,0.0014,-7.5323,13.9851,7.54
15:26:34,25954.9,26122.2,26122.3,26125.0,26120.0,63.0,True,26089.48,25949.0,25944.69,0.1,False,25950,0.74,1125817,835516,NIFTY2610625950CE,25950,142,26321,0.5919,0.0014,-7.5323,13.9851,7.54,NIFTY2610625950PE,25950,80.25,24369,-0.4081,0.0014,-7.5323,13.9851,7.54
15:26:36,25955.55,26122.1,26122.3,26125.0,26120.0,63.4,True,26089.48,25949.22,25944.79,0.2,False,25950,0.74,1125817,835516,NIFTY2610625950CE,25950,142,26321,0.5919,0.0014,-7.5323,13.9851,7.54,NIFTY2610625950PE,25950,80,24369,-0.4081,0.0014,-7.5323,13.9851,7.54
15:26:38,25954.8,26122.7,26122.3,26125.0,26120.0,62.9,True,26089.48,25948.97,25944.68,0.4,True,25950,0.74,1125817,835516,NIFTY2610625950CE,25950,142,26321,0.5919,0.0014,-7.5323,13.9851,7.54,NIFTY2610625950PE,25950,80,24369,-0.4081,0.0014,-7.5323,13.9851,7.54
15:26:40,25955.5,26122.1,26122.3,26125.0,26120.0,63.4,True,26089.48,25949.2,25944.78,0.2,False,25950,0.74,1125817,835516,NIFTY2610625950CE,25950,142,26321,0.5924,0.0014,-7.5246,13.9811,7.54,NIFTY2610625950PE,25950,80,24369,-0.4076,0.0014,-7.5246,13.9811,7.54
15:26:44,25956.7,26125.0,26122.3,26125.0,26120.0,64.2,True,26089.5,25949.6,25944.95,2.7,True,25950,0.74,1125817,835516,NIFTY2610625950CE,25950,142,26321,0.5924,0.0014,-7.5246,13.9811,7.54,NIFTY2610625950PE,25950,79.95,24369,-0.4076,0.0014,-7.5246,13.9811,7.54
15:26:46,25956.75,26122.2,26122.3,26125.0,26120.0,64.2,True,26089.5,25949.62,25944.96,0.1,False,25950,0.74,1125817,835516,NIFTY2610625950CE,25950,142.35,26321,0.5924,0.0014,-7.5246,13.9811,7.54,NIFTY2610625950PE,25950,79.8,24369,-0.4076,0.0014,-7.5246,13.9811,7.54
15:26:49,25954.5,26125.0,26122.3,26125.0,26120.0,62.7,True,26089.51,25948.87,25944.64,2.7,True,25950,0.74,1125818,835516,NIFTY2610625950CE,25950,142.35,26321,0.5924,0.0014,-7.5246,13.9811,7.54,NIFTY2610625950PE,25950,79.7,24369,-0.4076,0.0014,-7.5246,13.9811,7.54
15:26:52,25955.2,26125.0,26122.3,26125.0,26120.0,63.2,True,26089.51,25949.1,25944.74,2.7,True,25950,0.74,1126341,837176,NIFTY2610625950CE,25950,142.25,25880,0.5924,0.0014,-7.5246,13.9811,7.54,NIFTY2610625950PE,25950,79.5,24470,-0.4076,0.0014,-7.5246,13.9811,7.54
15:26:55,25955.2,26125.0,26122.3,26125.0,26120.0,63.2,True,26089.51,25949.1,25944.74,2.7,True,25950,0.74,1132215,843204,NIFTY2610625950CE,25950,142.15,25880,0.5924,0.0014,-7.5284,13.9814,7.54,NIFTY2610625950PE,25950,79.5,24470,-0.4076,0.0014,-7.5284,13.9814,7.54
15:26:58,25955.2,26125.0,26122.3,26125.0,26120.0,63.2,True,26089.51,25949.1,25944.74,2.7,True,25950,0.75,1136588,846969,NIFTY2610625950CE,25950,142.4,25880,0.5924,0.0014,-7.5284,13.9814,7.54,NIFTY2610625950PE,25950,79.4,24470,-0.4076,0.0014,-7.5284,13.9814,7.54
15:27:01,25959.0,26124.6,26124.9,26126.6,26123.8,65.8,True,26089.57,25952.4,25946.77,0.3,False,25950,0.75,1136693,847716,NIFTY2610625950CE,25950,142.85,25880,0.5924,0.0014,-7.5284,13.9814,7.54,NIFTY2610625950PE,25950,78.9,24470,-0.4076,0.0014,-7.5284,13.9814,7.54
15:27:04,25958.4,26128.0,26124.9,26128.0,26123.8,65.4,True,26089.59,25952.2,25946.69,3.1,True,25950,0.75,1136699,847672,NIFTY2610625950CE,25950,142.8,25880,0.5937,0.0014,-7.5122,13.9698,7.53,NIFTY2610625950PE,25950,79.2,24470,-0.4063,0.0014,-7.5122,13.9698,7.53
15:27:09,25957.5,26124.0,26124.9,26128.0,26123.8,64.8,True,26089.6,25951.9,25946.56,0.9,False,25950,0.75,1136702,847673,NIFTY2610625950CE,25950,143,25880,0.5937,0.0014,-7.5122,13.9698,7.53,NIFTY2610625950PE,25950,79.05,24470,-0.4063,0.0014,-7.5122,13.9698,7.53
15:27:11,25956.9,26124.4,26124.9,26128.0,26123.8,64.4,True,26089.61,25951.7,25946.47,0.5,False,25950,0.75,1136942,847673,NIFTY2610625950CE,25950,143,25880,0.5937,0.0014,-7.5122,13.9698,7.53,NIFTY2610625950PE,25950,79,24470,-0.4063,0.0014,-7.5122,13.9698,7.53
15:27:14,25959.3,26128.1,26124.9,26128.1,26123.8,66.0,True,26089.62,25952.5,25946.82,3.2,True,25950,0.75,1136954,847673,NIFTY2610625950CE,25950,142.7,25880,0.5937,0.0014,-7.5122,13.9698,7.53,NIFTY2610625950PE,25950,79.25,24470,-0.4063,0.0014,-7.5122,13.9698,7.53
15:27:17,25960.3,26125.8,26124.9,26128.1,26123.8,66.6,True,26089.62,25952.84,25946.96,0.9,True,25950,0.75,1136920,847664,NIFTY2610625950CE,25950,143,25880,0.5955,0.0014,-7.4911,13.9549,7.52,NIFTY2610625950PE,25950,79.25,24470,-0.4045,0.0014,-7.4911,13.9549,7.52
15:27:20,25961.8,26129.0,26124.9,26129.0,26123.8,67.5,True,26089.63,25953.34,25947.17,4.1,True,25950,0.75,1137071,847657,NIFTY2610625950CE,25950,142.85,25880,0.5955,0.0014,-7.4911,13.9549,7.52,NIFTY2610625950PE,25950,79.15,24470,-0.4045,0.0014,-7.4911,13.9549,7.52
15:27:23,25958.0,26129.8,26124.9,26129.8,26123.8,65.1,True,26089.73,25952.07,25946.63,4.9,True,25950,0.75,1137071,847657,NIFTY2610625950CE,25950,143.05,25880,0.5955,0.0014,-7.4911,13.9549,7.52,NIFTY2610625950PE,25950,79,24470,-0.4045,0.0014,-7.4911,13.9549,7.52
15:27:27,25959.0,26126.0,26124.9,26129.8,26123.8,65.8,True,26089.73,25952.4,25946.77,1.1,True,25950,0.75,1137071,847657,NIFTY2610625950CE,25950,142.85,25880,0.595,0.0014,-7.5126,13.9593,7.54,NIFTY2610625950PE,25950,79,24470,-0.405,0.0014,-7.5126,13.9593,7.54
15:27:30,25961.55,26127.6,26124.9,26129.8,26123.8,67.3,True,26089.74,25953.25,25947.14,2.7,True,25950,0.75,1137071,847657,NIFTY2610625950CE,25950,143,25880,0.595,0.0014,-7.5126,13.9593,7.54,NIFTY2610625950PE,25950,79.35,24470,-0.405,0.0014,-7.5126,13.9593,7.54
15:27:32,25961.3,26128.0,26124.9,26129.8,26123.8,67.2,True,26089.75,25953.17,25947.1,3.1,True,25950,0.75,1137071,847657,NIFTY2610625950CE,25950,143.3,25880,0.5951,0.0014,-7.5101,13.9585,7.53,NIFTY2610625950PE,25950,79.35,24470,-0.4049,0.0014,-7.5101,13.9585,7.53
15:27:36,25961.1,26128.0,26124.9,26129.8,26123.8,67.1,True,26089.75,25953.1,25947.07,3.1,True,25950,0.75,1137071,847657,NIFTY2610625950CE,25950,143.25,25880,0.5951,0.0014,-7.5101,13.9585,7.53,NIFTY2610625950PE,25950,79.3,24470,-0.4049,0.0014,-7.5101,13.9585,7.53
15:27:41,25962.05,26130.3,26124.9,26130.3,26123.8,67.6,True,26089.85,25953.42,25947.21,5.4,True,25950,0.75,1137070,847659,NIFTY2610625950CE,25950,143.1,25880,0.5951,0.0014,-7.5101,13.9585,7.53,NIFTY2610625950PE,25950,79.85,24470,-0.4049,0.0014,-7.5101,13.9585,7.53
15:27:46,25958.65,26130.1,26124.9,26130.3,26123.8,65.6,True,26089.86,25952.29,25946.72,5.2,True,25950,0.75,1137070,847659,NIFTY2610625950CE,25950,143.8,25880,0.5945,0.0014,-7.5167,13.963,7.54,NIFTY2610625950PE,25950,80,24470,-0.4055,0.0014,-7.5167,13.963,7.54
15:27:50,25958.0,26130.0,26124.9,26130.3,26123.8,65.1,True,26089.91,25952.07,25946.63,5.1,True,25950,0.75,1137070,847659,NIFTY2610625950CE,25950,143.95,25880,0.5945,0.0014,-7.5167,13.963,7.54,NIFTY2610625950PE,25950,79.8,24470,-0.4055,0.0014,-7.5167,13.963,7.54
15:27:53,25957.35,26130.0,26124.9,26130.3,26123.8,64.7,True,26089.91,25951.85,25946.54,5.1,True,25950,0.75,1137233,847662,NIFTY2610625950CE,25950,144.4,25880,0.5945,0.0014,-7.5167,13.963,7.54,NIFTY2610625950PE,25950,79.9,24470,-0.4055,0.0014,-7.5167,13.963,7.54
15:27:55,25957.35,26130.0,26124.9,26130.3,26123.8,64.7,True,26089.91,25951.85,25946.54,5.1,True,25950,0.75,1137233,847660,NIFTY2610625950CE,25950,144,25880,0.5943,0.0014,-7.5637,13.9645,7.58,NIFTY2610625950PE,25950,79.8,24470,-0.4057,0.0014,-7.5637,13.9645,7.58
15:27:59,25957.35,26130.0,26124.9,26130.3,26123.8,64.7,True,26089.91,25951.85,25946.54,5.1,True,25950,0.75,1137233,847660,NIFTY2610625950CE,25950,144.2,25880,0.5945,0.0014,-7.5167,13.963,7.54,NIFTY2610625950PE,25950,79.85,24470,-0.4055,0.0014,-7.5167,13.963,7.54
15:28:02,25958.1,26130.0,26130.2,26132.0,26130.0,65.2,True,26090.0,25953.94,25948.19,0.2,False,25950,0.75,1137233,847660,NIFTY2610625950CE,25950,144.55,25880,0.5943,0.0014,-7.5637,13.9645,7.58,NIFTY2610625950PE,25950,79.65,24470,-0.4057,0.0014,-7.5637,13.9645,7.58
15:28:04,25956.55,26130.1,26130.2,26132.0,26130.0,63.7,True,26090.01,25953.42,25947.97,0.1,False,25950,0.75,1137233,847660,NIFTY2610625950CE,25950,144.75,25880,0.5943,0.0014,-7.5637,13.9645,7.58,NIFTY2610625950PE,25950,79.7,24470,-0.4057,0.0014,-7.5637,13.9645,7.58
15:28:06,25957.45,26131.7,26130.2,26132.0,26130.0,64.8,True,26090.04,25953.72,25948.1,1.5,True,25950,0.75,1137233,847660,NIFTY2610625950CE,25950,144.9,25880,0.5949,0.0014,-7.582,13.9596,7.6,NIFTY2610625950PE,25950,80,24470,-0.4051,0.0014,-7.582,13.9596,7.6
15:28:10,25961.2,26131.5,26130.2,26132.0,26130.0,67.3,True,26090.04,25954.97,25948.63,1.3,True,25950,0.75,1137233,847660,NIFTY2610625950CE,25950,144.45,25880,0.5949,0.0014,-7.582,13.9596,7.6,NIFTY2610625950PE,25950,79.65,24470,-0.4051,0.0014,-7.582,13.9596,7.6
15:28:12,25961.05,26131.8,26130.2,26132.0,26130.0,67.2,True,26090.06,25954.92,25948.61,1.6,True,25950,0.75,1137233,847660,NIFTY2610625950CE,25950,144.35,25880,0.5952,0.0014,-7.5568,13.9567,7.58,NIFTY2610625950PE,25950,79.6,24470,-0.4048,0.0014,-7.5568,13.9567,7.58
15:28:15,25961.35,26131.7,26130.2,26132.0,26130.0,67.4,True,26090.07,25955.02,25948.65,1.5,True,25950,0.75,1137233,847660,NIFTY2610625950CE,25950,143.9,25880,0.5952,0.0014,-7.5568,13.9567,7.58,NIFTY2610625950PE,25950,80,24470,-0.4048,0.0014,-7.5568,13.9567,7.58
15:28:19,25960.0,26132.1,26130.2,26132.1,26130.0,66.5,True,26090.08,25954.57,25948.46,1.9,True,25950,0.75,1137233,847660,NIFTY2610625950CE,25950,144.65,25880,0.5952,0.0014,-7.5568,13.9567,7.58,NIFTY2610625950PE,25950,79.85,24470,-0.4048,0.0014,-7.5568,13.9567,7.58
15:28:22,25961.3,26132.2,26130.2,26132.2,26130.0,67.3,True,26090.15,25955.0,25948.65,2.0,True,25950,0.75,1137233,847660,NIFTY2610625950CE,25950,144.75,25880,0.5952,0.0014,-7.5568,13.9567,7.58,NIFTY2610625950PE,25950,80,24470,-0.4048,0.0014,-7.5568,13.9567,7.58
15:28:25,25964.2,26132.6,26130.2,26132.6,26130.0,69.0,True,26090.16,25955.97,25949.06,2.4,True,25950,0.75,1137233,847660,NIFTY2610625950CE,25950,144.5,25880,0.5956,0.0014,-7.584,13.9537,7.61,NIFTY2610625950PE,25950,79.65,24470,-0.4044,0.0014,-7.584,13.9537,7.61
15:28:30,25963.8,26132.2,26130.2,26132.6,26130.0,68.8,True,26090.17,25955.84,25949.0,2.0,True,25950,0.75,1137233,847660,NIFTY2610625950CE,25950,145.1,25880,0.5956,0.0014,-7.584,13.9537,7.61,NIFTY2610625950PE,25950,79.65,24470,-0.4044,0.0014,-7.584,13.9537,7.61
15:28:33,25962.35,26132.2,26130.2,26132.8,26130.0,68.0,True,26090.17,25955.35,25948.8,2.0,True,25950,0.75,1137233,847660,NIFTY2610625950CE,25950,144.55,25880,0.5956,0.0014,-7.584,13.9537,7.61,NIFTY2610625950PE,25950,79.75,24470,-0.4044,0.0014,-7.584,13.9537,7.61
15:28:36,25961.95,26133.2,26130.2,26133.2,26130.0,67.7,True,26090.32,25955.22,25948.74,3.0,True,25950,0.75,1137233,847660,NIFTY2610625950CE,25950,144.85,25880,0.5957,0.0014,-7.5776,13.9525,7.6,NIFTY2610625950PE,25950,79.75,24470,-0.4043,0.0014,-7.5776,13.9525,7.6
15:28:42,25964.6,26133.2,26130.2,26133.2,26130.0,69.3,True,26090.34,25956.1,25949.12,3.0,True,25950,0.75,1137233,847660,NIFTY2610625950CE,25950,144.9,25880,0.5957,0.0014,-7.5776,13.9525,7.6,NIFTY2610625950PE,25950,79.75,24470,-0.4043,0.0014,-7.5776,13.9525,7.6
15:28:45,25967.1,26133.1,26130.2,26133.2,26130.0,70.6,True,26090.38,25956.94,25949.48,2.9,True,25950,0.75,1137233,847660,NIFTY2610625950CE,25950,145,25880,0.5957,0.0014,-7.5776,13.9525,7.6,NIFTY2610625950PE,25950,80,24470,-0.4043,0.0014,-7.5776,13.9525,7.6
15:28:47,25965.9,26133.4,26130.2,26133.4,26130.0,70.0,True,26090.39,25956.54,25949.3,3.2,True,25950,0.75,1137233,847660,NIFTY2610625950CE,25950,145,25880,0.5956,0.0014,-7.574,13.9539,7.6,NIFTY2610625950PE,25950,80.25,24470,-0.4044,0.0014,-7.574,13.9539,7.6
15:28:53,25967.2,26133.4,26130.2,26133.4,26130.0,70.6,True,26090.39,25956.97,25949.49,3.2,True,25950,0.75,1137233,847660,NIFTY2610625950CE,25950,145,25880,0.5956,0.0014,-7.574,13.9539,7.6,NIFTY2610625950PE,25950,80.3,24470,-0.4044,0.0014,-7.574,13.9539,7.6
15:28:56,25967.2,26133.4,26130.2,26133.4,26130.0,70.6,True,26090.39,25956.97,25949.49,3.2,True,25950,0.75,1137233,847660,NIFTY2610625950CE,25950,144.75,25880,0.5955,0.0014,-7.6022,13.9536,7.63,NIFTY2610625950PE,25950,80.75,24470,-0.4045,0.0014,-7.6022,13.9536,7.63
15:28:59,25967.2,26132.2,26132.2,26133.4,26132.2,70.6,True,26090.46,25956.97,25949.49,0.0,False,25950,0.75,1137233,847660,NIFTY2610625950CE,25950,144.85,25880,0.5955,0.0014,-7.6022,13.9536,7.63,NIFTY2610625950PE,25950,80.6,24470,-0.4045,0.0014,-7.6022,13.9536,7.63
15:29:02,25967.05,26133.7,26132.2,26133.7,26132.2,70.4,True,26090.5,25960.33,25952.0,1.5,True,25950,0.75,1137233,847660,NIFTY2610625950CE,25950,146,25880,0.5955,0.0014,-7.6022,13.9536,7.63,NIFTY2610625950PE,25950,80.3,24470,-0.4045,0.0014,-7.6022,13.9536,7.63
15:29:07,25967.7,26134.1,26132.2,26134.5,26132.2,70.9,True,26090.52,25960.55,25952.09,1.9,True,25950,0.75,1137233,847660,NIFTY2610625950CE,25950,145.8,25880,0.5955,0.0014,-7.6022,13.9536,7.63,NIFTY2610625950PE,25950,79.9,24470,-0.4045,0.0014,-7.6022,13.9536,7.63
15:29:10,25966.0,26135.0,26132.2,26135.0,26132.2,69.1,True,26090.52,25959.98,25951.85,2.8,True,25950,0.75,1137233,847660,NIFTY2610625950CE,25950,146.7,25880,0.5946,0.0014,-7.6316,13.962,7.65,NIFTY2610625950PE,25950,79.7,24470,-0.4054,0.0014,-7.6316,13.962,7.65
15:29:12,25965.75,26135.8,26132.2,26135.9,26132.2,68.8,True,26090.7,25959.9,25951.81,3.6,True,25950,0.75,1137233,847660,NIFTY2610625950CE,25950,146.4,25880,0.5946,0.0014,-7.6316,13.962,7.65,NIFTY2610625950PE,25950,80,24470,-0.4054,0.0014,-7.6316,13.962,7.65
15:29:14,25967.55,26135.1,26132.2,26136.3,26132.2,70.8,True,26090.74,25960.5,25952.07,2.9,True,25950,0.75,1137233,847660,NIFTY2610625950CE,25950,146.75,25880,0.5946,0.0014,-7.6316,13.962,7.65,NIFTY2610625950PE,25950,79.95,24470,-0.4054,0.0014,-7.6316,13.962,7.65
15:29:17,25967.95,26135.3,26132.2,26136.3,26132.2,71.0,True,26090.76,25960.63,25952.13,3.1,True,25950,0.75,1137233,847660,NIFTY2610625950CE,25950,146.75,25880,0.5946,0.0014,-7.6316,13.962,7.65,NIFTY2610625950PE,25950,80,24470,-0.4054,0.0014,-7.6316,13.962,7.65
15:29:19,25964.35,26134.9,26132.2,26136.3,26132.2,67.1,True,26090.77,25959.43,25951.61,2.7,True,25950,0.75,1137233,847660,NIFTY2610625950CE,25950,146.45,25880,0.5972,0.0014,-7.6295,13.9401,7.66,NIFTY2610625950PE,25950,80.3,24470,-0.4028,0.0014,-7.6295,13.9401,7.66
15:29:21,25968.05,26133.0,26132.2,26136.3,26132.2,71.1,True,26090.78,25960.66,25952.14,0.8,True,25950,0.75,1137233,847660,NIFTY2610625950CE,25950,147,25880,0.5972,0.0014,-7.6295,13.9401,7.66,NIFTY2610625950PE,25950,80.5,24470,-0.4028,0.0014,-7.6295,13.9401,7.66
15:29:24,25969.2,26135.0,26132.2,26137.1,26132.2,71.7,True,26090.82,25961.05,25952.31,2.8,True,25950,0.75,1137233,847660,NIFTY2610625950CE,25950,146.95,25880,0.5972,0.0014,-7.6295,13.9401,7.66,NIFTY2610625950PE,25950,80.15,24470,-0.4028,0.0014,-7.6295,13.9401,7.66
15:29:26,25973.05,26136.6,26132.2,26137.1,26132.2,73.5,True,26090.85,25962.33,25952.86,4.4,True,25950,0.75,1137233,847660,NIFTY2610625950CE,25950,147.3,25880,0.5972,0.0014,-7.6295,13.9401,7.66,NIFTY2610625950PE,25950,80.2,24470,-0.4028,0.0014,-7.6295,13.9401,7.66
15:29:29,25965.3,26135.0,26132.2,26137.1,26132.2,68.2,True,26090.87,25959.75,25951.75,2.8,True,25950,0.75,1137233,847660,NIFTY2610625950CE,25950,147.25,25880,0.5972,0.0014,-7.6295,13.9401,7.66,NIFTY2610625950PE,25950,79.9,24470,-0.4028,0.0014,-7.6295,13.9401,7.66
15:29:31,25969.35,26136.1,26132.2,26137.1,26132.2,71.7,True,26090.89,25961.1,25952.33,3.9,True,25950,0.75,1137233,847660,NIFTY2610625950CE,25950,147.55,25880,0.5971,0.0014,-7.652,13.9406,7.68,NIFTY2610625950PE,25950,79.95,24470,-0.4029,0.0014,-7.652,13.9406,7.68
15:29:35,25967.85,26136.0,26132.2,26137.1,26132.2,71.0,True,26090.91,25960.6,25952.11,3.8,True,25950,0.75,1137233,847660,NIFTY2610625950CE,25950,147.05,25880,0.5971,0.0014,-7.652,13.9406,7.68,NIFTY2610625950PE,25950,80.4,24470,-0.4029,0.0014,-7.652,13.9406,7.68
15:29:37,25973.2,26134.2,26132.2,26137.1,26132.2,73.5,True,26090.93,25962.38,25952.88,2.0,True,25950,0.75,1137233,847660,NIFTY2610625950CE,25950,147.6,25880,0.5971,0.0014,-7.652,13.9406,7.68,NIFTY2610625950PE,25950,80.4,24470,-0.4029,0.0014,-7.652,13.9406,7.68
15:29:40,25969.3,26134.9,26132.2,26137.1,26132.2,71.7,True,26090.95,25961.08,25952.32,2.7,True,25950,0.75,1137233,847660,NIFTY2610625950CE,25950,147.05,25880,0.5971,0.0014,-7.652,13.9406,7.68,NIFTY2610625950PE,25950,80.95,24470,-0.4029,0.0014,-7.652,13.9406,7.68
15:29:43,25970.4,26135.0,26132.2,26137.1,26132.2,72.2,True,26090.96,25961.45,25952.48,2.8,True,25950,0.75,1137233,847660,NIFTY2610625950CE,25950,147.25,25880,0.5966,0.0014,-7.6836,13.9449,7.71,NIFTY2610625950PE,25950,80.9,24470,-0.4034,0.0014,-7.6836,13.9449,7.71
15:29:47,25973.6,26138.0,26132.2,26138.0,26132.2,73.7,True,26091.04,25962.51,25952.93,5.8,True,25950,0.75,1137233,847660,NIFTY2610625950CE,25950,147.05,25880,0.5966,0.0014,-7.6836,13.9449,7.71,NIFTY2610625950PE,25950,82,24470,-0.4034,0.0014,-7.6836,13.9449,7.71
15:29:50,25970.55,26136.2,26132.2,26138.0,26132.2,72.3,True,26091.06,25961.5,25952.5,4.0,True,25950,0.74,1138359,847442,NIFTY2610625950CE,25950,148,25880,0.5966,0.0014,-7.6836,13.9449,7.71,NIFTY2610625950PE,25950,81.25,24470,-0.4034,0.0014,-7.6836,13.9449,7.71
15:29:54,25970.55,26136.2,26132.2,26138.0,26132.2,72.3,True,26091.06,25961.5,25952.5,4.0,True,25950,0.74,1138359,847442,NIFTY2610625950CE,25950,148,25880,0.5965,0.0014,-7.738,13.9456,7.77,NIFTY2610625950PE,25950,81.25,24470,-0.4035,0.0014,-7.738,13.9456,7.77
15:29:57,25970.55,26136.2,26132.2,26138.0,26132.2,72.3,True,26091.06,25961.5,25952.5,4.0,True,25950,0.74,1138359,847442,NIFTY2610625950CE,25950,148,25880,0.5965,0.0014,-7.738,13.9456,7.77,NIFTY2610625950PE,25950,81.25,24470,-0.4035,0.0014,-7.738,13.9456,7.77
